{
    "image_id": "0-1671710284535_edit_9480934138135.jpg",
    "annotations": [
        {
            "category": "熟柿子",
            "bbox": [
                16.999835,
                214.00034399999998,
                184.00001,
                173.999772
            ],
            "caption": "当您发现半熟柿子的颜色逐渐加深，质地也变得更加柔软时，就可以开始采摘了。\n尽量保持对细节的关注，即使是微小的变化也可能影响到最终的采摘效果。\n如果半熟柿子的颜色和质地都表明它已经成熟，那么就可以放心地采摘了。"
        },
        {
            "category": "熟柿子",
            "bbox": [
                207.999815,
                187.999771,
                185.00019000000003,
                167.99998799999997
            ],
            "caption": "当您发现半熟柿子的颜色逐渐加深，质地也变得更加柔软时，就可以开始采摘了。\n尽量保持对细节的关注，即使是微小的变化也可能影响到最终的采摘效果。\n如果半熟柿子的颜色和质地都表明它已经成熟，那么就可以放心地采摘了。"
        },
        {
            "category": "熟柿子",
            "bbox": [
                176.000075,
                1.0002155000000021,
                163.99984999999995,
                159.999773
            ],
            "caption": "当您发现半熟柿子的颜色逐渐加深，质地也变得更加柔软时，就可以开始采摘了。\n尽量保持对细节的关注，即使是微小的变化也可能影响到最终的采摘效果。\n如果半熟柿子的颜色和质地都表明它已经成熟，那么就可以放心地采摘了。"
        }
    ]
}