{
    "image_id": "01_0501_164843.jpg",
    "annotations": [
        {
            "category": "半熟桃子",
            "bbox": [
                272.0,
                371.0,
                163.0,
                198.0
            ],
            "caption": "对于那些颜色特别鲜艳的未熟绿色桃子，可以优先考虑作为礼品包装出售。\n当您发现半熟桃子的颜色和质地都符合预期标准时，就可以准备采摘了。\n对于那些颜色特别鲜艳的未熟绿色桃子，可以考虑用作展示品或礼品包装。"
        },
        {
            "category": "全熟桃子",
            "bbox": [
                628.0,
                63.999999999999986,
                194.0,
                225.0
            ],
            "caption": "对于那些颜色特别鲜艳的未熟绿色桃子，可以优先考虑作为礼品包装出售。\n当您发现半熟桃子的颜色和质地都符合预期标准时，就可以准备采摘了。\n对于那些颜色特别鲜艳的未熟绿色桃子，可以考虑用作展示品或礼品包装。"
        },
        {
            "category": "半熟桃子",
            "bbox": [
                441.0,
                223.0,
                193.0,
                179.0
            ],
            "caption": "对于那些颜色特别鲜艳的未熟绿色桃子，可以优先考虑作为礼品包装出售。\n当您发现半熟桃子的颜色和质地都符合预期标准时，就可以准备采摘了。\n对于那些颜色特别鲜艳的未熟绿色桃子，可以考虑用作展示品或礼品包装。"
        }
    ]
}