{
    "image_id": "01_0501_164841.jpg",
    "annotations": [
        {
            "category": "全熟桃子",
            "bbox": [
                601.0,
                55.00000000000001,
                200.0,
                206.0
            ],
            "caption": "分批采摘，先摘那些最成熟的半熟桃子，给其他时间让它们继续发育。\n当您发现未熟绿色桃子的颜色和气味都表明其成熟时，就是采摘的最佳时刻。\n在果园巡查时，请优先摘取那些完全成熟、颜色鲜艳且轻轻一碰就会自然掉落的未熟绿色桃子。"
        },
        {
            "category": "半熟桃子",
            "bbox": [
                342.0,
                455.00000000000006,
                188.0,
                259.99999999999994
            ],
            "caption": "分批采摘，先摘那些最成熟的半熟桃子，给其他时间让它们继续发育。\n当您发现未熟绿色桃子的颜色和气味都表明其成熟时，就是采摘的最佳时刻。\n在果园巡查时，请优先摘取那些完全成熟、颜色鲜艳且轻轻一碰就会自然掉落的未熟绿色桃子。"
        },
        {
            "category": "半熟桃子",
            "bbox": [
                343.0,
                229.99999999999997,
                197.0,
                201.00000000000003
            ],
            "caption": "分批采摘，先摘那些最成熟的半熟桃子，给其他时间让它们继续发育。\n当您发现未熟绿色桃子的颜色和气味都表明其成熟时，就是采摘的最佳时刻。\n在果园巡查时，请优先摘取那些完全成熟、颜色鲜艳且轻轻一碰就会自然掉落的未熟绿色桃子。"
        }
    ]
}