{
    "image_id": "01_0605_163710.jpg",
    "annotations": [
        {
            "category": "青柿子",
            "bbox": [
                619.0,
                241.99999999999997,
                351.0,
                339.0
            ],
            "caption": "在采摘之前，请先确认全熟桃子是否已经达到了理想的成熟度，比如颜色是否足够鲜艳、质地是否适当软化等。\n尽量采用现代化的设备和技术，如无人机监测或智能采摘机器人，精准地采摘这些成熟的全熟桃子，提高采摘效率的同时减少对未成熟全熟桃子的影响。\n在采摘未熟绿色桃子时，确保工作环境整洁，避免对作物造成不必要的污染。\n检查每个半熟桃子的颜色、质地和气味，这些都是判断其是否成熟的良好指标；对于那些不确定的半熟桃子，可以稍后再做决定。"
        },
        {
            "category": "青柿子",
            "bbox": [
                504.0,
                174.0,
                125.0,
                263.0
            ],
            "caption": "在采摘之前，请先确认全熟桃子是否已经达到了理想的成熟度，比如颜色是否足够鲜艳、质地是否适当软化等。\n尽量采用现代化的设备和技术，如无人机监测或智能采摘机器人，精准地采摘这些成熟的全熟桃子，提高采摘效率的同时减少对未成熟全熟桃子的影响。\n在采摘未熟绿色桃子时，确保工作环境整洁，避免对作物造成不必要的污染。\n检查每个半熟桃子的颜色、质地和气味，这些都是判断其是否成熟的良好指标；对于那些不确定的半熟桃子，可以稍后再做决定。"
        },
        {
            "category": "半熟桃子",
            "bbox": [
                955.0,
                362.0,
                67.0,
                186.0
            ],
            "caption": "在采摘之前，请先确认全熟桃子是否已经达到了理想的成熟度，比如颜色是否足够鲜艳、质地是否适当软化等。\n尽量采用现代化的设备和技术，如无人机监测或智能采摘机器人，精准地采摘这些成熟的全熟桃子，提高采摘效率的同时减少对未成熟全熟桃子的影响。\n在采摘未熟绿色桃子时，确保工作环境整洁，避免对作物造成不必要的污染。\n检查每个半熟桃子的颜色、质地和气味，这些都是判断其是否成熟的良好指标；对于那些不确定的半熟桃子，可以稍后再做决定。"
        },
        {
            "category": "全熟桃子",
            "bbox": [
                454.0,
                114.0,
                108.0,
                228.0
            ],
            "caption": "在采摘之前，请先确认全熟桃子是否已经达到了理想的成熟度，比如颜色是否足够鲜艳、质地是否适当软化等。\n尽量采用现代化的设备和技术，如无人机监测或智能采摘机器人，精准地采摘这些成熟的全熟桃子，提高采摘效率的同时减少对未成熟全熟桃子的影响。\n在采摘未熟绿色桃子时，确保工作环境整洁，避免对作物造成不必要的污染。\n检查每个半熟桃子的颜色、质地和气味，这些都是判断其是否成熟的良好指标；对于那些不确定的半熟桃子，可以稍后再做决定。"
        }
    ]
}