{
    "image_id": "01_0530_153715.jpg",
    "annotations": [
        {
            "category": "全熟桃子",
            "bbox": [
                418.0,
                49.99999999999997,
                351.0,
                387.0
            ],
            "caption": "当您注意到半熟桃子的颜色变得非常吸引人时，这是采摘的好时机。\n检查每个未熟绿色桃子的颜色、质地和气味，这些都是判断其是否成熟的良好指标；对于那些不确定的未熟绿色桃子，可以稍后再做决定。\n在采摘未熟绿色桃子时，确保工作环境整洁，避免对作物造成不必要的污染。\n当您发现半熟桃子的颜色和质地都表现出良好的成熟特征时，就可以准备采摘了。"
        },
        {
            "category": "半熟桃子",
            "bbox": [
                662.0,
                39.0,
                105.0,
                77.0
            ],
            "caption": "当您注意到半熟桃子的颜色变得非常吸引人时，这是采摘的好时机。\n检查每个未熟绿色桃子的颜色、质地和气味，这些都是判断其是否成熟的良好指标；对于那些不确定的未熟绿色桃子，可以稍后再做决定。\n在采摘未熟绿色桃子时，确保工作环境整洁，避免对作物造成不必要的污染。\n当您发现半熟桃子的颜色和质地都表现出良好的成熟特征时，就可以准备采摘了。"
        },
        {
            "category": "半熟桃子",
            "bbox": [
                504.0,
                344.99999999999994,
                326.0,
                268.99999999999994
            ],
            "caption": "当您注意到半熟桃子的颜色变得非常吸引人时，这是采摘的好时机。\n检查每个未熟绿色桃子的颜色、质地和气味，这些都是判断其是否成熟的良好指标；对于那些不确定的未熟绿色桃子，可以稍后再做决定。\n在采摘未熟绿色桃子时，确保工作环境整洁，避免对作物造成不必要的污染。\n当您发现半熟桃子的颜色和质地都表现出良好的成熟特征时，就可以准备采摘了。"
        },
        {
            "category": "全熟桃子",
            "bbox": [
                913.0,
                174.0,
                45.0,
                51.0
            ],
            "caption": "当您注意到半熟桃子的颜色变得非常吸引人时，这是采摘的好时机。\n检查每个未熟绿色桃子的颜色、质地和气味，这些都是判断其是否成熟的良好指标；对于那些不确定的未熟绿色桃子，可以稍后再做决定。\n在采摘未熟绿色桃子时，确保工作环境整洁，避免对作物造成不必要的污染。\n当您发现半熟桃子的颜色和质地都表现出良好的成熟特征时，就可以准备采摘了。"
        }
    ]
}