{
    "image_id": "01_0501_164748.jpg",
    "annotations": [
        {
            "category": "半熟桃子",
            "bbox": [
                367.0,
                377.0,
                192.0,
                192.0
            ],
            "caption": "在采摘未熟绿色桃子时，请确保每个果实都得到细致的检查。\n在采摘未熟绿色桃子时，请使用专用的手套以保护果实表皮不受损伤。\n分批采摘，先摘那些最成熟的半熟桃子，给其他时间让它们继续发育。\n当您发现未熟绿色桃子的颜色逐渐加深，质地也变得更加柔软时，就可以开始采摘了。"
        },
        {
            "category": "半熟桃子",
            "bbox": [
                787.0,
                169.0,
                119.0,
                224.99999999999994
            ],
            "caption": "在采摘未熟绿色桃子时，请确保每个果实都得到细致的检查。\n在采摘未熟绿色桃子时，请使用专用的手套以保护果实表皮不受损伤。\n分批采摘，先摘那些最成熟的半熟桃子，给其他时间让它们继续发育。\n当您发现未熟绿色桃子的颜色逐渐加深，质地也变得更加柔软时，就可以开始采摘了。"
        },
        {
            "category": "全熟桃子",
            "bbox": [
                471.0,
                121.0,
                370.0,
                337.0
            ],
            "caption": "在采摘未熟绿色桃子时，请确保每个果实都得到细致的检查。\n在采摘未熟绿色桃子时，请使用专用的手套以保护果实表皮不受损伤。\n分批采摘，先摘那些最成熟的半熟桃子，给其他时间让它们继续发育。\n当您发现未熟绿色桃子的颜色逐渐加深，质地也变得更加柔软时，就可以开始采摘了。"
        },
        {
            "category": "半熟桃子",
            "bbox": [
                353.0,
                572.0,
                132.0,
                81.99999999999989
            ],
            "caption": "在采摘未熟绿色桃子时，请确保每个果实都得到细致的检查。\n在采摘未熟绿色桃子时，请使用专用的手套以保护果实表皮不受损伤。\n分批采摘，先摘那些最成熟的半熟桃子，给其他时间让它们继续发育。\n当您发现未熟绿色桃子的颜色逐渐加深，质地也变得更加柔软时，就可以开始采摘了。"
        }
    ]
}