{
    "image_id": "01_0611_163322.jpg",
    "annotations": [
        {
            "category": "青柿子",
            "bbox": [
                345.0,
                188.0,
                147.0,
                247.99999999999994
            ],
            "caption": "当您注意到全熟桃子的颜色变得非常吸引人时，这是采摘的好时机。\n请确保所有采摘全熟桃子的人员都经过了专业培训。\n在采摘全熟桃子时，请确保所有采摘工具都已消毒。\n对于那些颜色和质地都表现出成熟特征的全熟桃子，可以考虑提前采摘。"
        },
        {
            "category": "青柿子",
            "bbox": [
                442.0,
                155.0,
                362.0,
                355.99999999999994
            ],
            "caption": "当您注意到全熟桃子的颜色变得非常吸引人时，这是采摘的好时机。\n请确保所有采摘全熟桃子的人员都经过了专业培训。\n在采摘全熟桃子时，请确保所有采摘工具都已消毒。\n对于那些颜色和质地都表现出成熟特征的全熟桃子，可以考虑提前采摘。"
        },
        {
            "category": "青柿子",
            "bbox": [
                446.0,
                456.99999999999994,
                286.0,
                293.00000000000006
            ],
            "caption": "当您注意到全熟桃子的颜色变得非常吸引人时，这是采摘的好时机。\n请确保所有采摘全熟桃子的人员都经过了专业培训。\n在采摘全熟桃子时，请确保所有采摘工具都已消毒。\n对于那些颜色和质地都表现出成熟特征的全熟桃子，可以考虑提前采摘。"
        },
        {
            "category": "青柿子",
            "bbox": [
                711.0,
                389.0,
                109.0,
                141.0
            ],
            "caption": "当您注意到全熟桃子的颜色变得非常吸引人时，这是采摘的好时机。\n请确保所有采摘全熟桃子的人员都经过了专业培训。\n在采摘全熟桃子时，请确保所有采摘工具都已消毒。\n对于那些颜色和质地都表现出成熟特征的全熟桃子，可以考虑提前采摘。"
        }
    ]
}