{
    "image_id": "01_0605_162116.jpg",
    "annotations": [
        {
            "category": "全熟桃子",
            "bbox": [
                473.0,
                289.0,
                330.0,
                388.0
            ],
            "caption": "保持一定的节奏和效率很重要，但也不要因为急于求成而忽视了对每个半熟桃子的细致检查。\n清理一下周围环境，移除任何可能妨碍工作的障碍物；这样可以让你更高效地采摘到成熟的半熟桃子。"
        },
        {
            "category": "全熟桃子",
            "bbox": [
                421.0,
                0.0,
                342.0,
                307.0
            ],
            "caption": "保持一定的节奏和效率很重要，但也不要因为急于求成而忽视了对每个半熟桃子的细致检查。\n清理一下周围环境，移除任何可能妨碍工作的障碍物；这样可以让你更高效地采摘到成熟的半熟桃子。"
        }
    ]
}