{
    "image_id": "01_0530_153828.jpg",
    "annotations": [
        {
            "category": "全熟桃子",
            "bbox": [
                526.0,
                287.99999999999994,
                316.0,
                343.99999999999994
            ],
            "caption": "如果发现半熟桃子周围有鸟类活动，请及时采取措施防止它们啄食。\n在采摘未熟绿色桃子时，确保所有采摘下来的果实都被妥善处理和储存。\n对于那些生长在树冠下层的半熟桃子，可以考虑使用长臂剪刀进行安全采摘。\n在采摘半熟桃子时，确保所有采摘下来的果实都被妥善处理和储存。"
        },
        {
            "category": "半熟桃子",
            "bbox": [
                710.0,
                198.0,
                237.0,
                185.0
            ],
            "caption": "如果发现半熟桃子周围有鸟类活动，请及时采取措施防止它们啄食。\n在采摘未熟绿色桃子时，确保所有采摘下来的果实都被妥善处理和储存。\n对于那些生长在树冠下层的半熟桃子，可以考虑使用长臂剪刀进行安全采摘。\n在采摘半熟桃子时，确保所有采摘下来的果实都被妥善处理和储存。"
        },
        {
            "category": "全熟桃子",
            "bbox": [
                549.0,
                0.0,
                385.0,
                285.0
            ],
            "caption": "如果发现半熟桃子周围有鸟类活动，请及时采取措施防止它们啄食。\n在采摘未熟绿色桃子时，确保所有采摘下来的果实都被妥善处理和储存。\n对于那些生长在树冠下层的半熟桃子，可以考虑使用长臂剪刀进行安全采摘。\n在采摘半熟桃子时，确保所有采摘下来的果实都被妥善处理和储存。"
        },
        {
            "category": "全熟桃子",
            "bbox": [
                335.0,
                0.0,
                243.0,
                268.0
            ],
            "caption": "如果发现半熟桃子周围有鸟类活动，请及时采取措施防止它们啄食。\n在采摘未熟绿色桃子时，确保所有采摘下来的果实都被妥善处理和储存。\n对于那些生长在树冠下层的半熟桃子，可以考虑使用长臂剪刀进行安全采摘。\n在采摘半熟桃子时，确保所有采摘下来的果实都被妥善处理和储存。"
        }
    ]
}