{
    "image_id": "01_0605_163035.jpg",
    "annotations": [
        {
            "category": "半熟桃子",
            "bbox": [
                635.0,
                141.0,
                303.0,
                299.0
            ],
            "caption": "在采摘未熟绿色桃子之前，确保所有必要的工具都已经准备好并且处于良好状态。\n对于那些生长在树冠下层的半熟桃子，可以考虑使用长臂剪刀进行安全采摘。\n对于那些颜色和质地都表现出成熟特征的未熟绿色桃子，可以优先考虑用于鲜食市场。\n对于那些颜色和质地都表现出成熟特征的半熟桃子，可以优先考虑用于快速销售。"
        },
        {
            "category": "全熟桃子",
            "bbox": [
                240.0,
                550.0,
                142.0,
                142.0
            ],
            "caption": "在采摘未熟绿色桃子之前，确保所有必要的工具都已经准备好并且处于良好状态。\n对于那些生长在树冠下层的半熟桃子，可以考虑使用长臂剪刀进行安全采摘。\n对于那些颜色和质地都表现出成熟特征的未熟绿色桃子，可以优先考虑用于鲜食市场。\n对于那些颜色和质地都表现出成熟特征的半熟桃子，可以优先考虑用于快速销售。"
        },
        {
            "category": "半熟桃子",
            "bbox": [
                211.0,
                698.0,
                143.0,
                68.0
            ],
            "caption": "在采摘未熟绿色桃子之前，确保所有必要的工具都已经准备好并且处于良好状态。\n对于那些生长在树冠下层的半熟桃子，可以考虑使用长臂剪刀进行安全采摘。\n对于那些颜色和质地都表现出成熟特征的未熟绿色桃子，可以优先考虑用于鲜食市场。\n对于那些颜色和质地都表现出成熟特征的半熟桃子，可以优先考虑用于快速销售。"
        },
        {
            "category": "全熟桃子",
            "bbox": [
                0.0,
                594.0,
                62.0,
                123.0
            ],
            "caption": "在采摘未熟绿色桃子之前，确保所有必要的工具都已经准备好并且处于良好状态。\n对于那些生长在树冠下层的半熟桃子，可以考虑使用长臂剪刀进行安全采摘。\n对于那些颜色和质地都表现出成熟特征的未熟绿色桃子，可以优先考虑用于鲜食市场。\n对于那些颜色和质地都表现出成熟特征的半熟桃子，可以优先考虑用于快速销售。"
        }
    ]
}