{
    "image_id": "01_0611_163435.jpg",
    "annotations": [
        {
            "category": "青柿子",
            "bbox": [
                452.0,
                348.99999999999994,
                456.0,
                417.00000000000006
            ],
            "caption": "在采摘全熟桃子时，请确保所有采摘下的果实都放置在阴凉处。\n对于那些颜色和质地都表现出良好特征的半熟桃子，可以优先考虑用于加工。\n在采摘全熟桃子时，确保所有采摘下来的果实都被妥善处理和储存。\n对于那些生长在复杂地形或特殊位置的半熟桃子，可能需要额外的帮助或工具才能顺利采摘。\n对于那些颜色已经开始转变但还未完全成熟的半熟桃子，可以在几天后再次检查。\n对于那些颜色和质地都表现出成熟特征的全熟桃子，可以优先考虑用于直接销售给消费者。\n当您发现全熟桃子的颜色和质地都达到了理想状态时，就可以准备采摘了。"
        },
        {
            "category": "全熟桃子",
            "bbox": [
                58.0,
                408.0,
                144.0,
                132.0
            ],
            "caption": "在采摘全熟桃子时，请确保所有采摘下的果实都放置在阴凉处。\n对于那些颜色和质地都表现出良好特征的半熟桃子，可以优先考虑用于加工。\n在采摘全熟桃子时，确保所有采摘下来的果实都被妥善处理和储存。\n对于那些生长在复杂地形或特殊位置的半熟桃子，可能需要额外的帮助或工具才能顺利采摘。\n对于那些颜色已经开始转变但还未完全成熟的半熟桃子，可以在几天后再次检查。\n对于那些颜色和质地都表现出成熟特征的全熟桃子，可以优先考虑用于直接销售给消费者。\n当您发现全熟桃子的颜色和质地都达到了理想状态时，就可以准备采摘了。"
        },
        {
            "category": "青柿子",
            "bbox": [
                632.0,
                323.0,
                112.0,
                43.0
            ],
            "caption": "在采摘全熟桃子时，请确保所有采摘下的果实都放置在阴凉处。\n对于那些颜色和质地都表现出良好特征的半熟桃子，可以优先考虑用于加工。\n在采摘全熟桃子时，确保所有采摘下来的果实都被妥善处理和储存。\n对于那些生长在复杂地形或特殊位置的半熟桃子，可能需要额外的帮助或工具才能顺利采摘。\n对于那些颜色已经开始转变但还未完全成熟的半熟桃子，可以在几天后再次检查。\n对于那些颜色和质地都表现出成熟特征的全熟桃子，可以优先考虑用于直接销售给消费者。\n当您发现全熟桃子的颜色和质地都达到了理想状态时，就可以准备采摘了。"
        },
        {
            "category": "全熟桃子",
            "bbox": [
                157.0,
                596.0,
                153.0,
                143.0
            ],
            "caption": "在采摘全熟桃子时，请确保所有采摘下的果实都放置在阴凉处。\n对于那些颜色和质地都表现出良好特征的半熟桃子，可以优先考虑用于加工。\n在采摘全熟桃子时，确保所有采摘下来的果实都被妥善处理和储存。\n对于那些生长在复杂地形或特殊位置的半熟桃子，可能需要额外的帮助或工具才能顺利采摘。\n对于那些颜色已经开始转变但还未完全成熟的半熟桃子，可以在几天后再次检查。\n对于那些颜色和质地都表现出成熟特征的全熟桃子，可以优先考虑用于直接销售给消费者。\n当您发现全熟桃子的颜色和质地都达到了理想状态时，就可以准备采摘了。"
        },
        {
            "category": "全熟桃子",
            "bbox": [
                0.0,
                338.0,
                60.0,
                96.0
            ],
            "caption": "在采摘全熟桃子时，请确保所有采摘下的果实都放置在阴凉处。\n对于那些颜色和质地都表现出良好特征的半熟桃子，可以优先考虑用于加工。\n在采摘全熟桃子时，确保所有采摘下来的果实都被妥善处理和储存。\n对于那些生长在复杂地形或特殊位置的半熟桃子，可能需要额外的帮助或工具才能顺利采摘。\n对于那些颜色已经开始转变但还未完全成熟的半熟桃子，可以在几天后再次检查。\n对于那些颜色和质地都表现出成熟特征的全熟桃子，可以优先考虑用于直接销售给消费者。\n当您发现全熟桃子的颜色和质地都达到了理想状态时，就可以准备采摘了。"
        },
        {
            "category": "青柿子",
            "bbox": [
                0.0,
                500.0,
                86.0,
                134.0
            ],
            "caption": "在采摘全熟桃子时，请确保所有采摘下的果实都放置在阴凉处。\n对于那些颜色和质地都表现出良好特征的半熟桃子，可以优先考虑用于加工。\n在采摘全熟桃子时，确保所有采摘下来的果实都被妥善处理和储存。\n对于那些生长在复杂地形或特殊位置的半熟桃子，可能需要额外的帮助或工具才能顺利采摘。\n对于那些颜色已经开始转变但还未完全成熟的半熟桃子，可以在几天后再次检查。\n对于那些颜色和质地都表现出成熟特征的全熟桃子，可以优先考虑用于直接销售给消费者。\n当您发现全熟桃子的颜色和质地都达到了理想状态时，就可以准备采摘了。"
        },
        {
            "category": "青柿子",
            "bbox": [
                196.0,
                36.0,
                445.0,
                393.0
            ],
            "caption": "在采摘全熟桃子时，请确保所有采摘下的果实都放置在阴凉处。\n对于那些颜色和质地都表现出良好特征的半熟桃子，可以优先考虑用于加工。\n在采摘全熟桃子时，确保所有采摘下来的果实都被妥善处理和储存。\n对于那些生长在复杂地形或特殊位置的半熟桃子，可能需要额外的帮助或工具才能顺利采摘。\n对于那些颜色已经开始转变但还未完全成熟的半熟桃子，可以在几天后再次检查。\n对于那些颜色和质地都表现出成熟特征的全熟桃子，可以优先考虑用于直接销售给消费者。\n当您发现全熟桃子的颜色和质地都达到了理想状态时，就可以准备采摘了。"
        }
    ]
}