{
    "image_id": "01_0605_162147.jpg",
    "annotations": [
        {
            "category": "全熟桃子",
            "bbox": [
                412.0,
                256.0,
                259.0,
                254.99999999999994
            ],
            "caption": "请确保所有用于采摘半熟桃子的工具都已消毒，以防止病菌传播。\n对于那些颜色和质地都表现出成熟特征的半熟桃子，可以优先考虑用于制作果汁。"
        },
        {
            "category": "全熟桃子",
            "bbox": [
                309.0,
                0.0,
                262.0,
                130.0
            ],
            "caption": "请确保所有用于采摘半熟桃子的工具都已消毒，以防止病菌传播。\n对于那些颜色和质地都表现出成熟特征的半熟桃子，可以优先考虑用于制作果汁。"
        }
    ]
}