{
    "image_id": "01_0611_163819.jpg",
    "annotations": [
        {
            "category": "全熟桃子",
            "bbox": [
                495.0,
                222.0,
                383.0,
                285.0
            ],
            "caption": "如果发现采摘下来的半熟桃子中有特别大的个体，可以作为展示或宣传用途，提升农场的形象。\n当您发现半熟桃子的颜色和质地都表现出良好的成熟特征时，就可以准备采摘了。\n在采摘半熟桃子时，请确保每个工人负责的区域清晰明确。"
        },
        {
            "category": "全熟桃子",
            "bbox": [
                296.0,
                46.0,
                50.0,
                40.999999999999986
            ],
            "caption": "如果发现采摘下来的半熟桃子中有特别大的个体，可以作为展示或宣传用途，提升农场的形象。\n当您发现半熟桃子的颜色和质地都表现出良好的成熟特征时，就可以准备采摘了。\n在采摘半熟桃子时，请确保每个工人负责的区域清晰明确。"
        },
        {
            "category": "全熟桃子",
            "bbox": [
                278.0,
                88.0,
                65.0,
                71.0
            ],
            "caption": "如果发现采摘下来的半熟桃子中有特别大的个体，可以作为展示或宣传用途，提升农场的形象。\n当您发现半熟桃子的颜色和质地都表现出良好的成熟特征时，就可以准备采摘了。\n在采摘半熟桃子时，请确保每个工人负责的区域清晰明确。"
        }
    ]
}