{
    "image_id": "01_0605_162218.jpg",
    "annotations": [
        {
            "category": "全熟桃子",
            "bbox": [
                729.0,
                706.0,
                141.0,
                60.0
            ],
            "caption": "注意观察半熟桃子的大小，过小的果实可能需要更多时间来成长。\n考虑到不同品种的半熟桃子有不同的成熟特征，可以根据具体情况进行调整，确保每一种都能得到最合适的照顾。"
        },
        {
            "category": "全熟桃子",
            "bbox": [
                505.0,
                121.99999999999997,
                336.0,
                366.0
            ],
            "caption": "注意观察半熟桃子的大小，过小的果实可能需要更多时间来成长。\n考虑到不同品种的半熟桃子有不同的成熟特征，可以根据具体情况进行调整，确保每一种都能得到最合适的照顾。"
        }
    ]
}