{
    "image_id": "01_0530_153116.jpg",
    "annotations": [
        {
            "category": "半熟桃子",
            "bbox": [
                512.0,
                313.0,
                311.0,
                283.0
            ],
            "caption": "当您发现未熟绿色桃子的颜色和质地都达到了理想状态时，就可以准备采摘了。\n当发现有部分未熟绿色桃子已经开始变黄但顶端还是绿色的话，现在还不是最佳采摘时机；等到整串未熟绿色桃子都变成金黄色再行动。"
        },
        {
            "category": "半熟桃子",
            "bbox": [
                801.0,
                199.99999999999997,
                42.0,
                48.0
            ],
            "caption": "当您发现未熟绿色桃子的颜色和质地都达到了理想状态时，就可以准备采摘了。\n当发现有部分未熟绿色桃子已经开始变黄但顶端还是绿色的话，现在还不是最佳采摘时机；等到整串未熟绿色桃子都变成金黄色再行动。"
        }
    ]
}