{
    "image_id": "01_0501_164812.jpg",
    "annotations": [
        {
            "category": "半熟桃子",
            "bbox": [
                333.0,
                114.99999999999999,
                246.0,
                317.99999999999994
            ],
            "caption": "对于那些颜色和质地都表现出成熟特征的未熟绿色桃子，可以优先考虑用于制作果冻。\n对于生长在树冠下层的未熟绿色桃子，建议使用长臂工具进行安全采摘。"
        },
        {
            "category": "半熟桃子",
            "bbox": [
                330.0,
                350.0,
                229.0,
                261.9999999999999
            ],
            "caption": "对于那些颜色和质地都表现出成熟特征的未熟绿色桃子，可以优先考虑用于制作果冻。\n对于生长在树冠下层的未熟绿色桃子，建议使用长臂工具进行安全采摘。"
        }
    ]
}