{
    "image_id": "01_0605_162144.jpg",
    "annotations": [
        {
            "category": "全熟桃子",
            "bbox": [
                752.0,
                45.0,
                143.0,
                142.0
            ],
            "caption": "如果发现采摘下来的半熟桃子中有次品，应单独放置，以便后续处理或加工利用。\n摘取半熟桃子时，避免用力过猛以免对果实造成不必要的伤害。\n如果发现采摘下来的半熟桃子中有特别大的个体，可以作为展示或宣传用途，提升农场的形象。\n请确保所有采摘下来的半熟桃子都被妥善存放，避免日晒雨淋，以延长其新鲜度和保存期限。\n对于那些颜色和质地都表现出良好特征的半熟桃子，可以优先考虑用于特殊用途。\n在采摘前，先了解当天的天气预报，选择适宜的时间进行作业。\n当您发现半熟桃子的颜色和质地都达到了理想状态时，就可以准备采摘了。\n在采摘半熟桃子时，确保所有采摘下来的果实都被妥善处理和储存。"
        },
        {
            "category": "全熟桃子",
            "bbox": [
                391.0,
                208.0,
                296.0,
                287.99999999999994
            ],
            "caption": "如果发现采摘下来的半熟桃子中有次品，应单独放置，以便后续处理或加工利用。\n摘取半熟桃子时，避免用力过猛以免对果实造成不必要的伤害。\n如果发现采摘下来的半熟桃子中有特别大的个体，可以作为展示或宣传用途，提升农场的形象。\n请确保所有采摘下来的半熟桃子都被妥善存放，避免日晒雨淋，以延长其新鲜度和保存期限。\n对于那些颜色和质地都表现出良好特征的半熟桃子，可以优先考虑用于特殊用途。\n在采摘前，先了解当天的天气预报，选择适宜的时间进行作业。\n当您发现半熟桃子的颜色和质地都达到了理想状态时，就可以准备采摘了。\n在采摘半熟桃子时，确保所有采摘下来的果实都被妥善处理和储存。"
        },
        {
            "category": "全熟桃子",
            "bbox": [
                539.0,
                44.99999999999999,
                67.0,
                79.0
            ],
            "caption": "如果发现采摘下来的半熟桃子中有次品，应单独放置，以便后续处理或加工利用。\n摘取半熟桃子时，避免用力过猛以免对果实造成不必要的伤害。\n如果发现采摘下来的半熟桃子中有特别大的个体，可以作为展示或宣传用途，提升农场的形象。\n请确保所有采摘下来的半熟桃子都被妥善存放，避免日晒雨淋，以延长其新鲜度和保存期限。\n对于那些颜色和质地都表现出良好特征的半熟桃子，可以优先考虑用于特殊用途。\n在采摘前，先了解当天的天气预报，选择适宜的时间进行作业。\n当您发现半熟桃子的颜色和质地都达到了理想状态时，就可以准备采摘了。\n在采摘半熟桃子时，确保所有采摘下来的果实都被妥善处理和储存。"
        },
        {
            "category": "全熟桃子",
            "bbox": [
                211.0,
                111.0,
                68.0,
                84.0
            ],
            "caption": "如果发现采摘下来的半熟桃子中有次品，应单独放置，以便后续处理或加工利用。\n摘取半熟桃子时，避免用力过猛以免对果实造成不必要的伤害。\n如果发现采摘下来的半熟桃子中有特别大的个体，可以作为展示或宣传用途，提升农场的形象。\n请确保所有采摘下来的半熟桃子都被妥善存放，避免日晒雨淋，以延长其新鲜度和保存期限。\n对于那些颜色和质地都表现出良好特征的半熟桃子，可以优先考虑用于特殊用途。\n在采摘前，先了解当天的天气预报，选择适宜的时间进行作业。\n当您发现半熟桃子的颜色和质地都达到了理想状态时，就可以准备采摘了。\n在采摘半熟桃子时，确保所有采摘下来的果实都被妥善处理和储存。"
        },
        {
            "category": "全熟桃子",
            "bbox": [
                668.0,
                26.000000000000004,
                91.0,
                112.0
            ],
            "caption": "如果发现采摘下来的半熟桃子中有次品，应单独放置，以便后续处理或加工利用。\n摘取半熟桃子时，避免用力过猛以免对果实造成不必要的伤害。\n如果发现采摘下来的半熟桃子中有特别大的个体，可以作为展示或宣传用途，提升农场的形象。\n请确保所有采摘下来的半熟桃子都被妥善存放，避免日晒雨淋，以延长其新鲜度和保存期限。\n对于那些颜色和质地都表现出良好特征的半熟桃子，可以优先考虑用于特殊用途。\n在采摘前，先了解当天的天气预报，选择适宜的时间进行作业。\n当您发现半熟桃子的颜色和质地都达到了理想状态时，就可以准备采摘了。\n在采摘半熟桃子时，确保所有采摘下来的果实都被妥善处理和储存。"
        },
        {
            "category": "半熟桃子",
            "bbox": [
                800.0,
                0.0,
                92.0,
                69.0
            ],
            "caption": "如果发现采摘下来的半熟桃子中有次品，应单独放置，以便后续处理或加工利用。\n摘取半熟桃子时，避免用力过猛以免对果实造成不必要的伤害。\n如果发现采摘下来的半熟桃子中有特别大的个体，可以作为展示或宣传用途，提升农场的形象。\n请确保所有采摘下来的半熟桃子都被妥善存放，避免日晒雨淋，以延长其新鲜度和保存期限。\n对于那些颜色和质地都表现出良好特征的半熟桃子，可以优先考虑用于特殊用途。\n在采摘前，先了解当天的天气预报，选择适宜的时间进行作业。\n当您发现半熟桃子的颜色和质地都达到了理想状态时，就可以准备采摘了。\n在采摘半熟桃子时，确保所有采摘下来的果实都被妥善处理和储存。"
        },
        {
            "category": "全熟桃子",
            "bbox": [
                642.0,
                680.0,
                284.0,
                86.0
            ],
            "caption": "如果发现采摘下来的半熟桃子中有次品，应单独放置，以便后续处理或加工利用。\n摘取半熟桃子时，避免用力过猛以免对果实造成不必要的伤害。\n如果发现采摘下来的半熟桃子中有特别大的个体，可以作为展示或宣传用途，提升农场的形象。\n请确保所有采摘下来的半熟桃子都被妥善存放，避免日晒雨淋，以延长其新鲜度和保存期限。\n对于那些颜色和质地都表现出良好特征的半熟桃子，可以优先考虑用于特殊用途。\n在采摘前，先了解当天的天气预报，选择适宜的时间进行作业。\n当您发现半熟桃子的颜色和质地都达到了理想状态时，就可以准备采摘了。\n在采摘半熟桃子时，确保所有采摘下来的果实都被妥善处理和储存。"
        },
        {
            "category": "全熟桃子",
            "bbox": [
                622.0,
                325.0,
                245.0,
                253.0
            ],
            "caption": "如果发现采摘下来的半熟桃子中有次品，应单独放置，以便后续处理或加工利用。\n摘取半熟桃子时，避免用力过猛以免对果实造成不必要的伤害。\n如果发现采摘下来的半熟桃子中有特别大的个体，可以作为展示或宣传用途，提升农场的形象。\n请确保所有采摘下来的半熟桃子都被妥善存放，避免日晒雨淋，以延长其新鲜度和保存期限。\n对于那些颜色和质地都表现出良好特征的半熟桃子，可以优先考虑用于特殊用途。\n在采摘前，先了解当天的天气预报，选择适宜的时间进行作业。\n当您发现半熟桃子的颜色和质地都达到了理想状态时，就可以准备采摘了。\n在采摘半熟桃子时，确保所有采摘下来的果实都被妥善处理和储存。"
        }
    ]
}