{
    "image_id": "01_0530_154133.jpg",
    "annotations": [
        {
            "category": "全熟桃子",
            "bbox": [
                402.0,
                142.99999999999997,
                481.0,
                501.9999999999999
            ],
            "caption": "对于那些颜色鲜艳且表皮光滑无瑕疵的半熟桃子，可以优先考虑用于高端市场。\n在采摘前，先了解当天的天气预报，选择适宜的时间进行作业。"
        },
        {
            "category": "全熟桃子",
            "bbox": [
                272.0,
                0.0,
                337.0,
                275.0
            ],
            "caption": "对于那些颜色鲜艳且表皮光滑无瑕疵的半熟桃子，可以优先考虑用于高端市场。\n在采摘前，先了解当天的天气预报，选择适宜的时间进行作业。"
        }
    ]
}