{
    "image_id": "01_0530_153001.jpg",
    "annotations": [
        {
            "category": "半熟桃子",
            "bbox": [
                529.0,
                220.0,
                351.0,
                431.0
            ],
            "caption": "当您发现未熟绿色桃子的颜色和质地都达到了理想状态时，就可以准备采摘了。\n对于那些颜色特别鲜艳的未熟绿色桃子，可以优先考虑作为礼品包装出售。"
        },
        {
            "category": "半熟桃子",
            "bbox": [
                547.0,
                0.0,
                352.0,
                247.0
            ],
            "caption": "当您发现未熟绿色桃子的颜色和质地都达到了理想状态时，就可以准备采摘了。\n对于那些颜色特别鲜艳的未熟绿色桃子，可以优先考虑作为礼品包装出售。"
        }
    ]
}