{
    "image_id": "01_0605_163053.jpg",
    "annotations": [
        {
            "category": "全熟桃子",
            "bbox": [
                366.0,
                350.0,
                247.0,
                279.0
            ],
            "caption": "当您发现半熟桃子的颜色和质地都达到了理想状态时，就可以准备采摘了。\n使用剪刀或专用工具来摘取半熟桃子，以减少对树枝和其他未成熟果实的潜在损害。"
        },
        {
            "category": "全熟桃子",
            "bbox": [
                596.0,
                310.0,
                320.0,
                296.0
            ],
            "caption": "当您发现半熟桃子的颜色和质地都达到了理想状态时，就可以准备采摘了。\n使用剪刀或专用工具来摘取半熟桃子，以减少对树枝和其他未成熟果实的潜在损害。"
        }
    ]
}