{
    "image_id": "01_0611_163339.jpg",
    "annotations": [
        {
            "category": "青柿子",
            "bbox": [
                183.0,
                37.00000000000001,
                340.0,
                159.99999999999997
            ],
            "caption": "对于那些颜色和质地都表现出成熟特征的全熟桃子，可以考虑提前采摘。\n在采摘全熟桃子时，请确保每次采摘后的果实都被迅速运往冷藏设施。"
        },
        {
            "category": "青柿子",
            "bbox": [
                373.0,
                160.00000000000003,
                546.0,
                526.0
            ],
            "caption": "对于那些颜色和质地都表现出成熟特征的全熟桃子，可以考虑提前采摘。\n在采摘全熟桃子时，请确保每次采摘后的果实都被迅速运往冷藏设施。"
        }
    ]
}