{
    "image_id": "01_0611_162506.jpg",
    "annotations": [
        {
            "category": "全熟桃子",
            "bbox": [
                445.0,
                139.00000000000003,
                377.0,
                427.0
            ],
            "caption": "在采摘半熟桃子时，记得标记好每一批次的采摘日期，方便后续追踪。\n对于那些颜色和质地都表现出良好特征的全熟桃子，可以优先考虑用于特殊用途。\n如果发现采摘下来的半熟桃子中有特别适合加工的个体，可以考虑开发相关的衍生产品。\n注意观察半熟桃子的大小，过小的果实可能需要更多时间来成长。"
        },
        {
            "category": "青柿子",
            "bbox": [
                703.0,
                720.0,
                130.0,
                46.0
            ],
            "caption": "在采摘半熟桃子时，记得标记好每一批次的采摘日期，方便后续追踪。\n对于那些颜色和质地都表现出良好特征的全熟桃子，可以优先考虑用于特殊用途。\n如果发现采摘下来的半熟桃子中有特别适合加工的个体，可以考虑开发相关的衍生产品。\n注意观察半熟桃子的大小，过小的果实可能需要更多时间来成长。"
        },
        {
            "category": "全熟桃子",
            "bbox": [
                51.0,
                680.0,
                44.0,
                41.0
            ],
            "caption": "在采摘半熟桃子时，记得标记好每一批次的采摘日期，方便后续追踪。\n对于那些颜色和质地都表现出良好特征的全熟桃子，可以优先考虑用于特殊用途。\n如果发现采摘下来的半熟桃子中有特别适合加工的个体，可以考虑开发相关的衍生产品。\n注意观察半熟桃子的大小，过小的果实可能需要更多时间来成长。"
        },
        {
            "category": "全熟桃子",
            "bbox": [
                103.0,
                682.0,
                42.0,
                46.0
            ],
            "caption": "在采摘半熟桃子时，记得标记好每一批次的采摘日期，方便后续追踪。\n对于那些颜色和质地都表现出良好特征的全熟桃子，可以优先考虑用于特殊用途。\n如果发现采摘下来的半熟桃子中有特别适合加工的个体，可以考虑开发相关的衍生产品。\n注意观察半熟桃子的大小，过小的果实可能需要更多时间来成长。"
        }
    ]
}