{
    "image_id": "01_0605_162306.jpg",
    "annotations": [
        {
            "category": "全熟桃子",
            "bbox": [
                606.0,
                130.0,
                164.0,
                157.99999999999994
            ],
            "caption": "对于那些生长在陡峭山坡上的半熟桃子，建议使用梯子辅助采摘。\n当您发现半熟桃子的颜色和质地都表现出良好的成熟特征时，就可以准备采摘了。\n在采摘时，尽量采用环保的方式，减少对自然资源的消耗，例如使用可降解材料制作的采摘袋。\n采摘未熟绿色桃子时，尽量让果实连着一小段枝条一起摘下，有助于保持新鲜。\n当您发现半熟桃子的颜色和质地都达到了理想状态时，就可以准备采摘了。\n对于那些颜色和质地都表现出良好特征的半熟桃子，可以优先考虑用于加工。\n对于那些颜色和质地都表现出成熟特征的半熟桃子，可以考虑提前采摘。\n在采摘未熟绿色桃子时，请确保所有工具都是干净无菌的，以避免交叉感染。\n如果未熟绿色桃子的颜色已经达到了理想的状态，但质地还不够软，可以多等几天。"
        },
        {
            "category": "全熟桃子",
            "bbox": [
                476.0,
                241.0,
                327.0,
                260.99999999999994
            ],
            "caption": "对于那些生长在陡峭山坡上的半熟桃子，建议使用梯子辅助采摘。\n当您发现半熟桃子的颜色和质地都表现出良好的成熟特征时，就可以准备采摘了。\n在采摘时，尽量采用环保的方式，减少对自然资源的消耗，例如使用可降解材料制作的采摘袋。\n采摘未熟绿色桃子时，尽量让果实连着一小段枝条一起摘下，有助于保持新鲜。\n当您发现半熟桃子的颜色和质地都达到了理想状态时，就可以准备采摘了。\n对于那些颜色和质地都表现出良好特征的半熟桃子，可以优先考虑用于加工。\n对于那些颜色和质地都表现出成熟特征的半熟桃子，可以考虑提前采摘。\n在采摘未熟绿色桃子时，请确保所有工具都是干净无菌的，以避免交叉感染。\n如果未熟绿色桃子的颜色已经达到了理想的状态，但质地还不够软，可以多等几天。"
        },
        {
            "category": "全熟桃子",
            "bbox": [
                823.0,
                214.99999999999997,
                199.0,
                186.00000000000003
            ],
            "caption": "对于那些生长在陡峭山坡上的半熟桃子，建议使用梯子辅助采摘。\n当您发现半熟桃子的颜色和质地都表现出良好的成熟特征时，就可以准备采摘了。\n在采摘时，尽量采用环保的方式，减少对自然资源的消耗，例如使用可降解材料制作的采摘袋。\n采摘未熟绿色桃子时，尽量让果实连着一小段枝条一起摘下，有助于保持新鲜。\n当您发现半熟桃子的颜色和质地都达到了理想状态时，就可以准备采摘了。\n对于那些颜色和质地都表现出良好特征的半熟桃子，可以优先考虑用于加工。\n对于那些颜色和质地都表现出成熟特征的半熟桃子，可以考虑提前采摘。\n在采摘未熟绿色桃子时，请确保所有工具都是干净无菌的，以避免交叉感染。\n如果未熟绿色桃子的颜色已经达到了理想的状态，但质地还不够软，可以多等几天。"
        },
        {
            "category": "半熟桃子",
            "bbox": [
                579.0,
                566.9999999999999,
                120.0,
                80.00000000000011
            ],
            "caption": "对于那些生长在陡峭山坡上的半熟桃子，建议使用梯子辅助采摘。\n当您发现半熟桃子的颜色和质地都表现出良好的成熟特征时，就可以准备采摘了。\n在采摘时，尽量采用环保的方式，减少对自然资源的消耗，例如使用可降解材料制作的采摘袋。\n采摘未熟绿色桃子时，尽量让果实连着一小段枝条一起摘下，有助于保持新鲜。\n当您发现半熟桃子的颜色和质地都达到了理想状态时，就可以准备采摘了。\n对于那些颜色和质地都表现出良好特征的半熟桃子，可以优先考虑用于加工。\n对于那些颜色和质地都表现出成熟特征的半熟桃子，可以考虑提前采摘。\n在采摘未熟绿色桃子时，请确保所有工具都是干净无菌的，以避免交叉感染。\n如果未熟绿色桃子的颜色已经达到了理想的状态，但质地还不够软，可以多等几天。"
        },
        {
            "category": "全熟桃子",
            "bbox": [
                680.0,
                350.0,
                219.0,
                204.9999999999999
            ],
            "caption": "对于那些生长在陡峭山坡上的半熟桃子，建议使用梯子辅助采摘。\n当您发现半熟桃子的颜色和质地都表现出良好的成熟特征时，就可以准备采摘了。\n在采摘时，尽量采用环保的方式，减少对自然资源的消耗，例如使用可降解材料制作的采摘袋。\n采摘未熟绿色桃子时，尽量让果实连着一小段枝条一起摘下，有助于保持新鲜。\n当您发现半熟桃子的颜色和质地都达到了理想状态时，就可以准备采摘了。\n对于那些颜色和质地都表现出良好特征的半熟桃子，可以优先考虑用于加工。\n对于那些颜色和质地都表现出成熟特征的半熟桃子，可以考虑提前采摘。\n在采摘未熟绿色桃子时，请确保所有工具都是干净无菌的，以避免交叉感染。\n如果未熟绿色桃子的颜色已经达到了理想的状态，但质地还不够软，可以多等几天。"
        },
        {
            "category": "全熟桃子",
            "bbox": [
                765.0,
                221.0,
                71.0,
                98.0
            ],
            "caption": "对于那些生长在陡峭山坡上的半熟桃子，建议使用梯子辅助采摘。\n当您发现半熟桃子的颜色和质地都表现出良好的成熟特征时，就可以准备采摘了。\n在采摘时，尽量采用环保的方式，减少对自然资源的消耗，例如使用可降解材料制作的采摘袋。\n采摘未熟绿色桃子时，尽量让果实连着一小段枝条一起摘下，有助于保持新鲜。\n当您发现半熟桃子的颜色和质地都达到了理想状态时，就可以准备采摘了。\n对于那些颜色和质地都表现出良好特征的半熟桃子，可以优先考虑用于加工。\n对于那些颜色和质地都表现出成熟特征的半熟桃子，可以考虑提前采摘。\n在采摘未熟绿色桃子时，请确保所有工具都是干净无菌的，以避免交叉感染。\n如果未熟绿色桃子的颜色已经达到了理想的状态，但质地还不够软，可以多等几天。"
        },
        {
            "category": "全熟桃子",
            "bbox": [
                326.0,
                342.0,
                93.0,
                99.99999999999994
            ],
            "caption": "对于那些生长在陡峭山坡上的半熟桃子，建议使用梯子辅助采摘。\n当您发现半熟桃子的颜色和质地都表现出良好的成熟特征时，就可以准备采摘了。\n在采摘时，尽量采用环保的方式，减少对自然资源的消耗，例如使用可降解材料制作的采摘袋。\n采摘未熟绿色桃子时，尽量让果实连着一小段枝条一起摘下，有助于保持新鲜。\n当您发现半熟桃子的颜色和质地都达到了理想状态时，就可以准备采摘了。\n对于那些颜色和质地都表现出良好特征的半熟桃子，可以优先考虑用于加工。\n对于那些颜色和质地都表现出成熟特征的半熟桃子，可以考虑提前采摘。\n在采摘未熟绿色桃子时，请确保所有工具都是干净无菌的，以避免交叉感染。\n如果未熟绿色桃子的颜色已经达到了理想的状态，但质地还不够软，可以多等几天。"
        },
        {
            "category": "半熟桃子",
            "bbox": [
                545.0,
                466.0,
                104.0,
                103.0
            ],
            "caption": "对于那些生长在陡峭山坡上的半熟桃子，建议使用梯子辅助采摘。\n当您发现半熟桃子的颜色和质地都表现出良好的成熟特征时，就可以准备采摘了。\n在采摘时，尽量采用环保的方式，减少对自然资源的消耗，例如使用可降解材料制作的采摘袋。\n采摘未熟绿色桃子时，尽量让果实连着一小段枝条一起摘下，有助于保持新鲜。\n当您发现半熟桃子的颜色和质地都达到了理想状态时，就可以准备采摘了。\n对于那些颜色和质地都表现出良好特征的半熟桃子，可以优先考虑用于加工。\n对于那些颜色和质地都表现出成熟特征的半熟桃子，可以考虑提前采摘。\n在采摘未熟绿色桃子时，请确保所有工具都是干净无菌的，以避免交叉感染。\n如果未熟绿色桃子的颜色已经达到了理想的状态，但质地还不够软，可以多等几天。"
        },
        {
            "category": "半熟桃子",
            "bbox": [
                629.0,
                0.0,
                193.0,
                126.99999999999999
            ],
            "caption": "对于那些生长在陡峭山坡上的半熟桃子，建议使用梯子辅助采摘。\n当您发现半熟桃子的颜色和质地都表现出良好的成熟特征时，就可以准备采摘了。\n在采摘时，尽量采用环保的方式，减少对自然资源的消耗，例如使用可降解材料制作的采摘袋。\n采摘未熟绿色桃子时，尽量让果实连着一小段枝条一起摘下，有助于保持新鲜。\n当您发现半熟桃子的颜色和质地都达到了理想状态时，就可以准备采摘了。\n对于那些颜色和质地都表现出良好特征的半熟桃子，可以优先考虑用于加工。\n对于那些颜色和质地都表现出成熟特征的半熟桃子，可以考虑提前采摘。\n在采摘未熟绿色桃子时，请确保所有工具都是干净无菌的，以避免交叉感染。\n如果未熟绿色桃子的颜色已经达到了理想的状态，但质地还不够软，可以多等几天。"
        }
    ]
}