{
    "image_id": "01_0501_165031.jpg",
    "annotations": [
        {
            "category": "全熟桃子",
            "bbox": [
                581.0,
                124.0,
                274.0,
                298.0
            ],
            "caption": "分批采摘，先摘那些最成熟的半熟桃子，给其他时间让它们继续发育。\n在采摘半熟桃子时，尽量避免直接暴露在强烈的阳光下，以保护您的皮肤。\n当您发现半熟桃子的颜色和质地都达到了理想状态时，就可以准备采摘了。\n在采摘半熟桃子时，请确保所有采摘下的果实都没有受到任何损害。"
        },
        {
            "category": "全熟桃子",
            "bbox": [
                576.0,
                14.99999999999999,
                188.0,
                187.99999999999997
            ],
            "caption": "分批采摘，先摘那些最成熟的半熟桃子，给其他时间让它们继续发育。\n在采摘半熟桃子时，尽量避免直接暴露在强烈的阳光下，以保护您的皮肤。\n当您发现半熟桃子的颜色和质地都达到了理想状态时，就可以准备采摘了。\n在采摘半熟桃子时，请确保所有采摘下的果实都没有受到任何损害。"
        },
        {
            "category": "全熟桃子",
            "bbox": [
                843.0,
                194.0,
                179.0,
                205.99999999999994
            ],
            "caption": "分批采摘，先摘那些最成熟的半熟桃子，给其他时间让它们继续发育。\n在采摘半熟桃子时，尽量避免直接暴露在强烈的阳光下，以保护您的皮肤。\n当您发现半熟桃子的颜色和质地都达到了理想状态时，就可以准备采摘了。\n在采摘半熟桃子时，请确保所有采摘下的果实都没有受到任何损害。"
        },
        {
            "category": "全熟桃子",
            "bbox": [
                655.0,
                383.0,
                226.0,
                227.0
            ],
            "caption": "分批采摘，先摘那些最成熟的半熟桃子，给其他时间让它们继续发育。\n在采摘半熟桃子时，尽量避免直接暴露在强烈的阳光下，以保护您的皮肤。\n当您发现半熟桃子的颜色和质地都达到了理想状态时，就可以准备采摘了。\n在采摘半熟桃子时，请确保所有采摘下的果实都没有受到任何损害。"
        }
    ]
}