{
    "image_id": "01_0530_153446.jpg",
    "annotations": [
        {
            "category": "半熟桃子",
            "bbox": [
                171.0,
                524.0,
                108.0,
                147.9999999999999
            ],
            "caption": "在采摘未熟绿色桃子时，请确保每次采摘的数量适中，不要一次性摘得太多。\n对于那些颜色和质地都表现出成熟特征的半熟桃子，可以优先考虑用于出口。\n请记住，在采摘时不仅要关注眼前的未熟绿色桃子，还要考虑整个植株的健康状况，避免过度采摘影响后续生长。\n请确保所有用于采摘未熟绿色桃子的工具都已消毒，以防止病菌传播。\n在采摘未熟绿色桃子时，请确保每次采摘后的果实都被迅速运往冷藏设施。\n当您发现未熟绿色桃子的颜色和质地都达到了理想状态时，就可以准备采摘了。"
        },
        {
            "category": "全熟桃子",
            "bbox": [
                550.0,
                242.99999999999994,
                307.0,
                328.99999999999994
            ],
            "caption": "在采摘未熟绿色桃子时，请确保每次采摘的数量适中，不要一次性摘得太多。\n对于那些颜色和质地都表现出成熟特征的半熟桃子，可以优先考虑用于出口。\n请记住，在采摘时不仅要关注眼前的未熟绿色桃子，还要考虑整个植株的健康状况，避免过度采摘影响后续生长。\n请确保所有用于采摘未熟绿色桃子的工具都已消毒，以防止病菌传播。\n在采摘未熟绿色桃子时，请确保每次采摘后的果实都被迅速运往冷藏设施。\n当您发现未熟绿色桃子的颜色和质地都达到了理想状态时，就可以准备采摘了。"
        },
        {
            "category": "半熟桃子",
            "bbox": [
                223.0,
                198.0,
                79.0,
                43.99999999999997
            ],
            "caption": "在采摘未熟绿色桃子时，请确保每次采摘的数量适中，不要一次性摘得太多。\n对于那些颜色和质地都表现出成熟特征的半熟桃子，可以优先考虑用于出口。\n请记住，在采摘时不仅要关注眼前的未熟绿色桃子，还要考虑整个植株的健康状况，避免过度采摘影响后续生长。\n请确保所有用于采摘未熟绿色桃子的工具都已消毒，以防止病菌传播。\n在采摘未熟绿色桃子时，请确保每次采摘后的果实都被迅速运往冷藏设施。\n当您发现未熟绿色桃子的颜色和质地都达到了理想状态时，就可以准备采摘了。"
        },
        {
            "category": "半熟桃子",
            "bbox": [
                465.0,
                399.0,
                95.0,
                108.99999999999994
            ],
            "caption": "在采摘未熟绿色桃子时，请确保每次采摘的数量适中，不要一次性摘得太多。\n对于那些颜色和质地都表现出成熟特征的半熟桃子，可以优先考虑用于出口。\n请记住，在采摘时不仅要关注眼前的未熟绿色桃子，还要考虑整个植株的健康状况，避免过度采摘影响后续生长。\n请确保所有用于采摘未熟绿色桃子的工具都已消毒，以防止病菌传播。\n在采摘未熟绿色桃子时，请确保每次采摘后的果实都被迅速运往冷藏设施。\n当您发现未熟绿色桃子的颜色和质地都达到了理想状态时，就可以准备采摘了。"
        },
        {
            "category": "半熟桃子",
            "bbox": [
                54.0,
                0.0,
                102.0,
                42.0
            ],
            "caption": "在采摘未熟绿色桃子时，请确保每次采摘的数量适中，不要一次性摘得太多。\n对于那些颜色和质地都表现出成熟特征的半熟桃子，可以优先考虑用于出口。\n请记住，在采摘时不仅要关注眼前的未熟绿色桃子，还要考虑整个植株的健康状况，避免过度采摘影响后续生长。\n请确保所有用于采摘未熟绿色桃子的工具都已消毒，以防止病菌传播。\n在采摘未熟绿色桃子时，请确保每次采摘后的果实都被迅速运往冷藏设施。\n当您发现未熟绿色桃子的颜色和质地都达到了理想状态时，就可以准备采摘了。"
        },
        {
            "category": "半熟桃子",
            "bbox": [
                140.0,
                0.0,
                52.0,
                11.0
            ],
            "caption": "在采摘未熟绿色桃子时，请确保每次采摘的数量适中，不要一次性摘得太多。\n对于那些颜色和质地都表现出成熟特征的半熟桃子，可以优先考虑用于出口。\n请记住，在采摘时不仅要关注眼前的未熟绿色桃子，还要考虑整个植株的健康状况，避免过度采摘影响后续生长。\n请确保所有用于采摘未熟绿色桃子的工具都已消毒，以防止病菌传播。\n在采摘未熟绿色桃子时，请确保每次采摘后的果实都被迅速运往冷藏设施。\n当您发现未熟绿色桃子的颜色和质地都达到了理想状态时，就可以准备采摘了。"
        }
    ]
}