{
    "image_id": "01_0605_163733.jpg",
    "annotations": [
        {
            "category": "全熟桃子",
            "bbox": [
                491.0,
                285.99999999999994,
                328.0,
                315.00000000000006
            ],
            "caption": "如果发现某些半熟桃子的颜色特别鲜艳，可能是由于光照充足，这类果实往往口感更好。\n对于那些颜色和质地都表现出成熟特征的半熟桃子，可以优先考虑用于制作干果。"
        },
        {
            "category": "全熟桃子",
            "bbox": [
                325.0,
                0.0,
                257.0,
                64.0
            ],
            "caption": "如果发现某些半熟桃子的颜色特别鲜艳，可能是由于光照充足，这类果实往往口感更好。\n对于那些颜色和质地都表现出成熟特征的半熟桃子，可以优先考虑用于制作干果。"
        }
    ]
}