{
    "image_id": "01_0611_162406.jpg",
    "annotations": [
        {
            "category": "全熟桃子",
            "bbox": [
                396.0,
                184.99999999999997,
                292.0,
                333.0
            ],
            "caption": "在采摘半熟桃子时，请确保每个果实都得到细致的检查。\n在采摘全熟桃子时，确保所有采摘下来的果实都被妥善处理和储存。\n如果发现半熟桃子周围有鸟类活动，请及时采取措施防止它们啄食。\n在采摘半熟桃子时，请确保每个果实都得到细致的检查。\n如果半熟桃子的颜色尚未达到理想状态，请耐心等待几天再做决定。\n在采摘半熟桃子时，请确保每次采摘后的果实都被迅速运往冷藏设施。"
        },
        {
            "category": "青柿子",
            "bbox": [
                503.0,
                102.99999999999999,
                177.0,
                143.0
            ],
            "caption": "在采摘半熟桃子时，请确保每个果实都得到细致的检查。\n在采摘全熟桃子时，确保所有采摘下来的果实都被妥善处理和储存。\n如果发现半熟桃子周围有鸟类活动，请及时采取措施防止它们啄食。\n在采摘半熟桃子时，请确保每个果实都得到细致的检查。\n如果半熟桃子的颜色尚未达到理想状态，请耐心等待几天再做决定。\n在采摘半熟桃子时，请确保每次采摘后的果实都被迅速运往冷藏设施。"
        },
        {
            "category": "全熟桃子",
            "bbox": [
                124.0,
                587.9999999999999,
                83.0,
                95.00000000000011
            ],
            "caption": "在采摘半熟桃子时，请确保每个果实都得到细致的检查。\n在采摘全熟桃子时，确保所有采摘下来的果实都被妥善处理和储存。\n如果发现半熟桃子周围有鸟类活动，请及时采取措施防止它们啄食。\n在采摘半熟桃子时，请确保每个果实都得到细致的检查。\n如果半熟桃子的颜色尚未达到理想状态，请耐心等待几天再做决定。\n在采摘半熟桃子时，请确保每次采摘后的果实都被迅速运往冷藏设施。"
        },
        {
            "category": "全熟桃子",
            "bbox": [
                218.0,
                274.0,
                42.0,
                118.0
            ],
            "caption": "在采摘半熟桃子时，请确保每个果实都得到细致的检查。\n在采摘全熟桃子时，确保所有采摘下来的果实都被妥善处理和储存。\n如果发现半熟桃子周围有鸟类活动，请及时采取措施防止它们啄食。\n在采摘半熟桃子时，请确保每个果实都得到细致的检查。\n如果半熟桃子的颜色尚未达到理想状态，请耐心等待几天再做决定。\n在采摘半熟桃子时，请确保每次采摘后的果实都被迅速运往冷藏设施。"
        },
        {
            "category": "全熟桃子",
            "bbox": [
                109.0,
                315.0,
                84.0,
                56.0
            ],
            "caption": "在采摘半熟桃子时，请确保每个果实都得到细致的检查。\n在采摘全熟桃子时，确保所有采摘下来的果实都被妥善处理和储存。\n如果发现半熟桃子周围有鸟类活动，请及时采取措施防止它们啄食。\n在采摘半熟桃子时，请确保每个果实都得到细致的检查。\n如果半熟桃子的颜色尚未达到理想状态，请耐心等待几天再做决定。\n在采摘半熟桃子时，请确保每次采摘后的果实都被迅速运往冷藏设施。"
        },
        {
            "category": "全熟桃子",
            "bbox": [
                132.0,
                340.0,
                119.0,
                127.0
            ],
            "caption": "在采摘半熟桃子时，请确保每个果实都得到细致的检查。\n在采摘全熟桃子时，确保所有采摘下来的果实都被妥善处理和储存。\n如果发现半熟桃子周围有鸟类活动，请及时采取措施防止它们啄食。\n在采摘半熟桃子时，请确保每个果实都得到细致的检查。\n如果半熟桃子的颜色尚未达到理想状态，请耐心等待几天再做决定。\n在采摘半熟桃子时，请确保每次采摘后的果实都被迅速运往冷藏设施。"
        }
    ]
}