{
    "image_id": "01_0530_153757.jpg",
    "annotations": [
        {
            "category": "全熟桃子",
            "bbox": [
                344.0,
                198.0,
                271.0,
                243.99999999999994
            ],
            "caption": "如果发现半熟桃子周围有鸟类活动，请及时采取措施防止它们啄食。\n尽量保持工作区域整洁有序，这不仅有助于提高效率，也能减少对周围环境的影响。"
        },
        {
            "category": "全熟桃子",
            "bbox": [
                649.0,
                6.0,
                296.0,
                321.0
            ],
            "caption": "如果发现半熟桃子周围有鸟类活动，请及时采取措施防止它们啄食。\n尽量保持工作区域整洁有序，这不仅有助于提高效率，也能减少对周围环境的影响。"
        }
    ]
}