{
    "image_id": "01_0605_162317.jpg",
    "annotations": [
        {
            "category": "全熟桃子",
            "bbox": [
                433.0,
                183.0,
                398.0,
                360.0
            ],
            "caption": "注意观察半熟桃子的大小，过小的果实可能需要更多时间来成长。\n对于那些生长在树枝末端的未熟绿色桃子，务必小心不要折断树枝。\n当您发现半熟桃子的颜色和质地都达到了理想状态时，就可以准备采摘了。\n对于那些颜色已经开始转变的半熟桃子，可以在早晨或傍晚时段进行采摘。"
        },
        {
            "category": "半熟桃子",
            "bbox": [
                467.0,
                0.0,
                184.0,
                37.0
            ],
            "caption": "注意观察半熟桃子的大小，过小的果实可能需要更多时间来成长。\n对于那些生长在树枝末端的未熟绿色桃子，务必小心不要折断树枝。\n当您发现半熟桃子的颜色和质地都达到了理想状态时，就可以准备采摘了。\n对于那些颜色已经开始转变的半熟桃子，可以在早晨或傍晚时段进行采摘。"
        },
        {
            "category": "全熟桃子",
            "bbox": [
                230.0,
                55.99999999999999,
                285.0,
                280.0
            ],
            "caption": "注意观察半熟桃子的大小，过小的果实可能需要更多时间来成长。\n对于那些生长在树枝末端的未熟绿色桃子，务必小心不要折断树枝。\n当您发现半熟桃子的颜色和质地都达到了理想状态时，就可以准备采摘了。\n对于那些颜色已经开始转变的半熟桃子，可以在早晨或傍晚时段进行采摘。"
        },
        {
            "category": "全熟桃子",
            "bbox": [
                679.0,
                0.0,
                100.0,
                96.99999999999999
            ],
            "caption": "注意观察半熟桃子的大小，过小的果实可能需要更多时间来成长。\n对于那些生长在树枝末端的未熟绿色桃子，务必小心不要折断树枝。\n当您发现半熟桃子的颜色和质地都达到了理想状态时，就可以准备采摘了。\n对于那些颜色已经开始转变的半熟桃子，可以在早晨或傍晚时段进行采摘。"
        }
    ]
}