{
    "image_id": "01_0530_153602.jpg",
    "annotations": [
        {
            "category": "全熟桃子",
            "bbox": [
                629.0,
                54.999999999999986,
                295.0,
                362.99999999999994
            ],
            "caption": "采摘前，请检查天气预报，选择适宜的时间进行作业，避免恶劣天气。\n对于那些长势较好的植株，可以适当多采摘一些成熟的半熟桃子；而对于长势较差的，则要谨慎行事，给予更多的恢复时间。"
        },
        {
            "category": "全熟桃子",
            "bbox": [
                373.0,
                348.99999999999994,
                269.0,
                354.00000000000006
            ],
            "caption": "采摘前，请检查天气预报，选择适宜的时间进行作业，避免恶劣天气。\n对于那些长势较好的植株，可以适当多采摘一些成熟的半熟桃子；而对于长势较差的，则要谨慎行事，给予更多的恢复时间。"
        }
    ]
}