{
    "image_id": "01_0530_154200.jpg",
    "annotations": [
        {
            "category": "全熟桃子",
            "bbox": [
                317.0,
                67.0,
                113.0,
                113.0
            ],
            "caption": "尝试用手指轻轻按压半熟桃子，感受其硬度，以此判断是否达到最佳采摘时机。\n检查每个半熟桃子的颜色、质地和气味，这些都是判断其是否成熟的良好指标；对于那些不确定的半熟桃子，可以稍后再做决定。\n检查每个半熟桃子的颜色、质地和气味，这些都是判断其是否成熟的良好指标；对于那些不确定的半熟桃子，可以稍后再做决定。"
        },
        {
            "category": "全熟桃子",
            "bbox": [
                644.0,
                321.0,
                228.0,
                262.0
            ],
            "caption": "尝试用手指轻轻按压半熟桃子，感受其硬度，以此判断是否达到最佳采摘时机。\n检查每个半熟桃子的颜色、质地和气味，这些都是判断其是否成熟的良好指标；对于那些不确定的半熟桃子，可以稍后再做决定。\n检查每个半熟桃子的颜色、质地和气味，这些都是判断其是否成熟的良好指标；对于那些不确定的半熟桃子，可以稍后再做决定。"
        },
        {
            "category": "全熟桃子",
            "bbox": [
                204.0,
                253.99999999999997,
                228.0,
                252.00000000000003
            ],
            "caption": "尝试用手指轻轻按压半熟桃子，感受其硬度，以此判断是否达到最佳采摘时机。\n检查每个半熟桃子的颜色、质地和气味，这些都是判断其是否成熟的良好指标；对于那些不确定的半熟桃子，可以稍后再做决定。\n检查每个半熟桃子的颜色、质地和气味，这些都是判断其是否成熟的良好指标；对于那些不确定的半熟桃子，可以稍后再做决定。"
        }
    ]
}