{
    "image_id": "01_0611_163318.jpg",
    "annotations": [
        {
            "category": "青柿子",
            "bbox": [
                399.0,
                170.99999999999994,
                485.0,
                475.99999999999994
            ],
            "caption": "对于那些颜色特别鲜艳且质地柔软的全熟桃子，可以优先考虑采摘。\n对于那些颜色和质地都表现出良好特征的全熟桃子，可以优先考虑用于加工。"
        },
        {
            "category": "青柿子",
            "bbox": [
                303.0,
                402.0,
                89.0,
                244.9999999999999
            ],
            "caption": "对于那些颜色特别鲜艳且质地柔软的全熟桃子，可以优先考虑采摘。\n对于那些颜色和质地都表现出良好特征的全熟桃子，可以优先考虑用于加工。"
        }
    ]
}