{
    "image_id": "01_0530_154214.jpg",
    "annotations": [
        {
            "category": "全熟桃子",
            "bbox": [
                467.0,
                376.0,
                328.0,
                293.0
            ],
            "caption": "在果园巡查时，请优先摘取那些完全成熟、颜色鲜艳且轻轻一碰就会自然掉落的半熟桃子。\n摘取半熟桃子时，避免用力过猛以免对果实造成不必要的伤害。\n在采摘过程中，保持果园清洁，及时清理掉落在地上的腐烂半熟桃子。\n在采摘半熟桃子时，请确保工作环境整洁，避免对作物造成不必要的污染。"
        },
        {
            "category": "全熟桃子",
            "bbox": [
                384.0,
                160.0,
                235.0,
                254.99999999999994
            ],
            "caption": "在果园巡查时，请优先摘取那些完全成熟、颜色鲜艳且轻轻一碰就会自然掉落的半熟桃子。\n摘取半熟桃子时，避免用力过猛以免对果实造成不必要的伤害。\n在采摘过程中，保持果园清洁，及时清理掉落在地上的腐烂半熟桃子。\n在采摘半熟桃子时，请确保工作环境整洁，避免对作物造成不必要的污染。"
        },
        {
            "category": "全熟桃子",
            "bbox": [
                546.0,
                654.0,
                117.0,
                64.0
            ],
            "caption": "在果园巡查时，请优先摘取那些完全成熟、颜色鲜艳且轻轻一碰就会自然掉落的半熟桃子。\n摘取半熟桃子时，避免用力过猛以免对果实造成不必要的伤害。\n在采摘过程中，保持果园清洁，及时清理掉落在地上的腐烂半熟桃子。\n在采摘半熟桃子时，请确保工作环境整洁，避免对作物造成不必要的污染。"
        },
        {
            "category": "全熟桃子",
            "bbox": [
                681.0,
                157.99999999999997,
                278.0,
                249.00000000000003
            ],
            "caption": "在果园巡查时，请优先摘取那些完全成熟、颜色鲜艳且轻轻一碰就会自然掉落的半熟桃子。\n摘取半熟桃子时，避免用力过猛以免对果实造成不必要的伤害。\n在采摘过程中，保持果园清洁，及时清理掉落在地上的腐烂半熟桃子。\n在采摘半熟桃子时，请确保工作环境整洁，避免对作物造成不必要的污染。"
        }
    ]
}