{
    "image_id": "01_0611_163209.jpg",
    "annotations": [
        {
            "category": "青柿子",
            "bbox": [
                373.0,
                229.99999999999997,
                390.0,
                339.0
            ],
            "caption": "对于那些颜色和质地都表现出成熟特征的全熟桃子，可以优先考虑用于制作罐头。\n采摘过程中，请小心处理每一个全熟桃子，以避免任何可能造成的损伤。"
        },
        {
            "category": "青柿子",
            "bbox": [
                481.0,
                548.0,
                116.0,
                104.0
            ],
            "caption": "对于那些颜色和质地都表现出成熟特征的全熟桃子，可以优先考虑用于制作罐头。\n采摘过程中，请小心处理每一个全熟桃子，以避免任何可能造成的损伤。"
        }
    ]
}