{
    "image_id": "01_0611_162943.jpg",
    "annotations": [
        {
            "category": "青柿子",
            "bbox": [
                0.0,
                372.0,
                95.0,
                285.0
            ],
            "caption": "如果发现有些全熟桃子虽然外表看起来成熟了，但实际上内部还不够熟，最好推迟采摘时间，等到它们真正成熟后再动手。\n在采摘前，先了解当天的天气预报，选择适宜的时间进行作业。\n当您发现全熟桃子的颜色和质地都达到了理想状态时，就可以准备采摘了。\n在采摘过程中，保持果园清洁，及时清理掉落在地上的腐烂全熟桃子。\n对于那些颜色和质地都表现出成熟特征的全熟桃子，可以优先考虑用于制作果冻。"
        },
        {
            "category": "青柿子",
            "bbox": [
                204.0,
                237.99999999999994,
                378.0,
                369.00000000000006
            ],
            "caption": "如果发现有些全熟桃子虽然外表看起来成熟了，但实际上内部还不够熟，最好推迟采摘时间，等到它们真正成熟后再动手。\n在采摘前，先了解当天的天气预报，选择适宜的时间进行作业。\n当您发现全熟桃子的颜色和质地都达到了理想状态时，就可以准备采摘了。\n在采摘过程中，保持果园清洁，及时清理掉落在地上的腐烂全熟桃子。\n对于那些颜色和质地都表现出成熟特征的全熟桃子，可以优先考虑用于制作果冻。"
        },
        {
            "category": "青柿子",
            "bbox": [
                45.0,
                293.99999999999994,
                187.0,
                238.99999999999994
            ],
            "caption": "如果发现有些全熟桃子虽然外表看起来成熟了，但实际上内部还不够熟，最好推迟采摘时间，等到它们真正成熟后再动手。\n在采摘前，先了解当天的天气预报，选择适宜的时间进行作业。\n当您发现全熟桃子的颜色和质地都达到了理想状态时，就可以准备采摘了。\n在采摘过程中，保持果园清洁，及时清理掉落在地上的腐烂全熟桃子。\n对于那些颜色和质地都表现出成熟特征的全熟桃子，可以优先考虑用于制作果冻。"
        },
        {
            "category": "青柿子",
            "bbox": [
                591.0,
                212.99999999999994,
                400.0,
                388.99999999999994
            ],
            "caption": "如果发现有些全熟桃子虽然外表看起来成熟了，但实际上内部还不够熟，最好推迟采摘时间，等到它们真正成熟后再动手。\n在采摘前，先了解当天的天气预报，选择适宜的时间进行作业。\n当您发现全熟桃子的颜色和质地都达到了理想状态时，就可以准备采摘了。\n在采摘过程中，保持果园清洁，及时清理掉落在地上的腐烂全熟桃子。\n对于那些颜色和质地都表现出成熟特征的全熟桃子，可以优先考虑用于制作果冻。"
        },
        {
            "category": "青柿子",
            "bbox": [
                386.0,
                140.0,
                155.0,
                80.99999999999997
            ],
            "caption": "如果发现有些全熟桃子虽然外表看起来成熟了，但实际上内部还不够熟，最好推迟采摘时间，等到它们真正成熟后再动手。\n在采摘前，先了解当天的天气预报，选择适宜的时间进行作业。\n当您发现全熟桃子的颜色和质地都达到了理想状态时，就可以准备采摘了。\n在采摘过程中，保持果园清洁，及时清理掉落在地上的腐烂全熟桃子。\n对于那些颜色和质地都表现出成熟特征的全熟桃子，可以优先考虑用于制作果冻。"
        }
    ]
}