{
    "image_id": "01_0605_162300.jpg",
    "annotations": [
        {
            "category": "全熟桃子",
            "bbox": [
                520.0,
                186.0,
                394.0,
                365.0
            ],
            "caption": "在采摘半熟桃子时，请小心不要折断树枝，以免影响未来的生长。\n如果半熟桃子的颜色已经达到了理想的状态，但质地还不够软，可以多等几天。\n对于那些颜色和质地都表现出成熟特征的半熟桃子，可以优先考虑用于高端销售渠道。"
        },
        {
            "category": "全熟桃子",
            "bbox": [
                745.0,
                9.0,
                70.0,
                61.0
            ],
            "caption": "在采摘半熟桃子时，请小心不要折断树枝，以免影响未来的生长。\n如果半熟桃子的颜色已经达到了理想的状态，但质地还不够软，可以多等几天。\n对于那些颜色和质地都表现出成熟特征的半熟桃子，可以优先考虑用于高端销售渠道。"
        },
        {
            "category": "全熟桃子",
            "bbox": [
                670.0,
                0.0,
                68.0,
                46.0
            ],
            "caption": "在采摘半熟桃子时，请小心不要折断树枝，以免影响未来的生长。\n如果半熟桃子的颜色已经达到了理想的状态，但质地还不够软，可以多等几天。\n对于那些颜色和质地都表现出成熟特征的半熟桃子，可以优先考虑用于高端销售渠道。"
        }
    ]
}