{
    "image_id": "01_0611_163718.jpg",
    "annotations": [
        {
            "category": "全熟桃子",
            "bbox": [
                549.0,
                157.00000000000003,
                382.0,
                388.0
            ],
            "caption": "在采摘半熟桃子时，请确保所有采摘下的果实都放置在阴凉处。\n在采摘半熟桃子时，确保工作环境整洁，避免对作物造成不必要的污染。"
        },
        {
            "category": "全熟桃子",
            "bbox": [
                951.0,
                71.0,
                71.0,
                99.0
            ],
            "caption": "在采摘半熟桃子时，请确保所有采摘下的果实都放置在阴凉处。\n在采摘半熟桃子时，确保工作环境整洁，避免对作物造成不必要的污染。"
        }
    ]
}