{
    "image_id": "01_0530_153838.jpg",
    "annotations": [
        {
            "category": "全熟桃子",
            "bbox": [
                514.0,
                211.00000000000003,
                382.0,
                421.0
            ],
            "caption": "在采摘半熟桃子时，请确保工作环境整洁，避免对作物造成不必要的污染。\n对于那些颜色和质地都表现出成熟特征的未熟绿色桃子，可以优先考虑用于制作果酱等衍生产品。"
        },
        {
            "category": "半熟桃子",
            "bbox": [
                911.0,
                488.0,
                99.0,
                264.0
            ],
            "caption": "在采摘半熟桃子时，请确保工作环境整洁，避免对作物造成不必要的污染。\n对于那些颜色和质地都表现出成熟特征的未熟绿色桃子，可以优先考虑用于制作果酱等衍生产品。"
        }
    ]
}