{
    "image_id": "01_0611_163114.jpg",
    "annotations": [
        {
            "category": "青柿子",
            "bbox": [
                324.0,
                0.0,
                157.0,
                160.0
            ],
            "caption": "在采摘时，尽量保持双手干净，避免将污垢或细菌带到全熟桃子上；这对于维持采摘后的保鲜非常重要。\n对于那些长势较好的植株，可以适当多采摘一些成熟的全熟桃子；而对于长势较差的，则要谨慎行事，给予更多的恢复时间。\n遇到一些几乎快要脱落的全熟桃子，这可能意味着它们已经到了最佳采摘期；但对于那些依然牢固地挂在枝上的全熟桃子，可能还需要一点时间。\n对于那些颜色特别鲜艳且质地柔软的全熟桃子，可以优先考虑采摘。\n摘取那些挂在枝头、颜色达到巅峰且稍微柔软的全熟桃子串，确保每颗都是最佳品质。\n对于那些颜色和质地都表现出成熟特征的全熟桃子，可以优先考虑用于出口。\n当您发现全熟桃子的颜色和质地都达到了理想状态时，就可以准备采摘了。\n当您发现全熟桃子的颜色和质地都达到了理想状态时，就可以准备采摘了。\n对于生长在树冠下层的全熟桃子，建议使用长臂工具进行安全采摘。"
        },
        {
            "category": "青柿子",
            "bbox": [
                663.0,
                320.0,
                268.0,
                264.9999999999999
            ],
            "caption": "在采摘时，尽量保持双手干净，避免将污垢或细菌带到全熟桃子上；这对于维持采摘后的保鲜非常重要。\n对于那些长势较好的植株，可以适当多采摘一些成熟的全熟桃子；而对于长势较差的，则要谨慎行事，给予更多的恢复时间。\n遇到一些几乎快要脱落的全熟桃子，这可能意味着它们已经到了最佳采摘期；但对于那些依然牢固地挂在枝上的全熟桃子，可能还需要一点时间。\n对于那些颜色特别鲜艳且质地柔软的全熟桃子，可以优先考虑采摘。\n摘取那些挂在枝头、颜色达到巅峰且稍微柔软的全熟桃子串，确保每颗都是最佳品质。\n对于那些颜色和质地都表现出成熟特征的全熟桃子，可以优先考虑用于出口。\n当您发现全熟桃子的颜色和质地都达到了理想状态时，就可以准备采摘了。\n当您发现全熟桃子的颜色和质地都达到了理想状态时，就可以准备采摘了。\n对于生长在树冠下层的全熟桃子，建议使用长臂工具进行安全采摘。"
        },
        {
            "category": "青柿子",
            "bbox": [
                214.0,
                280.0,
                205.0,
                197.99999999999994
            ],
            "caption": "在采摘时，尽量保持双手干净，避免将污垢或细菌带到全熟桃子上；这对于维持采摘后的保鲜非常重要。\n对于那些长势较好的植株，可以适当多采摘一些成熟的全熟桃子；而对于长势较差的，则要谨慎行事，给予更多的恢复时间。\n遇到一些几乎快要脱落的全熟桃子，这可能意味着它们已经到了最佳采摘期；但对于那些依然牢固地挂在枝上的全熟桃子，可能还需要一点时间。\n对于那些颜色特别鲜艳且质地柔软的全熟桃子，可以优先考虑采摘。\n摘取那些挂在枝头、颜色达到巅峰且稍微柔软的全熟桃子串，确保每颗都是最佳品质。\n对于那些颜色和质地都表现出成熟特征的全熟桃子，可以优先考虑用于出口。\n当您发现全熟桃子的颜色和质地都达到了理想状态时，就可以准备采摘了。\n当您发现全熟桃子的颜色和质地都达到了理想状态时，就可以准备采摘了。\n对于生长在树冠下层的全熟桃子，建议使用长臂工具进行安全采摘。"
        },
        {
            "category": "青柿子",
            "bbox": [
                472.0,
                191.99999999999997,
                251.0,
                237.99999999999997
            ],
            "caption": "在采摘时，尽量保持双手干净，避免将污垢或细菌带到全熟桃子上；这对于维持采摘后的保鲜非常重要。\n对于那些长势较好的植株，可以适当多采摘一些成熟的全熟桃子；而对于长势较差的，则要谨慎行事，给予更多的恢复时间。\n遇到一些几乎快要脱落的全熟桃子，这可能意味着它们已经到了最佳采摘期；但对于那些依然牢固地挂在枝上的全熟桃子，可能还需要一点时间。\n对于那些颜色特别鲜艳且质地柔软的全熟桃子，可以优先考虑采摘。\n摘取那些挂在枝头、颜色达到巅峰且稍微柔软的全熟桃子串，确保每颗都是最佳品质。\n对于那些颜色和质地都表现出成熟特征的全熟桃子，可以优先考虑用于出口。\n当您发现全熟桃子的颜色和质地都达到了理想状态时，就可以准备采摘了。\n当您发现全熟桃子的颜色和质地都达到了理想状态时，就可以准备采摘了。\n对于生长在树冠下层的全熟桃子，建议使用长臂工具进行安全采摘。"
        },
        {
            "category": "青柿子",
            "bbox": [
                0.0,
                1.999999999999993,
                179.0,
                196.0
            ],
            "caption": "在采摘时，尽量保持双手干净，避免将污垢或细菌带到全熟桃子上；这对于维持采摘后的保鲜非常重要。\n对于那些长势较好的植株，可以适当多采摘一些成熟的全熟桃子；而对于长势较差的，则要谨慎行事，给予更多的恢复时间。\n遇到一些几乎快要脱落的全熟桃子，这可能意味着它们已经到了最佳采摘期；但对于那些依然牢固地挂在枝上的全熟桃子，可能还需要一点时间。\n对于那些颜色特别鲜艳且质地柔软的全熟桃子，可以优先考虑采摘。\n摘取那些挂在枝头、颜色达到巅峰且稍微柔软的全熟桃子串，确保每颗都是最佳品质。\n对于那些颜色和质地都表现出成熟特征的全熟桃子，可以优先考虑用于出口。\n当您发现全熟桃子的颜色和质地都达到了理想状态时，就可以准备采摘了。\n当您发现全熟桃子的颜色和质地都达到了理想状态时，就可以准备采摘了。\n对于生长在树冠下层的全熟桃子，建议使用长臂工具进行安全采摘。"
        },
        {
            "category": "青柿子",
            "bbox": [
                393.0,
                105.99999999999999,
                194.0,
                201.0
            ],
            "caption": "在采摘时，尽量保持双手干净，避免将污垢或细菌带到全熟桃子上；这对于维持采摘后的保鲜非常重要。\n对于那些长势较好的植株，可以适当多采摘一些成熟的全熟桃子；而对于长势较差的，则要谨慎行事，给予更多的恢复时间。\n遇到一些几乎快要脱落的全熟桃子，这可能意味着它们已经到了最佳采摘期；但对于那些依然牢固地挂在枝上的全熟桃子，可能还需要一点时间。\n对于那些颜色特别鲜艳且质地柔软的全熟桃子，可以优先考虑采摘。\n摘取那些挂在枝头、颜色达到巅峰且稍微柔软的全熟桃子串，确保每颗都是最佳品质。\n对于那些颜色和质地都表现出成熟特征的全熟桃子，可以优先考虑用于出口。\n当您发现全熟桃子的颜色和质地都达到了理想状态时，就可以准备采摘了。\n当您发现全熟桃子的颜色和质地都达到了理想状态时，就可以准备采摘了。\n对于生长在树冠下层的全熟桃子，建议使用长臂工具进行安全采摘。"
        },
        {
            "category": "青柿子",
            "bbox": [
                837.0,
                278.0,
                162.0,
                216.0
            ],
            "caption": "在采摘时，尽量保持双手干净，避免将污垢或细菌带到全熟桃子上；这对于维持采摘后的保鲜非常重要。\n对于那些长势较好的植株，可以适当多采摘一些成熟的全熟桃子；而对于长势较差的，则要谨慎行事，给予更多的恢复时间。\n遇到一些几乎快要脱落的全熟桃子，这可能意味着它们已经到了最佳采摘期；但对于那些依然牢固地挂在枝上的全熟桃子，可能还需要一点时间。\n对于那些颜色特别鲜艳且质地柔软的全熟桃子，可以优先考虑采摘。\n摘取那些挂在枝头、颜色达到巅峰且稍微柔软的全熟桃子串，确保每颗都是最佳品质。\n对于那些颜色和质地都表现出成熟特征的全熟桃子，可以优先考虑用于出口。\n当您发现全熟桃子的颜色和质地都达到了理想状态时，就可以准备采摘了。\n当您发现全熟桃子的颜色和质地都达到了理想状态时，就可以准备采摘了。\n对于生长在树冠下层的全熟桃子，建议使用长臂工具进行安全采摘。"
        },
        {
            "category": "青柿子",
            "bbox": [
                92.0,
                1.000000000000007,
                104.0,
                100.0
            ],
            "caption": "在采摘时，尽量保持双手干净，避免将污垢或细菌带到全熟桃子上；这对于维持采摘后的保鲜非常重要。\n对于那些长势较好的植株，可以适当多采摘一些成熟的全熟桃子；而对于长势较差的，则要谨慎行事，给予更多的恢复时间。\n遇到一些几乎快要脱落的全熟桃子，这可能意味着它们已经到了最佳采摘期；但对于那些依然牢固地挂在枝上的全熟桃子，可能还需要一点时间。\n对于那些颜色特别鲜艳且质地柔软的全熟桃子，可以优先考虑采摘。\n摘取那些挂在枝头、颜色达到巅峰且稍微柔软的全熟桃子串，确保每颗都是最佳品质。\n对于那些颜色和质地都表现出成熟特征的全熟桃子，可以优先考虑用于出口。\n当您发现全熟桃子的颜色和质地都达到了理想状态时，就可以准备采摘了。\n当您发现全熟桃子的颜色和质地都达到了理想状态时，就可以准备采摘了。\n对于生长在树冠下层的全熟桃子，建议使用长臂工具进行安全采摘。"
        },
        {
            "category": "青柿子",
            "bbox": [
                427.0,
                322.0,
                186.0,
                178.0
            ],
            "caption": "在采摘时，尽量保持双手干净，避免将污垢或细菌带到全熟桃子上；这对于维持采摘后的保鲜非常重要。\n对于那些长势较好的植株，可以适当多采摘一些成熟的全熟桃子；而对于长势较差的，则要谨慎行事，给予更多的恢复时间。\n遇到一些几乎快要脱落的全熟桃子，这可能意味着它们已经到了最佳采摘期；但对于那些依然牢固地挂在枝上的全熟桃子，可能还需要一点时间。\n对于那些颜色特别鲜艳且质地柔软的全熟桃子，可以优先考虑采摘。\n摘取那些挂在枝头、颜色达到巅峰且稍微柔软的全熟桃子串，确保每颗都是最佳品质。\n对于那些颜色和质地都表现出成熟特征的全熟桃子，可以优先考虑用于出口。\n当您发现全熟桃子的颜色和质地都达到了理想状态时，就可以准备采摘了。\n当您发现全熟桃子的颜色和质地都达到了理想状态时，就可以准备采摘了。\n对于生长在树冠下层的全熟桃子，建议使用长臂工具进行安全采摘。"
        }
    ]
}