{
    "image_id": "0215e5d966049b118b14f8ab094f8fc8908783eacbe1-nhFf6k_fw658_edit_228471946329199.jpg",
    "annotations": [
        {
            "category": "青葡萄未熟",
            "bbox": [
                190.0002,
                33.9998235,
                219.0,
                215.00005700000003
            ],
            "caption": "如果发现采摘下来的全熟草莓中有特别大的个体，可以作为展示或宣传用途，提升农场的形象。"
        }
    ]
}