{
    "image_id": "02_0501_153524.jpg",
    "annotations": [
        {
            "category": "全熟桃子",
            "bbox": [
                547.0,
                296.0,
                199.0,
                228.0
            ],
            "caption": "对于那些颜色和质地都表现出成熟特征的半熟桃子，可以优先考虑用于直接销售给消费者。\n当您发现未熟绿色桃子的颜色和气味都表明其成熟时，就是采摘的最佳时刻。"
        },
        {
            "category": "半熟桃子",
            "bbox": [
                580.0,
                231.0,
                120.0,
                105.0
            ],
            "caption": "对于那些颜色和质地都表现出成熟特征的半熟桃子，可以优先考虑用于直接销售给消费者。\n当您发现未熟绿色桃子的颜色和气味都表明其成熟时，就是采摘的最佳时刻。"
        }
    ]
}