{
    "image_id": "02_0525_144353.jpg",
    "annotations": [
        {
            "category": "全熟桃子",
            "bbox": [
                402.0,
                229.00000000000003,
                184.0,
                219.99999999999997
            ],
            "caption": "对于那些颜色和质地都表现出成熟特征的半熟桃子，可以优先考虑用于制作果酱等衍生产品。\n在采摘全熟桃子时，请确保每棵植株都能得到适当的照顾。"
        },
        {
            "category": "青柿子",
            "bbox": [
                471.0,
                246.0,
                292.0,
                346.0
            ],
            "caption": "对于那些颜色和质地都表现出成熟特征的半熟桃子，可以优先考虑用于制作果酱等衍生产品。\n在采摘全熟桃子时，请确保每棵植株都能得到适当的照顾。"
        }
    ]
}