{
    "image_id": "02_0501_153517.jpg",
    "annotations": [
        {
            "category": "全熟桃子",
            "bbox": [
                588.0,
                310.0,
                261.0,
                295.0
            ],
            "caption": "在采摘半熟桃子时，请确保工作环境整洁，避免对作物造成不必要的污染。\n当您发现未熟绿色桃子的颜色和质地都表现出良好的成熟特征时，就可以准备采摘了。\n当您发现半熟桃子的颜色和气味都表明其成熟时，就是采摘的最佳时刻。"
        },
        {
            "category": "半熟桃子",
            "bbox": [
                208.0,
                51.0,
                90.0,
                127.0
            ],
            "caption": "在采摘半熟桃子时，请确保工作环境整洁，避免对作物造成不必要的污染。\n当您发现未熟绿色桃子的颜色和质地都表现出良好的成熟特征时，就可以准备采摘了。\n当您发现半熟桃子的颜色和气味都表明其成熟时，就是采摘的最佳时刻。"
        },
        {
            "category": "全熟桃子",
            "bbox": [
                619.0,
                120.0,
                178.0,
                207.0
            ],
            "caption": "在采摘半熟桃子时，请确保工作环境整洁，避免对作物造成不必要的污染。\n当您发现未熟绿色桃子的颜色和质地都表现出良好的成熟特征时，就可以准备采摘了。\n当您发现半熟桃子的颜色和气味都表明其成熟时，就是采摘的最佳时刻。"
        }
    ]
}