{
    "image_id": "02_0525_144318.jpg",
    "annotations": [
        {
            "category": "青柿子",
            "bbox": [
                453.0,
                132.0,
                231.0,
                375.0
            ],
            "caption": "对于那些颜色和质地都表现出成熟特征的全熟桃子，可以优先考虑用于销售。\n在采摘全熟桃子时，请确保每棵植株都能得到适当的照顾。"
        },
        {
            "category": "青柿子",
            "bbox": [
                6.0,
                79.0,
                146.0,
                161.0
            ],
            "caption": "对于那些颜色和质地都表现出成熟特征的全熟桃子，可以优先考虑用于销售。\n在采摘全熟桃子时，请确保每棵植株都能得到适当的照顾。"
        }
    ]
}