{
    "image_id": "02_0525_151042.jpg",
    "annotations": [
        {
            "category": "青柿子",
            "bbox": [
                126.0,
                175.99999999999997,
                381.0,
                342.0
            ],
            "caption": "对于那些颜色和质地都表现出成熟特征的全熟桃子，可以优先考虑用于高端销售渠道。\n对于那些颜色和质地都表现出良好特征的全熟桃子，可以优先考虑用于展示。\n在采摘全熟桃子时，请注意观察是否有病虫害迹象，并及时处理。"
        },
        {
            "category": "青柿子",
            "bbox": [
                478.0,
                341.0,
                167.0,
                158.0
            ],
            "caption": "对于那些颜色和质地都表现出成熟特征的全熟桃子，可以优先考虑用于高端销售渠道。\n对于那些颜色和质地都表现出良好特征的全熟桃子，可以优先考虑用于展示。\n在采摘全熟桃子时，请注意观察是否有病虫害迹象，并及时处理。"
        },
        {
            "category": "青柿子",
            "bbox": [
                494.0,
                34.99999999999997,
                393.0,
                402.0
            ],
            "caption": "对于那些颜色和质地都表现出成熟特征的全熟桃子，可以优先考虑用于高端销售渠道。\n对于那些颜色和质地都表现出良好特征的全熟桃子，可以优先考虑用于展示。\n在采摘全熟桃子时，请注意观察是否有病虫害迹象，并及时处理。"
        }
    ]
}