{
    "image_id": "02_0501_153109.jpg",
    "annotations": [
        {
            "category": "半熟桃子",
            "bbox": [
                383.0,
                157.99999999999997,
                249.0,
                285.0
            ],
            "caption": "确保采摘的未熟绿色桃子没有病虫害迹象，保持健康状态。\n对于那些颜色和质地都表现出成熟特征的未熟绿色桃子，可以优先考虑用于制作水果沙拉。"
        },
        {
            "category": "半熟桃子",
            "bbox": [
                614.0,
                323.0,
                291.0,
                234.0
            ],
            "caption": "确保采摘的未熟绿色桃子没有病虫害迹象，保持健康状态。\n对于那些颜色和质地都表现出成熟特征的未熟绿色桃子，可以优先考虑用于制作水果沙拉。"
        }
    ]
}