{
    "image_id": "02_0525_151131.jpg",
    "annotations": [
        {
            "category": "青柿子",
            "bbox": [
                495.0,
                139.0,
                291.0,
                317.0
            ],
            "caption": "如果发现全熟桃子周围有鸟类活动，请及时采取措施防止它们啄食。\n在采摘前，先了解当天的天气预报，选择适宜的时间进行作业。\n当您发现全熟桃子的颜色从青转为成熟的颜色时，请立即进行采摘。"
        },
        {
            "category": "青柿子",
            "bbox": [
                248.0,
                130.0,
                252.0,
                278.0
            ],
            "caption": "如果发现全熟桃子周围有鸟类活动，请及时采取措施防止它们啄食。\n在采摘前，先了解当天的天气预报，选择适宜的时间进行作业。\n当您发现全熟桃子的颜色从青转为成熟的颜色时，请立即进行采摘。"
        },
        {
            "category": "青柿子",
            "bbox": [
                485.0,
                380.0,
                131.0,
                99.0
            ],
            "caption": "如果发现全熟桃子周围有鸟类活动，请及时采取措施防止它们啄食。\n在采摘前，先了解当天的天气预报，选择适宜的时间进行作业。\n当您发现全熟桃子的颜色从青转为成熟的颜色时，请立即进行采摘。"
        }
    ]
}