{
    "image_id": "02_0525_150518.jpg",
    "annotations": [
        {
            "category": "全熟桃子",
            "bbox": [
                418.0,
                104.0,
                156.0,
                211.0
            ],
            "caption": "如果发现采摘下来的半熟桃子中有特别受欢迎的品种，可以加大种植面积或改进栽培技术。\n根据实际情况灵活调整采摘策略，有时候提前采摘一些接近成熟的半熟桃子反而能获得更好的保存效果。\n当半熟桃子的颜色开始从绿色变为红色时，表示它们已经接近成熟，可以准备采摘了。\n在采摘时，尽量保持双手干净，避免将污垢或细菌带到半熟桃子上；这对于维持采摘后的保鲜非常重要。"
        },
        {
            "category": "全熟桃子",
            "bbox": [
                179.0,
                122.00000000000001,
                195.0,
                227.0
            ],
            "caption": "如果发现采摘下来的半熟桃子中有特别受欢迎的品种，可以加大种植面积或改进栽培技术。\n根据实际情况灵活调整采摘策略，有时候提前采摘一些接近成熟的半熟桃子反而能获得更好的保存效果。\n当半熟桃子的颜色开始从绿色变为红色时，表示它们已经接近成熟，可以准备采摘了。\n在采摘时，尽量保持双手干净，避免将污垢或细菌带到半熟桃子上；这对于维持采摘后的保鲜非常重要。"
        },
        {
            "category": "全熟桃子",
            "bbox": [
                522.0,
                219.0,
                217.0,
                240.0
            ],
            "caption": "如果发现采摘下来的半熟桃子中有特别受欢迎的品种，可以加大种植面积或改进栽培技术。\n根据实际情况灵活调整采摘策略，有时候提前采摘一些接近成熟的半熟桃子反而能获得更好的保存效果。\n当半熟桃子的颜色开始从绿色变为红色时，表示它们已经接近成熟，可以准备采摘了。\n在采摘时，尽量保持双手干净，避免将污垢或细菌带到半熟桃子上；这对于维持采摘后的保鲜非常重要。"
        },
        {
            "category": "全熟桃子",
            "bbox": [
                841.0,
                605.9999999999999,
                182.0,
                161.0000000000001
            ],
            "caption": "如果发现采摘下来的半熟桃子中有特别受欢迎的品种，可以加大种植面积或改进栽培技术。\n根据实际情况灵活调整采摘策略，有时候提前采摘一些接近成熟的半熟桃子反而能获得更好的保存效果。\n当半熟桃子的颜色开始从绿色变为红色时，表示它们已经接近成熟，可以准备采摘了。\n在采摘时，尽量保持双手干净，避免将污垢或细菌带到半熟桃子上；这对于维持采摘后的保鲜非常重要。"
        }
    ]
}