{
    "image_id": "02_0525_150105.jpg",
    "annotations": [
        {
            "category": "青柿子",
            "bbox": [
                609.0,
                36.999999999999986,
                228.0,
                359.0
            ],
            "caption": "尝试用手指轻轻按压全熟桃子，感受其硬度，以此判断是否达到最佳采摘时机。\n尽量采用科学的方法，如通过检测仪器确定半熟桃子的成熟度，提高采摘精度。\n对于那些颜色和质地都表现出成熟特征的全熟桃子，可以优先考虑用于鲜食市场。\n当发现有部分半熟桃子已经开始泛出诱人的光泽，并且质地变得柔软时，可以立即进行采摘，以保证其新鲜度和口感。"
        },
        {
            "category": "全熟桃子",
            "bbox": [
                323.0,
                139.0,
                282.0,
                272.0
            ],
            "caption": "尝试用手指轻轻按压全熟桃子，感受其硬度，以此判断是否达到最佳采摘时机。\n尽量采用科学的方法，如通过检测仪器确定半熟桃子的成熟度，提高采摘精度。\n对于那些颜色和质地都表现出成熟特征的全熟桃子，可以优先考虑用于鲜食市场。\n当发现有部分半熟桃子已经开始泛出诱人的光泽，并且质地变得柔软时，可以立即进行采摘，以保证其新鲜度和口感。"
        },
        {
            "category": "青柿子",
            "bbox": [
                0.0,
                214.00000000000003,
                113.0,
                114.99999999999997
            ],
            "caption": "尝试用手指轻轻按压全熟桃子，感受其硬度，以此判断是否达到最佳采摘时机。\n尽量采用科学的方法，如通过检测仪器确定半熟桃子的成熟度，提高采摘精度。\n对于那些颜色和质地都表现出成熟特征的全熟桃子，可以优先考虑用于鲜食市场。\n当发现有部分半熟桃子已经开始泛出诱人的光泽，并且质地变得柔软时，可以立即进行采摘，以保证其新鲜度和口感。"
        },
        {
            "category": "全熟桃子",
            "bbox": [
                0.0,
                318.0,
                61.0,
                104.0
            ],
            "caption": "尝试用手指轻轻按压全熟桃子，感受其硬度，以此判断是否达到最佳采摘时机。\n尽量采用科学的方法，如通过检测仪器确定半熟桃子的成熟度，提高采摘精度。\n对于那些颜色和质地都表现出成熟特征的全熟桃子，可以优先考虑用于鲜食市场。\n当发现有部分半熟桃子已经开始泛出诱人的光泽，并且质地变得柔软时，可以立即进行采摘，以保证其新鲜度和口感。"
        }
    ]
}