{
    "image_id": "02_0525_150628.jpg",
    "annotations": [
        {
            "category": "全熟桃子",
            "bbox": [
                220.0,
                193.00000000000003,
                124.0,
                105.99999999999997
            ],
            "caption": "当您注意到半熟桃子的颜色变得非常吸引人时，这是采摘的好时机。\n请仔细检查每一棵桃树，仅选择那些颜色达到最佳状态、表皮光滑且无瑕疵的全熟桃子进行采摘。"
        },
        {
            "category": "青柿子",
            "bbox": [
                409.0,
                157.0,
                284.0,
                343.0
            ],
            "caption": "当您注意到半熟桃子的颜色变得非常吸引人时，这是采摘的好时机。\n请仔细检查每一棵桃树，仅选择那些颜色达到最佳状态、表皮光滑且无瑕疵的全熟桃子进行采摘。"
        }
    ]
}