{
    "image_id": "02_0501_152303.jpg",
    "annotations": [
        {
            "category": "全熟桃子",
            "bbox": [
                405.0,
                274.0,
                317.0,
                374.0
            ],
            "caption": "考虑到不同品种的半熟桃子有不同的成熟特征，可以根据具体情况进行调整，确保每一种都能得到最合适的照顾。\n当未熟绿色桃子的颜色由最初的绿色逐渐转变为诱人的颜色，并且质地也开始变得柔软，那么就是采摘的最佳时机了。"
        },
        {
            "category": "半熟桃子",
            "bbox": [
                628.0,
                176.0,
                117.0,
                113.0
            ],
            "caption": "考虑到不同品种的半熟桃子有不同的成熟特征，可以根据具体情况进行调整，确保每一种都能得到最合适的照顾。\n当未熟绿色桃子的颜色由最初的绿色逐渐转变为诱人的颜色，并且质地也开始变得柔软，那么就是采摘的最佳时机了。"
        }
    ]
}