{
    "image_id": "02_0501_153359.jpg",
    "annotations": [
        {
            "category": "半熟桃子",
            "bbox": [
                629.0,
                114.99999999999999,
                51.0,
                81.00000000000001
            ],
            "caption": "采摘前，请检查天气预报，选择适宜的时间进行作业，避免恶劣天气。\n如果未熟绿色桃子的颜色已经达到了理想的状态，但质地还不够软，可以多等几天。"
        },
        {
            "category": "半熟桃子",
            "bbox": [
                562.0,
                229.00000000000003,
                192.0,
                234.99999999999997
            ],
            "caption": "采摘前，请检查天气预报，选择适宜的时间进行作业，避免恶劣天气。\n如果未熟绿色桃子的颜色已经达到了理想的状态，但质地还不够软，可以多等几天。"
        }
    ]
}