{
    "image_id": "02_0501_153028.jpg",
    "annotations": [
        {
            "category": "半熟桃子",
            "bbox": [
                476.0,
                440.0,
                198.0,
                185.0
            ],
            "caption": "当您发现未熟绿色桃子的颜色和质地都达到了理想状态时，就可以准备采摘了。\n对于那些颜色和质地都表现出成熟特征的未熟绿色桃子，可以优先考虑用于出口。"
        },
        {
            "category": "半熟桃子",
            "bbox": [
                419.0,
                136.0,
                174.0,
                266.99999999999994
            ],
            "caption": "当您发现未熟绿色桃子的颜色和质地都达到了理想状态时，就可以准备采摘了。\n对于那些颜色和质地都表现出成熟特征的未熟绿色桃子，可以优先考虑用于出口。"
        }
    ]
}