{
    "image_id": "02_0501_152101.jpg",
    "annotations": [
        {
            "category": "全熟桃子",
            "bbox": [
                397.0,
                174.0,
                125.0,
                215.0
            ],
            "caption": "如果发现半熟桃子上有害虫迹象，请及时采取措施，如隔离或使用生物防治。\n对于那些颜色已经开始转变的未熟绿色桃子，可以在早晨或傍晚时段进行采摘。"
        },
        {
            "category": "半熟桃子",
            "bbox": [
                453.0,
                391.0,
                128.0,
                121.0
            ],
            "caption": "如果发现半熟桃子上有害虫迹象，请及时采取措施，如隔离或使用生物防治。\n对于那些颜色已经开始转变的未熟绿色桃子，可以在早晨或傍晚时段进行采摘。"
        }
    ]
}