{
    "image_id": "02_0501_152530.jpg",
    "annotations": [
        {
            "category": "半熟桃子",
            "bbox": [
                408.0,
                443.0,
                71.0,
                119.0
            ],
            "caption": "当您发现未熟绿色桃子的颜色和质地都达到了理想状态时，就可以准备采摘了。\n对于那些颜色和质地都表现出成熟特征的半熟桃子，可以优先考虑用于加工产品。\n当您发现未熟绿色桃子的颜色变得非常鲜艳时，说明它已经到了最佳采摘期。\n在采摘半熟桃子之前，确保所有必要的工具都已经准备好并且处于良好状态。"
        },
        {
            "category": "全熟桃子",
            "bbox": [
                535.0,
                180.0,
                134.0,
                152.0
            ],
            "caption": "当您发现未熟绿色桃子的颜色和质地都达到了理想状态时，就可以准备采摘了。\n对于那些颜色和质地都表现出成熟特征的半熟桃子，可以优先考虑用于加工产品。\n当您发现未熟绿色桃子的颜色变得非常鲜艳时，说明它已经到了最佳采摘期。\n在采摘半熟桃子之前，确保所有必要的工具都已经准备好并且处于良好状态。"
        },
        {
            "category": "半熟桃子",
            "bbox": [
                490.0,
                287.0,
                77.0,
                80.0
            ],
            "caption": "当您发现未熟绿色桃子的颜色和质地都达到了理想状态时，就可以准备采摘了。\n对于那些颜色和质地都表现出成熟特征的半熟桃子，可以优先考虑用于加工产品。\n当您发现未熟绿色桃子的颜色变得非常鲜艳时，说明它已经到了最佳采摘期。\n在采摘半熟桃子之前，确保所有必要的工具都已经准备好并且处于良好状态。"
        },
        {
            "category": "全熟桃子",
            "bbox": [
                559.0,
                389.0,
                158.0,
                180.9999999999999
            ],
            "caption": "当您发现未熟绿色桃子的颜色和质地都达到了理想状态时，就可以准备采摘了。\n对于那些颜色和质地都表现出成熟特征的半熟桃子，可以优先考虑用于加工产品。\n当您发现未熟绿色桃子的颜色变得非常鲜艳时，说明它已经到了最佳采摘期。\n在采摘半熟桃子之前，确保所有必要的工具都已经准备好并且处于良好状态。"
        }
    ]
}