{
    "image_id": "03_0503_152252.jpg",
    "annotations": [
        {
            "category": "半熟桃子",
            "bbox": [
                555.0,
                272.0,
                284.0,
                302.0
            ],
            "caption": "当您发现未熟绿色桃子的颜色和质地都符合预期标准时，就可以准备采摘了。\n在采摘未熟绿色桃子时，尽量避开中午阳光最强烈的时候，以减少热损伤。"
        },
        {
            "category": "半熟桃子",
            "bbox": [
                541.0,
                226.0,
                37.0,
                72.0
            ],
            "caption": "当您发现未熟绿色桃子的颜色和质地都符合预期标准时，就可以准备采摘了。\n在采摘未熟绿色桃子时，尽量避开中午阳光最强烈的时候，以减少热损伤。"
        }
    ]
}