{
    "image_id": "03_0503_151125.jpg",
    "annotations": [
        {
            "category": "半熟桃子",
            "bbox": [
                353.0,
                320.0,
                338.0,
                446.0
            ],
            "caption": "当您发现未熟绿色桃子的颜色和质地都符合预期标准时，就可以准备采摘了。\n对于那些颜色和质地都表现出成熟特征的未熟绿色桃子，可以优先考虑用于出口。\n避免在强风或雨天采摘未熟绿色桃子，以免影响果实品质。"
        },
        {
            "category": "半熟桃子",
            "bbox": [
                595.0,
                134.0,
                317.0,
                389.0
            ],
            "caption": "当您发现未熟绿色桃子的颜色和质地都符合预期标准时，就可以准备采摘了。\n对于那些颜色和质地都表现出成熟特征的未熟绿色桃子，可以优先考虑用于出口。\n避免在强风或雨天采摘未熟绿色桃子，以免影响果实品质。"
        },
        {
            "category": "半熟桃子",
            "bbox": [
                457.0,
                215.0,
                194.0,
                155.0
            ],
            "caption": "当您发现未熟绿色桃子的颜色和质地都符合预期标准时，就可以准备采摘了。\n对于那些颜色和质地都表现出成熟特征的未熟绿色桃子，可以优先考虑用于出口。\n避免在强风或雨天采摘未熟绿色桃子，以免影响果实品质。"
        }
    ]
}