{
    "image_id": "03_0503_151337.jpg",
    "annotations": [
        {
            "category": "半熟桃子",
            "bbox": [
                262.0,
                414.99999999999994,
                330.0,
                339.00000000000006
            ],
            "caption": "在采摘未熟绿色桃子时，请确保每棵植株都能得到适当的照顾。\n分批采摘，先摘那些最成熟的半熟桃子，给其他时间让它们继续发育。\n在采摘未熟绿色桃子时，请确保每棵植株都能得到适当的照顾。\n当您发现未熟绿色桃子的颜色和质地都符合预期标准时，就可以准备采摘了。"
        },
        {
            "category": "全熟桃子",
            "bbox": [
                419.0,
                69.99999999999999,
                314.0,
                317.99999999999994
            ],
            "caption": "在采摘未熟绿色桃子时，请确保每棵植株都能得到适当的照顾。\n分批采摘，先摘那些最成熟的半熟桃子，给其他时间让它们继续发育。\n在采摘未熟绿色桃子时，请确保每棵植株都能得到适当的照顾。\n当您发现未熟绿色桃子的颜色和质地都符合预期标准时，就可以准备采摘了。"
        },
        {
            "category": "半熟桃子",
            "bbox": [
                283.0,
                134.0,
                211.0,
                280.0
            ],
            "caption": "在采摘未熟绿色桃子时，请确保每棵植株都能得到适当的照顾。\n分批采摘，先摘那些最成熟的半熟桃子，给其他时间让它们继续发育。\n在采摘未熟绿色桃子时，请确保每棵植株都能得到适当的照顾。\n当您发现未熟绿色桃子的颜色和质地都符合预期标准时，就可以准备采摘了。"
        },
        {
            "category": "半熟桃子",
            "bbox": [
                622.0,
                473.0,
                264.0,
                243.9999999999999
            ],
            "caption": "在采摘未熟绿色桃子时，请确保每棵植株都能得到适当的照顾。\n分批采摘，先摘那些最成熟的半熟桃子，给其他时间让它们继续发育。\n在采摘未熟绿色桃子时，请确保每棵植株都能得到适当的照顾。\n当您发现未熟绿色桃子的颜色和质地都符合预期标准时，就可以准备采摘了。"
        }
    ]
}