{
    "image_id": "03_0503_151507.jpg",
    "annotations": [
        {
            "category": "半熟桃子",
            "bbox": [
                399.0,
                426.0,
                290.0,
                285.0
            ],
            "caption": "摘取时要轻拿轻放，特别是对于那些皮薄易损的未熟绿色桃子。\n对于那些颜色和质地都表现出成熟特征的未熟绿色桃子，可以考虑提前采摘。"
        },
        {
            "category": "半熟桃子",
            "bbox": [
                315.0,
                0.0,
                366.0,
                285.0
            ],
            "caption": "摘取时要轻拿轻放，特别是对于那些皮薄易损的未熟绿色桃子。\n对于那些颜色和质地都表现出成熟特征的未熟绿色桃子，可以考虑提前采摘。"
        }
    ]
}