{
    "image_id": "03_0503_151724.jpg",
    "annotations": [
        {
            "category": "半熟桃子",
            "bbox": [
                502.0,
                143.0,
                275.0,
                298.99999999999994
            ],
            "caption": "在采摘未熟绿色桃子时，请确保所有采摘下的果实都没有受到任何损害。\n对于那些颜色和质地都表现出良好特征的未熟绿色桃子，可以优先考虑用于特殊用途。\n对于那些颜色已经开始转变的未熟绿色桃子，可以在早晨或傍晚时段进行采摘。"
        },
        {
            "category": "半熟桃子",
            "bbox": [
                569.0,
                361.0,
                255.0,
                307.0
            ],
            "caption": "在采摘未熟绿色桃子时，请确保所有采摘下的果实都没有受到任何损害。\n对于那些颜色和质地都表现出良好特征的未熟绿色桃子，可以优先考虑用于特殊用途。\n对于那些颜色已经开始转变的未熟绿色桃子，可以在早晨或傍晚时段进行采摘。"
        },
        {
            "category": "半熟桃子",
            "bbox": [
                339.0,
                22.0,
                83.0,
                44.0
            ],
            "caption": "在采摘未熟绿色桃子时，请确保所有采摘下的果实都没有受到任何损害。\n对于那些颜色和质地都表现出良好特征的未熟绿色桃子，可以优先考虑用于特殊用途。\n对于那些颜色已经开始转变的未熟绿色桃子，可以在早晨或傍晚时段进行采摘。"
        }
    ]
}