{
    "image_id": "03_0503_151257.jpg",
    "annotations": [
        {
            "category": "全熟桃子",
            "bbox": [
                295.0,
                157.99999999999997,
                367.0,
                309.0
            ],
            "caption": "当您发现半熟桃子的颜色和质地都达到了理想状态时，就可以准备采摘了。\n如果有多个工人一起工作，可以分配不同的区域，确保每个角落的未熟绿色桃子都能得到适当的照顾。\n注意观察未熟绿色桃子的颜色变化，当它们从青色转为特定成熟色时，就是采摘未熟绿色桃子的最佳时机。\n在采摘未熟绿色桃子时，尽量避免直接暴露在强烈的阳光下，以保护您的皮肤。"
        },
        {
            "category": "半熟桃子",
            "bbox": [
                537.0,
                383.0,
                240.0,
                243.9999999999999
            ],
            "caption": "当您发现半熟桃子的颜色和质地都达到了理想状态时，就可以准备采摘了。\n如果有多个工人一起工作，可以分配不同的区域，确保每个角落的未熟绿色桃子都能得到适当的照顾。\n注意观察未熟绿色桃子的颜色变化，当它们从青色转为特定成熟色时，就是采摘未熟绿色桃子的最佳时机。\n在采摘未熟绿色桃子时，尽量避免直接暴露在强烈的阳光下，以保护您的皮肤。"
        },
        {
            "category": "半熟桃子",
            "bbox": [
                700.0,
                281.0,
                193.0,
                207.9999999999999
            ],
            "caption": "当您发现半熟桃子的颜色和质地都达到了理想状态时，就可以准备采摘了。\n如果有多个工人一起工作，可以分配不同的区域，确保每个角落的未熟绿色桃子都能得到适当的照顾。\n注意观察未熟绿色桃子的颜色变化，当它们从青色转为特定成熟色时，就是采摘未熟绿色桃子的最佳时机。\n在采摘未熟绿色桃子时，尽量避免直接暴露在强烈的阳光下，以保护您的皮肤。"
        },
        {
            "category": "半熟桃子",
            "bbox": [
                506.0,
                12.0,
                131.0,
                157.0
            ],
            "caption": "当您发现半熟桃子的颜色和质地都达到了理想状态时，就可以准备采摘了。\n如果有多个工人一起工作，可以分配不同的区域，确保每个角落的未熟绿色桃子都能得到适当的照顾。\n注意观察未熟绿色桃子的颜色变化，当它们从青色转为特定成熟色时，就是采摘未熟绿色桃子的最佳时机。\n在采摘未熟绿色桃子时，尽量避免直接暴露在强烈的阳光下，以保护您的皮肤。"
        }
    ]
}