{
    "image_id": "03_0503_151143.jpg",
    "annotations": [
        {
            "category": "半熟桃子",
            "bbox": [
                320.0,
                572.0,
                286.0,
                195.0
            ],
            "caption": "当您发现未熟绿色桃子的颜色和质地都达到了理想状态时，就可以准备采摘了。\n如果发现有新的栽培技术或管理经验，可以尝试应用到实际工作中，提高未熟绿色桃子的产量和质量。\n请记住，在采摘时不仅要关注眼前的未熟绿色桃子，还要考虑整个植株的健康状况，避免过度采摘影响后续生长。"
        },
        {
            "category": "半熟桃子",
            "bbox": [
                334.0,
                232.0,
                277.0,
                281.0
            ],
            "caption": "当您发现未熟绿色桃子的颜色和质地都达到了理想状态时，就可以准备采摘了。\n如果发现有新的栽培技术或管理经验，可以尝试应用到实际工作中，提高未熟绿色桃子的产量和质量。\n请记住，在采摘时不仅要关注眼前的未熟绿色桃子，还要考虑整个植株的健康状况，避免过度采摘影响后续生长。"
        },
        {
            "category": "半熟桃子",
            "bbox": [
                487.0,
                313.0,
                240.0,
                260.0
            ],
            "caption": "当您发现未熟绿色桃子的颜色和质地都达到了理想状态时，就可以准备采摘了。\n如果发现有新的栽培技术或管理经验，可以尝试应用到实际工作中，提高未熟绿色桃子的产量和质量。\n请记住，在采摘时不仅要关注眼前的未熟绿色桃子，还要考虑整个植株的健康状况，避免过度采摘影响后续生长。"
        }
    ]
}