{
    "image_id": "03_0503_151157.jpg",
    "annotations": [
        {
            "category": "全熟桃子",
            "bbox": [
                26.0,
                122.99999999999996,
                543.0,
                541.9999999999999
            ],
            "caption": "定期休息一下不仅可以恢复体力，也有助于更好地评估哪些半熟桃子已经成熟可以采摘。\n如果半熟桃子的颜色已经达到了理想的状态，但质地还不够软，可以多等几天。\n当您发现未熟绿色桃子的颜色和质地都符合预期标准时，就可以准备采摘了。"
        },
        {
            "category": "全熟桃子",
            "bbox": [
                528.0,
                31.00000000000003,
                364.0,
                412.0
            ],
            "caption": "定期休息一下不仅可以恢复体力，也有助于更好地评估哪些半熟桃子已经成熟可以采摘。\n如果半熟桃子的颜色已经达到了理想的状态，但质地还不够软，可以多等几天。\n当您发现未熟绿色桃子的颜色和质地都符合预期标准时，就可以准备采摘了。"
        },
        {
            "category": "半熟桃子",
            "bbox": [
                451.0,
                420.99999999999994,
                397.0,
                345.00000000000006
            ],
            "caption": "定期休息一下不仅可以恢复体力，也有助于更好地评估哪些半熟桃子已经成熟可以采摘。\n如果半熟桃子的颜色已经达到了理想的状态，但质地还不够软，可以多等几天。\n当您发现未熟绿色桃子的颜色和质地都符合预期标准时，就可以准备采摘了。"
        }
    ]
}