{
    "image_id": "03_0503_152050.jpg",
    "annotations": [
        {
            "category": "全熟桃子",
            "bbox": [
                480.0,
                181.0,
                296.0,
                336.0
            ],
            "caption": "对于那些颜色和质地都表现出成熟特征的半熟桃子，可以优先考虑用于高端市场。\n对于那些生长在树枝末端的未熟绿色桃子，务必小心不要折断树枝。"
        },
        {
            "category": "半熟桃子",
            "bbox": [
                293.0,
                284.0,
                172.0,
                151.0
            ],
            "caption": "对于那些颜色和质地都表现出成熟特征的半熟桃子，可以优先考虑用于高端市场。\n对于那些生长在树枝末端的未熟绿色桃子，务必小心不要折断树枝。"
        }
    ]
}