{
    "image_id": "03_0503_152119.jpg",
    "annotations": [
        {
            "category": "半熟桃子",
            "bbox": [
                299.0,
                177.0,
                426.0,
                404.0
            ],
            "caption": "当您发现未熟绿色桃子的颜色和质地都达到了理想状态时，就可以准备采摘了。\n对于那些颜色已经开始转变的未熟绿色桃子，可以在早晨或傍晚时段进行采摘。"
        },
        {
            "category": "半熟桃子",
            "bbox": [
                697.0,
                282.0,
                65.0,
                191.0
            ],
            "caption": "当您发现未熟绿色桃子的颜色和质地都达到了理想状态时，就可以准备采摘了。\n对于那些颜色已经开始转变的未熟绿色桃子，可以在早晨或傍晚时段进行采摘。"
        }
    ]
}