{
    "image_id": "03_0503_152141.jpg",
    "annotations": [
        {
            "category": "半熟桃子",
            "bbox": [
                385.0,
                395.0,
                225.0,
                201.0
            ],
            "caption": "在采摘过程中，保持果园清洁，及时清理掉落在地上的腐烂未熟绿色桃子。\n当您注意到未熟绿色桃子的颜色变得非常吸引人时，这是采摘的好时机。\n如果您发现未熟绿色桃子中有特别大的个体，可以将其单独存放，以便特殊处理。\n对于那些生长在树枝末端的未熟绿色桃子，务必小心不要折断树枝。"
        },
        {
            "category": "半熟桃子",
            "bbox": [
                389.0,
                122.99999999999997,
                297.0,
                304.0
            ],
            "caption": "在采摘过程中，保持果园清洁，及时清理掉落在地上的腐烂未熟绿色桃子。\n当您注意到未熟绿色桃子的颜色变得非常吸引人时，这是采摘的好时机。\n如果您发现未熟绿色桃子中有特别大的个体，可以将其单独存放，以便特殊处理。\n对于那些生长在树枝末端的未熟绿色桃子，务必小心不要折断树枝。"
        },
        {
            "category": "半熟桃子",
            "bbox": [
                695.0,
                287.0,
                320.0,
                362.0
            ],
            "caption": "在采摘过程中，保持果园清洁，及时清理掉落在地上的腐烂未熟绿色桃子。\n当您注意到未熟绿色桃子的颜色变得非常吸引人时，这是采摘的好时机。\n如果您发现未熟绿色桃子中有特别大的个体，可以将其单独存放，以便特殊处理。\n对于那些生长在树枝末端的未熟绿色桃子，务必小心不要折断树枝。"
        },
        {
            "category": "半熟桃子",
            "bbox": [
                745.0,
                187.0,
                104.0,
                130.99999999999994
            ],
            "caption": "在采摘过程中，保持果园清洁，及时清理掉落在地上的腐烂未熟绿色桃子。\n当您注意到未熟绿色桃子的颜色变得非常吸引人时，这是采摘的好时机。\n如果您发现未熟绿色桃子中有特别大的个体，可以将其单独存放，以便特殊处理。\n对于那些生长在树枝末端的未熟绿色桃子，务必小心不要折断树枝。"
        }
    ]
}