{
    "image_id": "03_0503_151136.jpg",
    "annotations": [
        {
            "category": "半熟桃子",
            "bbox": [
                346.0,
                384.99999999999994,
                354.0,
                381.00000000000006
            ],
            "caption": "如果发现有新的栽培技术或管理经验，可以尝试应用到实际工作中，提高未熟绿色桃子的产量和质量。\n当您发现未熟绿色桃子的颜色和质地都达到了理想状态时，就可以准备采摘了。\n对于那些颜色和质地都表现出良好特征的未熟绿色桃子，可以优先考虑用于加工。"
        },
        {
            "category": "半熟桃子",
            "bbox": [
                379.0,
                0.0,
                375.0,
                372.0
            ],
            "caption": "如果发现有新的栽培技术或管理经验，可以尝试应用到实际工作中，提高未熟绿色桃子的产量和质量。\n当您发现未熟绿色桃子的颜色和质地都达到了理想状态时，就可以准备采摘了。\n对于那些颜色和质地都表现出良好特征的未熟绿色桃子，可以优先考虑用于加工。"
        },
        {
            "category": "半熟桃子",
            "bbox": [
                634.0,
                256.0,
                365.0,
                308.0
            ],
            "caption": "如果发现有新的栽培技术或管理经验，可以尝试应用到实际工作中，提高未熟绿色桃子的产量和质量。\n当您发现未熟绿色桃子的颜色和质地都达到了理想状态时，就可以准备采摘了。\n对于那些颜色和质地都表现出良好特征的未熟绿色桃子，可以优先考虑用于加工。"
        }
    ]
}