{
    "image_id": "03_0503_151346.jpg",
    "annotations": [
        {
            "category": "半熟桃子",
            "bbox": [
                376.0,
                119.0,
                204.0,
                265.0
            ],
            "caption": "如果未熟绿色桃子的颜色开始变深，这意味着它们已经接近完全成熟。\n检查未熟绿色桃子是否有自然裂口，如果有，应尽快采摘以减少损失。\n在采摘未熟绿色桃子时，请确保每棵植株都能得到适当的照顾。\n对于那些生长在树冠下层的未熟绿色桃子，可以考虑使用长臂剪刀进行安全采摘。"
        },
        {
            "category": "半熟桃子",
            "bbox": [
                492.0,
                371.99999999999994,
                112.0,
                95.00000000000006
            ],
            "caption": "如果未熟绿色桃子的颜色开始变深，这意味着它们已经接近完全成熟。\n检查未熟绿色桃子是否有自然裂口，如果有，应尽快采摘以减少损失。\n在采摘未熟绿色桃子时，请确保每棵植株都能得到适当的照顾。\n对于那些生长在树冠下层的未熟绿色桃子，可以考虑使用长臂剪刀进行安全采摘。"
        },
        {
            "category": "半熟桃子",
            "bbox": [
                963.0,
                710.0,
                29.0,
                36.999999999999886
            ],
            "caption": "如果未熟绿色桃子的颜色开始变深，这意味着它们已经接近完全成熟。\n检查未熟绿色桃子是否有自然裂口，如果有，应尽快采摘以减少损失。\n在采摘未熟绿色桃子时，请确保每棵植株都能得到适当的照顾。\n对于那些生长在树冠下层的未熟绿色桃子，可以考虑使用长臂剪刀进行安全采摘。"
        },
        {
            "category": "半熟桃子",
            "bbox": [
                971.0,
                50.0,
                52.0,
                76.99999999999999
            ],
            "caption": "如果未熟绿色桃子的颜色开始变深，这意味着它们已经接近完全成熟。\n检查未熟绿色桃子是否有自然裂口，如果有，应尽快采摘以减少损失。\n在采摘未熟绿色桃子时，请确保每棵植株都能得到适当的照顾。\n对于那些生长在树冠下层的未熟绿色桃子，可以考虑使用长臂剪刀进行安全采摘。"
        }
    ]
}