{
    "image_id": "03_0503_151515.jpg",
    "annotations": [
        {
            "category": "全熟桃子",
            "bbox": [
                291.0,
                318.0,
                422.0,
                442.0
            ],
            "caption": "对于那些颜色已经开始变化但还未完全成熟的半熟桃子，可以稍微延迟采摘。\n当您发现未熟绿色桃子的颜色和质地都达到了理想状态时，就可以准备采摘了。\n当您发现未熟绿色桃子的颜色逐渐加深，质地也变得更加柔软时，就可以开始采摘了。"
        },
        {
            "category": "半熟桃子",
            "bbox": [
                595.0,
                205.0,
                368.0,
                296.0
            ],
            "caption": "对于那些颜色已经开始变化但还未完全成熟的半熟桃子，可以稍微延迟采摘。\n当您发现未熟绿色桃子的颜色和质地都达到了理想状态时，就可以准备采摘了。\n当您发现未熟绿色桃子的颜色逐渐加深，质地也变得更加柔软时，就可以开始采摘了。"
        },
        {
            "category": "半熟桃子",
            "bbox": [
                366.0,
                120.99999999999999,
                201.0,
                223.99999999999994
            ],
            "caption": "对于那些颜色已经开始变化但还未完全成熟的半熟桃子，可以稍微延迟采摘。\n当您发现未熟绿色桃子的颜色和质地都达到了理想状态时，就可以准备采摘了。\n当您发现未熟绿色桃子的颜色逐渐加深，质地也变得更加柔软时，就可以开始采摘了。"
        }
    ]
}