{
    "image_id": "04_0501_160837.jpg",
    "annotations": [
        {
            "category": "全熟桃子",
            "bbox": [
                592.0,
                223.99999999999997,
                173.0,
                207.00000000000003
            ],
            "caption": "当您发现半熟桃子的颜色和质地都达到了理想状态时，就可以准备采摘了。\n当您发现未熟绿色桃子的颜色从青转为成熟色时，请立即进行采摘。"
        },
        {
            "category": "半熟桃子",
            "bbox": [
                299.0,
                238.99999999999997,
                235.0,
                228.00000000000003
            ],
            "caption": "当您发现半熟桃子的颜色和质地都达到了理想状态时，就可以准备采摘了。\n当您发现未熟绿色桃子的颜色从青转为成熟色时，请立即进行采摘。"
        }
    ]
}