{
    "image_id": "04_0501_161911.jpg",
    "annotations": [
        {
            "category": "全熟桃子",
            "bbox": [
                446.0,
                320.99999999999994,
                250.0,
                271.99999999999994
            ],
            "caption": "使用剪刀或专用工具来摘取半熟桃子，以减少对树枝和其他未成熟果实的潜在损害。\n对于那些颜色特别鲜艳且质地柔软的半熟桃子，可以优先考虑采摘。\n如果发现采摘下来的半熟桃子中有特别大的个体，可以作为展示或宣传用途，提升农场的形象。\n如果发现未熟绿色桃子周围有鸟类活动，请及时采取措施防止它们啄食。"
        },
        {
            "category": "全熟桃子",
            "bbox": [
                252.0,
                145.0,
                219.0,
                222.0
            ],
            "caption": "使用剪刀或专用工具来摘取半熟桃子，以减少对树枝和其他未成熟果实的潜在损害。\n对于那些颜色特别鲜艳且质地柔软的半熟桃子，可以优先考虑采摘。\n如果发现采摘下来的半熟桃子中有特别大的个体，可以作为展示或宣传用途，提升农场的形象。\n如果发现未熟绿色桃子周围有鸟类活动，请及时采取措施防止它们啄食。"
        },
        {
            "category": "全熟桃子",
            "bbox": [
                631.0,
                453.99999999999994,
                343.0,
                305.00000000000006
            ],
            "caption": "使用剪刀或专用工具来摘取半熟桃子，以减少对树枝和其他未成熟果实的潜在损害。\n对于那些颜色特别鲜艳且质地柔软的半熟桃子，可以优先考虑采摘。\n如果发现采摘下来的半熟桃子中有特别大的个体，可以作为展示或宣传用途，提升农场的形象。\n如果发现未熟绿色桃子周围有鸟类活动，请及时采取措施防止它们啄食。"
        },
        {
            "category": "半熟桃子",
            "bbox": [
                443.0,
                181.0,
                60.0,
                112.0
            ],
            "caption": "使用剪刀或专用工具来摘取半熟桃子，以减少对树枝和其他未成熟果实的潜在损害。\n对于那些颜色特别鲜艳且质地柔软的半熟桃子，可以优先考虑采摘。\n如果发现采摘下来的半熟桃子中有特别大的个体，可以作为展示或宣传用途，提升农场的形象。\n如果发现未熟绿色桃子周围有鸟类活动，请及时采取措施防止它们啄食。"
        }
    ]
}