{
    "image_id": "04_0501_161228.jpg",
    "annotations": [
        {
            "category": "全熟桃子",
            "bbox": [
                600.0,
                390.0,
                268.0,
                298.0
            ],
            "caption": "请仔细检查每一棵桃树，仅选择那些颜色达到最佳状态、表皮光滑且无瑕疵的半熟桃子进行采摘。\n对于那些颜色和质地都表现出成熟特征的未熟绿色桃子，可以优先考虑用于制作罐头。\n在采摘半熟桃子时，请确保所有工具都是干净无菌的，以避免交叉感染。"
        },
        {
            "category": "半熟桃子",
            "bbox": [
                365.0,
                246.0,
                288.0,
                289.0
            ],
            "caption": "请仔细检查每一棵桃树，仅选择那些颜色达到最佳状态、表皮光滑且无瑕疵的半熟桃子进行采摘。\n对于那些颜色和质地都表现出成熟特征的未熟绿色桃子，可以优先考虑用于制作罐头。\n在采摘半熟桃子时，请确保所有工具都是干净无菌的，以避免交叉感染。"
        },
        {
            "category": "全熟桃子",
            "bbox": [
                601.0,
                116.0,
                156.0,
                101.99999999999997
            ],
            "caption": "请仔细检查每一棵桃树，仅选择那些颜色达到最佳状态、表皮光滑且无瑕疵的半熟桃子进行采摘。\n对于那些颜色和质地都表现出成熟特征的未熟绿色桃子，可以优先考虑用于制作罐头。\n在采摘半熟桃子时，请确保所有工具都是干净无菌的，以避免交叉感染。"
        }
    ]
}