{
    "image_id": "04_0501_162218.jpg",
    "annotations": [
        {
            "category": "全熟桃子",
            "bbox": [
                308.0,
                176.0,
                304.0,
                328.99999999999994
            ],
            "caption": "对于那些颜色和质地都表现出成熟特征的半熟桃子，可以优先考虑用于销售。\n根据实际情况灵活调整采摘策略，有时候提前采摘一些接近成熟的半熟桃子反而能获得更好的保存效果。\n在采摘未熟绿色桃子时，确保每次采摘的数量适中，不要一次性摘得太多。"
        },
        {
            "category": "全熟桃子",
            "bbox": [
                867.0,
                440.0,
                156.0,
                222.9999999999999
            ],
            "caption": "对于那些颜色和质地都表现出成熟特征的半熟桃子，可以优先考虑用于销售。\n根据实际情况灵活调整采摘策略，有时候提前采摘一些接近成熟的半熟桃子反而能获得更好的保存效果。\n在采摘未熟绿色桃子时，确保每次采摘的数量适中，不要一次性摘得太多。"
        },
        {
            "category": "半熟桃子",
            "bbox": [
                781.0,
                443.0,
                128.0,
                98.0
            ],
            "caption": "对于那些颜色和质地都表现出成熟特征的半熟桃子，可以优先考虑用于销售。\n根据实际情况灵活调整采摘策略，有时候提前采摘一些接近成熟的半熟桃子反而能获得更好的保存效果。\n在采摘未熟绿色桃子时，确保每次采摘的数量适中，不要一次性摘得太多。"
        }
    ]
}