{
    "image_id": "04_0501_161337.jpg",
    "annotations": [
        {
            "category": "全熟桃子",
            "bbox": [
                463.0,
                293.0,
                213.0,
                279.0
            ],
            "caption": "对于那些颜色和质地都表现出成熟特征的半熟桃子，可以优先考虑用于高端销售渠道。\n采摘半熟桃子时，尽量让果实连着一小段枝条一起摘下，有助于保持新鲜。\n在采摘前，先了解当天的天气预报，选择适宜的时间进行作业。"
        },
        {
            "category": "全熟桃子",
            "bbox": [
                397.0,
                0.0,
                109.0,
                89.0
            ],
            "caption": "对于那些颜色和质地都表现出成熟特征的半熟桃子，可以优先考虑用于高端销售渠道。\n采摘半熟桃子时，尽量让果实连着一小段枝条一起摘下，有助于保持新鲜。\n在采摘前，先了解当天的天气预报，选择适宜的时间进行作业。"
        },
        {
            "category": "全熟桃子",
            "bbox": [
                550.0,
                208.99999999999997,
                152.0,
                159.00000000000003
            ],
            "caption": "对于那些颜色和质地都表现出成熟特征的半熟桃子，可以优先考虑用于高端销售渠道。\n采摘半熟桃子时，尽量让果实连着一小段枝条一起摘下，有助于保持新鲜。\n在采摘前，先了解当天的天气预报，选择适宜的时间进行作业。"
        }
    ]
}