{
    "image_id": "04_0501_161409.jpg",
    "annotations": [
        {
            "category": "全熟桃子",
            "bbox": [
                553.0,
                534.0,
                229.0,
                193.0
            ],
            "caption": "当您发现半熟桃子的颜色和质地都达到了理想状态时，就可以准备采摘了。\n在采摘过程中，保持果园清洁，及时清理掉落在地上的腐烂半熟桃子。\n如果半熟桃子的颜色和质地都表明它已经成熟，那么就可以放心地采摘了。\n请确保所有采摘半熟桃子的人员都经过了专业培训。\n对于那些颜色和质地都表现出成熟特征的半熟桃子，可以优先考虑用于直接销售给消费者。\n对于那些颜色和质地都表现出成熟特征的半熟桃子，可以优先考虑用于鲜食市场。"
        },
        {
            "category": "全熟桃子",
            "bbox": [
                660.0,
                0.0,
                263.0,
                238.0
            ],
            "caption": "当您发现半熟桃子的颜色和质地都达到了理想状态时，就可以准备采摘了。\n在采摘过程中，保持果园清洁，及时清理掉落在地上的腐烂半熟桃子。\n如果半熟桃子的颜色和质地都表明它已经成熟，那么就可以放心地采摘了。\n请确保所有采摘半熟桃子的人员都经过了专业培训。\n对于那些颜色和质地都表现出成熟特征的半熟桃子，可以优先考虑用于直接销售给消费者。\n对于那些颜色和质地都表现出成熟特征的半熟桃子，可以优先考虑用于鲜食市场。"
        },
        {
            "category": "全熟桃子",
            "bbox": [
                366.0,
                126.0,
                126.0,
                242.0
            ],
            "caption": "当您发现半熟桃子的颜色和质地都达到了理想状态时，就可以准备采摘了。\n在采摘过程中，保持果园清洁，及时清理掉落在地上的腐烂半熟桃子。\n如果半熟桃子的颜色和质地都表明它已经成熟，那么就可以放心地采摘了。\n请确保所有采摘半熟桃子的人员都经过了专业培训。\n对于那些颜色和质地都表现出成熟特征的半熟桃子，可以优先考虑用于直接销售给消费者。\n对于那些颜色和质地都表现出成熟特征的半熟桃子，可以优先考虑用于鲜食市场。"
        },
        {
            "category": "全熟桃子",
            "bbox": [
                626.0,
                311.0,
                184.0,
                243.0
            ],
            "caption": "当您发现半熟桃子的颜色和质地都达到了理想状态时，就可以准备采摘了。\n在采摘过程中，保持果园清洁，及时清理掉落在地上的腐烂半熟桃子。\n如果半熟桃子的颜色和质地都表明它已经成熟，那么就可以放心地采摘了。\n请确保所有采摘半熟桃子的人员都经过了专业培训。\n对于那些颜色和质地都表现出成熟特征的半熟桃子，可以优先考虑用于直接销售给消费者。\n对于那些颜色和质地都表现出成熟特征的半熟桃子，可以优先考虑用于鲜食市场。"
        },
        {
            "category": "全熟桃子",
            "bbox": [
                337.0,
                447.0,
                239.0,
                238.9999999999999
            ],
            "caption": "当您发现半熟桃子的颜色和质地都达到了理想状态时，就可以准备采摘了。\n在采摘过程中，保持果园清洁，及时清理掉落在地上的腐烂半熟桃子。\n如果半熟桃子的颜色和质地都表明它已经成熟，那么就可以放心地采摘了。\n请确保所有采摘半熟桃子的人员都经过了专业培训。\n对于那些颜色和质地都表现出成熟特征的半熟桃子，可以优先考虑用于直接销售给消费者。\n对于那些颜色和质地都表现出成熟特征的半熟桃子，可以优先考虑用于鲜食市场。"
        },
        {
            "category": "全熟桃子",
            "bbox": [
                483.0,
                392.0,
                65.0,
                87.99999999999989
            ],
            "caption": "当您发现半熟桃子的颜色和质地都达到了理想状态时，就可以准备采摘了。\n在采摘过程中，保持果园清洁，及时清理掉落在地上的腐烂半熟桃子。\n如果半熟桃子的颜色和质地都表明它已经成熟，那么就可以放心地采摘了。\n请确保所有采摘半熟桃子的人员都经过了专业培训。\n对于那些颜色和质地都表现出成熟特征的半熟桃子，可以优先考虑用于直接销售给消费者。\n对于那些颜色和质地都表现出成熟特征的半熟桃子，可以优先考虑用于鲜食市场。"
        }
    ]
}