{
    "image_id": "04_0501_162007.jpg",
    "annotations": [
        {
            "category": "全熟桃子",
            "bbox": [
                400.0,
                372.99999999999994,
                180.0,
                189.00000000000006
            ],
            "caption": "当您发现半熟桃子的颜色和质地都达到了理想状态时，就可以准备采摘了。\n对于那些颜色和质地都表现出成熟特征的半熟桃子，可以优先考虑用于制作水果沙拉。\n对于那些生长在树冠下层的半熟桃子，可以考虑使用长臂剪刀进行安全采摘。"
        },
        {
            "category": "全熟桃子",
            "bbox": [
                350.0,
                258.0,
                147.0,
                140.0
            ],
            "caption": "当您发现半熟桃子的颜色和质地都达到了理想状态时，就可以准备采摘了。\n对于那些颜色和质地都表现出成熟特征的半熟桃子，可以优先考虑用于制作水果沙拉。\n对于那些生长在树冠下层的半熟桃子，可以考虑使用长臂剪刀进行安全采摘。"
        },
        {
            "category": "全熟桃子",
            "bbox": [
                585.0,
                213.0,
                160.0,
                207.99999999999994
            ],
            "caption": "当您发现半熟桃子的颜色和质地都达到了理想状态时，就可以准备采摘了。\n对于那些颜色和质地都表现出成熟特征的半熟桃子，可以优先考虑用于制作水果沙拉。\n对于那些生长在树冠下层的半熟桃子，可以考虑使用长臂剪刀进行安全采摘。"
        }
    ]
}