{
    "image_id": "04_0501_161437.jpg",
    "annotations": [
        {
            "category": "全熟桃子",
            "bbox": [
                517.0,
                290.0,
                154.0,
                162.0
            ],
            "caption": "在采摘半熟桃子时，请确保所有工具都是干净无菌的，以避免交叉感染。\n对于那些颜色和质地都表现出成熟特征的未熟绿色桃子，可以优先考虑用于直接销售给消费者。"
        },
        {
            "category": "半熟桃子",
            "bbox": [
                457.0,
                410.0,
                68.0,
                86.0
            ],
            "caption": "在采摘半熟桃子时，请确保所有工具都是干净无菌的，以避免交叉感染。\n对于那些颜色和质地都表现出成熟特征的未熟绿色桃子，可以优先考虑用于直接销售给消费者。"
        }
    ]
}