{
    "image_id": "04_0501_161252.jpg",
    "annotations": [
        {
            "category": "全熟桃子",
            "bbox": [
                735.0,
                299.0,
                288.0,
                288.9999999999999
            ],
            "caption": "当您发现半熟桃子的颜色和形状都非常完美时，这通常是采摘的最佳时机。\n当您发现半熟桃子的颜色从青转为成熟色时，请立即进行采摘。\n对于那些颜色和质地都表现出成熟特征的未熟绿色桃子，可以优先考虑用于制作水果沙拉。\n当您发现未熟绿色桃子的颜色和质地都达到了理想状态时，就可以准备采摘了。"
        },
        {
            "category": "全熟桃子",
            "bbox": [
                468.0,
                276.99999999999994,
                200.0,
                222.0
            ],
            "caption": "当您发现半熟桃子的颜色和形状都非常完美时，这通常是采摘的最佳时机。\n当您发现半熟桃子的颜色从青转为成熟色时，请立即进行采摘。\n对于那些颜色和质地都表现出成熟特征的未熟绿色桃子，可以优先考虑用于制作水果沙拉。\n当您发现未熟绿色桃子的颜色和质地都达到了理想状态时，就可以准备采摘了。"
        },
        {
            "category": "半熟桃子",
            "bbox": [
                202.0,
                686.9999999999999,
                56.0,
                62.000000000000114
            ],
            "caption": "当您发现半熟桃子的颜色和形状都非常完美时，这通常是采摘的最佳时机。\n当您发现半熟桃子的颜色从青转为成熟色时，请立即进行采摘。\n对于那些颜色和质地都表现出成熟特征的未熟绿色桃子，可以优先考虑用于制作水果沙拉。\n当您发现未熟绿色桃子的颜色和质地都达到了理想状态时，就可以准备采摘了。"
        },
        {
            "category": "半熟桃子",
            "bbox": [
                239.0,
                661.0,
                45.0,
                66.0
            ],
            "caption": "当您发现半熟桃子的颜色和形状都非常完美时，这通常是采摘的最佳时机。\n当您发现半熟桃子的颜色从青转为成熟色时，请立即进行采摘。\n对于那些颜色和质地都表现出成熟特征的未熟绿色桃子，可以优先考虑用于制作水果沙拉。\n当您发现未熟绿色桃子的颜色和质地都达到了理想状态时，就可以准备采摘了。"
        }
    ]
}