{
    "image_id": "04_0503_144757.jpg",
    "annotations": [
        {
            "category": "全熟桃子",
            "bbox": [
                388.0,
                253.99999999999997,
                285.0,
                276.9999999999999
            ],
            "caption": "对于那些颜色已经开始变化但还未完全成熟的半熟桃子，可以稍微延迟采摘。\n如果您发现半熟桃子周围有鸟类活动，请设置防护网保护未成熟的作物。"
        },
        {
            "category": "全熟桃子",
            "bbox": [
                904.0,
                158.0,
                119.0,
                280.99999999999994
            ],
            "caption": "对于那些颜色已经开始变化但还未完全成熟的半熟桃子，可以稍微延迟采摘。\n如果您发现半熟桃子周围有鸟类活动，请设置防护网保护未成熟的作物。"
        }
    ]
}