{
    "image_id": "04_0501_162259.jpg",
    "annotations": [
        {
            "category": "全熟桃子",
            "bbox": [
                559.0,
                476.0,
                403.0,
                255.9999999999999
            ],
            "caption": "对于那些长势较好的植株，可以适当多采摘一些成熟的半熟桃子；而对于长势较差的，则要谨慎行事，给予更多的恢复时间。\n在采摘半熟桃子时，尽量避免直接暴露在强烈的阳光下，以保护您的皮肤。\n注意观察半熟桃子的大小，过小的果实可能需要更多时间来成长。\n对于那些颜色和质地都表现出良好特征的半熟桃子，可以优先考虑用于加工。"
        },
        {
            "category": "全熟桃子",
            "bbox": [
                369.0,
                84.99999999999999,
                326.0,
                308.99999999999994
            ],
            "caption": "对于那些长势较好的植株，可以适当多采摘一些成熟的半熟桃子；而对于长势较差的，则要谨慎行事，给予更多的恢复时间。\n在采摘半熟桃子时，尽量避免直接暴露在强烈的阳光下，以保护您的皮肤。\n注意观察半熟桃子的大小，过小的果实可能需要更多时间来成长。\n对于那些颜色和质地都表现出良好特征的半熟桃子，可以优先考虑用于加工。"
        },
        {
            "category": "全熟桃子",
            "bbox": [
                123.0,
                364.0,
                293.0,
                308.0
            ],
            "caption": "对于那些长势较好的植株，可以适当多采摘一些成熟的半熟桃子；而对于长势较差的，则要谨慎行事，给予更多的恢复时间。\n在采摘半熟桃子时，尽量避免直接暴露在强烈的阳光下，以保护您的皮肤。\n注意观察半熟桃子的大小，过小的果实可能需要更多时间来成长。\n对于那些颜色和质地都表现出良好特征的半熟桃子，可以优先考虑用于加工。"
        },
        {
            "category": "全熟桃子",
            "bbox": [
                512.0,
                331.0,
                148.0,
                89.99999999999994
            ],
            "caption": "对于那些长势较好的植株，可以适当多采摘一些成熟的半熟桃子；而对于长势较差的，则要谨慎行事，给予更多的恢复时间。\n在采摘半熟桃子时，尽量避免直接暴露在强烈的阳光下，以保护您的皮肤。\n注意观察半熟桃子的大小，过小的果实可能需要更多时间来成长。\n对于那些颜色和质地都表现出良好特征的半熟桃子，可以优先考虑用于加工。"
        }
    ]
}