{
    "image_id": "04_0501_161230.jpg",
    "annotations": [
        {
            "category": "全熟桃子",
            "bbox": [
                665.0,
                171.0,
                275.0,
                306.0
            ],
            "caption": "对于那些颜色和质地都表现出成熟特征的半熟桃子，可以优先考虑用于快速销售。\n在采摘未熟绿色桃子时，请确保每次采摘后的果实都被迅速运往冷藏设施。"
        },
        {
            "category": "半熟桃子",
            "bbox": [
                0.0,
                570.0,
                129.0,
                165.0
            ],
            "caption": "对于那些颜色和质地都表现出成熟特征的半熟桃子，可以优先考虑用于快速销售。\n在采摘未熟绿色桃子时，请确保每次采摘后的果实都被迅速运往冷藏设施。"
        }
    ]
}