{
    "image_id": "04_0503_145525.jpg",
    "annotations": [
        {
            "category": "半熟桃子",
            "bbox": [
                373.0,
                322.0,
                389.0,
                379.0
            ],
            "caption": "尽量采用现代化的设备和技术，如无人机监测或智能采摘机器人，精准地采摘这些成熟的未熟绿色桃子，提高采摘效率的同时减少对未成熟未熟绿色桃子的影响。\n检查每个未熟绿色桃子的颜色、质地和气味，这些都是判断其是否成熟的良好指标；对于那些不确定的未熟绿色桃子，可以稍后再做决定。"
        },
        {
            "category": "半熟桃子",
            "bbox": [
                778.0,
                362.99999999999994,
                204.0,
                259.99999999999994
            ],
            "caption": "尽量采用现代化的设备和技术，如无人机监测或智能采摘机器人，精准地采摘这些成熟的未熟绿色桃子，提高采摘效率的同时减少对未成熟未熟绿色桃子的影响。\n检查每个未熟绿色桃子的颜色、质地和气味，这些都是判断其是否成熟的良好指标；对于那些不确定的未熟绿色桃子，可以稍后再做决定。"
        }
    ]
}