{
    "image_id": "04_0501_161523.jpg",
    "annotations": [
        {
            "category": "全熟桃子",
            "bbox": [
                483.0,
                68.00000000000001,
                264.0,
                278.0
            ],
            "caption": "对于那些颜色和质地都表现出成熟特征的半熟桃子，可以优先考虑用于制作水果沙拉。\n对于那些生长在陡峭山坡上的半熟桃子，建议使用梯子辅助采摘。\n如果发现采摘下来的半熟桃子中有特别受欢迎的品种，可以加大种植面积或改进栽培技术。\n对于那些颜色和质地都表现出成熟特征的半熟桃子，可以优先考虑用于高端市场。\n对于那些颜色和质地都表现出成熟特征的未熟绿色桃子，可以优先考虑用于礼品包装。"
        },
        {
            "category": "全熟桃子",
            "bbox": [
                317.0,
                223.0,
                152.0,
                91.0
            ],
            "caption": "对于那些颜色和质地都表现出成熟特征的半熟桃子，可以优先考虑用于制作水果沙拉。\n对于那些生长在陡峭山坡上的半熟桃子，建议使用梯子辅助采摘。\n如果发现采摘下来的半熟桃子中有特别受欢迎的品种，可以加大种植面积或改进栽培技术。\n对于那些颜色和质地都表现出成熟特征的半熟桃子，可以优先考虑用于高端市场。\n对于那些颜色和质地都表现出成熟特征的未熟绿色桃子，可以优先考虑用于礼品包装。"
        },
        {
            "category": "全熟桃子",
            "bbox": [
                600.0,
                294.0,
                124.0,
                137.0
            ],
            "caption": "对于那些颜色和质地都表现出成熟特征的半熟桃子，可以优先考虑用于制作水果沙拉。\n对于那些生长在陡峭山坡上的半熟桃子，建议使用梯子辅助采摘。\n如果发现采摘下来的半熟桃子中有特别受欢迎的品种，可以加大种植面积或改进栽培技术。\n对于那些颜色和质地都表现出成熟特征的半熟桃子，可以优先考虑用于高端市场。\n对于那些颜色和质地都表现出成熟特征的未熟绿色桃子，可以优先考虑用于礼品包装。"
        },
        {
            "category": "全熟桃子",
            "bbox": [
                597.0,
                428.0,
                281.0,
                249.0
            ],
            "caption": "对于那些颜色和质地都表现出成熟特征的半熟桃子，可以优先考虑用于制作水果沙拉。\n对于那些生长在陡峭山坡上的半熟桃子，建议使用梯子辅助采摘。\n如果发现采摘下来的半熟桃子中有特别受欢迎的品种，可以加大种植面积或改进栽培技术。\n对于那些颜色和质地都表现出成熟特征的半熟桃子，可以优先考虑用于高端市场。\n对于那些颜色和质地都表现出成熟特征的未熟绿色桃子，可以优先考虑用于礼品包装。"
        },
        {
            "category": "半熟桃子",
            "bbox": [
                429.0,
                630.0,
                121.0,
                136.0
            ],
            "caption": "对于那些颜色和质地都表现出成熟特征的半熟桃子，可以优先考虑用于制作水果沙拉。\n对于那些生长在陡峭山坡上的半熟桃子，建议使用梯子辅助采摘。\n如果发现采摘下来的半熟桃子中有特别受欢迎的品种，可以加大种植面积或改进栽培技术。\n对于那些颜色和质地都表现出成熟特征的半熟桃子，可以优先考虑用于高端市场。\n对于那些颜色和质地都表现出成熟特征的未熟绿色桃子，可以优先考虑用于礼品包装。"
        }
    ]
}