{
    "image_id": "04_0501_161848.jpg",
    "annotations": [
        {
            "category": "全熟桃子",
            "bbox": [
                556.0,
                288.0,
                176.0,
                189.0
            ],
            "caption": "对于那些颜色和质地都表现出成熟特征的半熟桃子，可以优先考虑用于制作果冻。\n如果您发现半熟桃子中有特别大的个体，可以将其单独存放，以便特殊处理。\n在采摘未熟绿色桃子时，请确保所有采摘下的果实都没有受到任何损害。\n如果发现未熟绿色桃子周围有鸟类活动，请及时采取措施防止它们啄食。"
        },
        {
            "category": "全熟桃子",
            "bbox": [
                209.0,
                88.0,
                116.0,
                62.0
            ],
            "caption": "对于那些颜色和质地都表现出成熟特征的半熟桃子，可以优先考虑用于制作果冻。\n如果您发现半熟桃子中有特别大的个体，可以将其单独存放，以便特殊处理。\n在采摘未熟绿色桃子时，请确保所有采摘下的果实都没有受到任何损害。\n如果发现未熟绿色桃子周围有鸟类活动，请及时采取措施防止它们啄食。"
        },
        {
            "category": "半熟桃子",
            "bbox": [
                732.0,
                358.0,
                30.0,
                58.0
            ],
            "caption": "对于那些颜色和质地都表现出成熟特征的半熟桃子，可以优先考虑用于制作果冻。\n如果您发现半熟桃子中有特别大的个体，可以将其单独存放，以便特殊处理。\n在采摘未熟绿色桃子时，请确保所有采摘下的果实都没有受到任何损害。\n如果发现未熟绿色桃子周围有鸟类活动，请及时采取措施防止它们啄食。"
        },
        {
            "category": "半熟桃子",
            "bbox": [
                678.0,
                626.0,
                40.0,
                47.0
            ],
            "caption": "对于那些颜色和质地都表现出成熟特征的半熟桃子，可以优先考虑用于制作果冻。\n如果您发现半熟桃子中有特别大的个体，可以将其单独存放，以便特殊处理。\n在采摘未熟绿色桃子时，请确保所有采摘下的果实都没有受到任何损害。\n如果发现未熟绿色桃子周围有鸟类活动，请及时采取措施防止它们啄食。"
        }
    ]
}