{
    "image_id": "04_0501_162334.jpg",
    "annotations": [
        {
            "category": "全熟桃子",
            "bbox": [
                608.0,
                337.0,
                279.0,
                253.0
            ],
            "caption": "选择清晨或傍晚时段采摘半熟桃子，以保证果实的新鲜度和口感。\n采摘后，立即将半熟桃子放入冷藏设备中保存，以延长保鲜期。\n在采摘未熟绿色桃子时，请确保每棵植株都能得到适当的照顾。"
        },
        {
            "category": "全熟桃子",
            "bbox": [
                208.0,
                49.00000000000001,
                224.0,
                259.0
            ],
            "caption": "选择清晨或傍晚时段采摘半熟桃子，以保证果实的新鲜度和口感。\n采摘后，立即将半熟桃子放入冷藏设备中保存，以延长保鲜期。\n在采摘未熟绿色桃子时，请确保每棵植株都能得到适当的照顾。"
        },
        {
            "category": "半熟桃子",
            "bbox": [
                0.0,
                0.0,
                61.0,
                176.0
            ],
            "caption": "选择清晨或傍晚时段采摘半熟桃子，以保证果实的新鲜度和口感。\n采摘后，立即将半熟桃子放入冷藏设备中保存，以延长保鲜期。\n在采摘未熟绿色桃子时，请确保每棵植株都能得到适当的照顾。"
        }
    ]
}