{
    "image_id": "04_0501_161100.jpg",
    "annotations": [
        {
            "category": "全熟桃子",
            "bbox": [
                675.0,
                381.0,
                232.0,
                265.0
            ],
            "caption": "检查半熟桃子是否有自然裂口，如果有，应尽快采摘以减少损失。\n当您注意到半熟桃子的颜色变得非常吸引人时，这是采摘的好时机。"
        },
        {
            "category": "全熟桃子",
            "bbox": [
                530.0,
                330.0,
                158.0,
                199.0
            ],
            "caption": "检查半熟桃子是否有自然裂口，如果有，应尽快采摘以减少损失。\n当您注意到半熟桃子的颜色变得非常吸引人时，这是采摘的好时机。"
        }
    ]
}