{
    "image_id": "04_0501_162018.jpg",
    "annotations": [
        {
            "category": "全熟桃子",
            "bbox": [
                883.0,
                648.0,
                140.0,
                118.0
            ],
            "caption": "对于那些生长在树枝末端的半熟桃子，务必小心不要折断树枝。\n如果半熟桃子的颜色开始变深，这意味着它们已经接近完全成熟。\n在采摘半熟桃子时，请确保所有采摘下的果实都没有受到任何损害。\n检查每个半熟桃子的颜色、质地和气味，这些都是判断其是否成熟的良好指标；对于那些不确定的半熟桃子，可以稍后再做决定。\n在采摘未熟绿色桃子时，请确保每个果实都得到细致的检查。\n对于那些颜色和质地都表现出成熟特征的未熟绿色桃子，可以优先考虑用于制作果汁。\n避免在强风或雨天采摘未熟绿色桃子，以免影响果实品质。\n在采摘未熟绿色桃子时，请确保每次采摘的数量适中，不要一次性摘得太多。"
        },
        {
            "category": "全熟桃子",
            "bbox": [
                712.0,
                58.00000000000001,
                264.0,
                254.0
            ],
            "caption": "对于那些生长在树枝末端的半熟桃子，务必小心不要折断树枝。\n如果半熟桃子的颜色开始变深，这意味着它们已经接近完全成熟。\n在采摘半熟桃子时，请确保所有采摘下的果实都没有受到任何损害。\n检查每个半熟桃子的颜色、质地和气味，这些都是判断其是否成熟的良好指标；对于那些不确定的半熟桃子，可以稍后再做决定。\n在采摘未熟绿色桃子时，请确保每个果实都得到细致的检查。\n对于那些颜色和质地都表现出成熟特征的未熟绿色桃子，可以优先考虑用于制作果汁。\n避免在强风或雨天采摘未熟绿色桃子，以免影响果实品质。\n在采摘未熟绿色桃子时，请确保每次采摘的数量适中，不要一次性摘得太多。"
        },
        {
            "category": "全熟桃子",
            "bbox": [
                343.0,
                152.99999999999997,
                241.0,
                207.99999999999997
            ],
            "caption": "对于那些生长在树枝末端的半熟桃子，务必小心不要折断树枝。\n如果半熟桃子的颜色开始变深，这意味着它们已经接近完全成熟。\n在采摘半熟桃子时，请确保所有采摘下的果实都没有受到任何损害。\n检查每个半熟桃子的颜色、质地和气味，这些都是判断其是否成熟的良好指标；对于那些不确定的半熟桃子，可以稍后再做决定。\n在采摘未熟绿色桃子时，请确保每个果实都得到细致的检查。\n对于那些颜色和质地都表现出成熟特征的未熟绿色桃子，可以优先考虑用于制作果汁。\n避免在强风或雨天采摘未熟绿色桃子，以免影响果实品质。\n在采摘未熟绿色桃子时，请确保每次采摘的数量适中，不要一次性摘得太多。"
        },
        {
            "category": "全熟桃子",
            "bbox": [
                369.0,
                340.0,
                98.0,
                82.0
            ],
            "caption": "对于那些生长在树枝末端的半熟桃子，务必小心不要折断树枝。\n如果半熟桃子的颜色开始变深，这意味着它们已经接近完全成熟。\n在采摘半熟桃子时，请确保所有采摘下的果实都没有受到任何损害。\n检查每个半熟桃子的颜色、质地和气味，这些都是判断其是否成熟的良好指标；对于那些不确定的半熟桃子，可以稍后再做决定。\n在采摘未熟绿色桃子时，请确保每个果实都得到细致的检查。\n对于那些颜色和质地都表现出成熟特征的未熟绿色桃子，可以优先考虑用于制作果汁。\n避免在强风或雨天采摘未熟绿色桃子，以免影响果实品质。\n在采摘未熟绿色桃子时，请确保每次采摘的数量适中，不要一次性摘得太多。"
        },
        {
            "category": "半熟桃子",
            "bbox": [
                543.0,
                150.0,
                106.0,
                94.99999999999997
            ],
            "caption": "对于那些生长在树枝末端的半熟桃子，务必小心不要折断树枝。\n如果半熟桃子的颜色开始变深，这意味着它们已经接近完全成熟。\n在采摘半熟桃子时，请确保所有采摘下的果实都没有受到任何损害。\n检查每个半熟桃子的颜色、质地和气味，这些都是判断其是否成熟的良好指标；对于那些不确定的半熟桃子，可以稍后再做决定。\n在采摘未熟绿色桃子时，请确保每个果实都得到细致的检查。\n对于那些颜色和质地都表现出成熟特征的未熟绿色桃子，可以优先考虑用于制作果汁。\n避免在强风或雨天采摘未熟绿色桃子，以免影响果实品质。\n在采摘未熟绿色桃子时，请确保每次采摘的数量适中，不要一次性摘得太多。"
        },
        {
            "category": "半熟桃子",
            "bbox": [
                575.0,
                429.99999999999994,
                216.0,
                222.00000000000006
            ],
            "caption": "对于那些生长在树枝末端的半熟桃子，务必小心不要折断树枝。\n如果半熟桃子的颜色开始变深，这意味着它们已经接近完全成熟。\n在采摘半熟桃子时，请确保所有采摘下的果实都没有受到任何损害。\n检查每个半熟桃子的颜色、质地和气味，这些都是判断其是否成熟的良好指标；对于那些不确定的半熟桃子，可以稍后再做决定。\n在采摘未熟绿色桃子时，请确保每个果实都得到细致的检查。\n对于那些颜色和质地都表现出成熟特征的未熟绿色桃子，可以优先考虑用于制作果汁。\n避免在强风或雨天采摘未熟绿色桃子，以免影响果实品质。\n在采摘未熟绿色桃子时，请确保每次采摘的数量适中，不要一次性摘得太多。"
        },
        {
            "category": "半熟桃子",
            "bbox": [
                358.0,
                537.0,
                155.0,
                126.0
            ],
            "caption": "对于那些生长在树枝末端的半熟桃子，务必小心不要折断树枝。\n如果半熟桃子的颜色开始变深，这意味着它们已经接近完全成熟。\n在采摘半熟桃子时，请确保所有采摘下的果实都没有受到任何损害。\n检查每个半熟桃子的颜色、质地和气味，这些都是判断其是否成熟的良好指标；对于那些不确定的半熟桃子，可以稍后再做决定。\n在采摘未熟绿色桃子时，请确保每个果实都得到细致的检查。\n对于那些颜色和质地都表现出成熟特征的未熟绿色桃子，可以优先考虑用于制作果汁。\n避免在强风或雨天采摘未熟绿色桃子，以免影响果实品质。\n在采摘未熟绿色桃子时，请确保每次采摘的数量适中，不要一次性摘得太多。"
        },
        {
            "category": "半熟桃子",
            "bbox": [
                359.0,
                644.0,
                120.0,
                98.0
            ],
            "caption": "对于那些生长在树枝末端的半熟桃子，务必小心不要折断树枝。\n如果半熟桃子的颜色开始变深，这意味着它们已经接近完全成熟。\n在采摘半熟桃子时，请确保所有采摘下的果实都没有受到任何损害。\n检查每个半熟桃子的颜色、质地和气味，这些都是判断其是否成熟的良好指标；对于那些不确定的半熟桃子，可以稍后再做决定。\n在采摘未熟绿色桃子时，请确保每个果实都得到细致的检查。\n对于那些颜色和质地都表现出成熟特征的未熟绿色桃子，可以优先考虑用于制作果汁。\n避免在强风或雨天采摘未熟绿色桃子，以免影响果实品质。\n在采摘未熟绿色桃子时，请确保每次采摘的数量适中，不要一次性摘得太多。"
        }
    ]
}