{
    "image_id": "04_0501_161244.jpg",
    "annotations": [
        {
            "category": "全熟桃子",
            "bbox": [
                402.0,
                193.99999999999997,
                320.0,
                288.0
            ],
            "caption": "在采摘半熟桃子时，尽量避开中午阳光最强烈的时候，以减少热损伤。\n对于那些颜色和质地都表现出成熟特征的半熟桃子，可以优先考虑用于制作干果。"
        },
        {
            "category": "全熟桃子",
            "bbox": [
                451.0,
                55.00000000000001,
                220.0,
                189.99999999999997
            ],
            "caption": "在采摘半熟桃子时，尽量避开中午阳光最强烈的时候，以减少热损伤。\n对于那些颜色和质地都表现出成熟特征的半熟桃子，可以优先考虑用于制作干果。"
        }
    ]
}