{
    "image_id": "04_0503_145452.jpg",
    "annotations": [
        {
            "category": "半熟桃子",
            "bbox": [
                439.0,
                238.0,
                273.0,
                272.0
            ],
            "caption": "在采摘未熟绿色桃子时，请确保所有采摘下的果实都没有受到任何损害。\n对于那些颜色和质地都表现出成熟特征的未熟绿色桃子，可以优先考虑用于制作水果沙拉。"
        },
        {
            "category": "半熟桃子",
            "bbox": [
                440.0,
                129.0,
                88.0,
                106.0
            ],
            "caption": "在采摘未熟绿色桃子时，请确保所有采摘下的果实都没有受到任何损害。\n对于那些颜色和质地都表现出成熟特征的未熟绿色桃子，可以优先考虑用于制作水果沙拉。"
        }
    ]
}