{
    "image_id": "04_0501_161533.jpg",
    "annotations": [
        {
            "category": "半熟桃子",
            "bbox": [
                666.0,
                1.9999999999999716,
                357.0,
                543.0
            ],
            "caption": "如果未熟绿色桃子的颜色开始变深，这意味着它们已经接近完全成熟。\n分批采摘，先摘那些最成熟的未熟绿色桃子，给其他时间让它们继续发育。"
        },
        {
            "category": "半熟桃子",
            "bbox": [
                454.0,
                282.99999999999994,
                182.0,
                318.00000000000006
            ],
            "caption": "如果未熟绿色桃子的颜色开始变深，这意味着它们已经接近完全成熟。\n分批采摘，先摘那些最成熟的未熟绿色桃子，给其他时间让它们继续发育。"
        }
    ]
}