{
    "image_id": "04_0501_162215.jpg",
    "annotations": [
        {
            "category": "半熟桃子",
            "bbox": [
                202.0,
                54.999999999999986,
                366.0,
                386.99999999999994
            ],
            "caption": "对于那些颜色和质地都表现出成熟特征的未熟绿色桃子，可以优先考虑用于参加农业展览。\n当您发现半熟桃子的颜色和质地都达到了理想状态时，就可以准备采摘了。\n摘取半熟桃子时，避免用力过猛以免对果实造成不必要的伤害。\n当您发现半熟桃子的颜色和质地都达到了理想状态时，就可以准备采摘了。\n对于那些颜色特别鲜艳且质地柔软的未熟绿色桃子，可以优先考虑采摘。"
        },
        {
            "category": "全熟桃子",
            "bbox": [
                501.0,
                326.0,
                219.0,
                234.9999999999999
            ],
            "caption": "对于那些颜色和质地都表现出成熟特征的未熟绿色桃子，可以优先考虑用于参加农业展览。\n当您发现半熟桃子的颜色和质地都达到了理想状态时，就可以准备采摘了。\n摘取半熟桃子时，避免用力过猛以免对果实造成不必要的伤害。\n当您发现半熟桃子的颜色和质地都达到了理想状态时，就可以准备采摘了。\n对于那些颜色特别鲜艳且质地柔软的未熟绿色桃子，可以优先考虑采摘。"
        },
        {
            "category": "全熟桃子",
            "bbox": [
                758.0,
                67.0,
                45.0,
                41.0
            ],
            "caption": "对于那些颜色和质地都表现出成熟特征的未熟绿色桃子，可以优先考虑用于参加农业展览。\n当您发现半熟桃子的颜色和质地都达到了理想状态时，就可以准备采摘了。\n摘取半熟桃子时，避免用力过猛以免对果实造成不必要的伤害。\n当您发现半熟桃子的颜色和质地都达到了理想状态时，就可以准备采摘了。\n对于那些颜色特别鲜艳且质地柔软的未熟绿色桃子，可以优先考虑采摘。"
        },
        {
            "category": "全熟桃子",
            "bbox": [
                748.0,
                102.0,
                59.0,
                58.0
            ],
            "caption": "对于那些颜色和质地都表现出成熟特征的未熟绿色桃子，可以优先考虑用于参加农业展览。\n当您发现半熟桃子的颜色和质地都达到了理想状态时，就可以准备采摘了。\n摘取半熟桃子时，避免用力过猛以免对果实造成不必要的伤害。\n当您发现半熟桃子的颜色和质地都达到了理想状态时，就可以准备采摘了。\n对于那些颜色特别鲜艳且质地柔软的未熟绿色桃子，可以优先考虑采摘。"
        },
        {
            "category": "半熟桃子",
            "bbox": [
                790.0,
                122.0,
                62.0,
                54.0
            ],
            "caption": "对于那些颜色和质地都表现出成熟特征的未熟绿色桃子，可以优先考虑用于参加农业展览。\n当您发现半熟桃子的颜色和质地都达到了理想状态时，就可以准备采摘了。\n摘取半熟桃子时，避免用力过猛以免对果实造成不必要的伤害。\n当您发现半熟桃子的颜色和质地都达到了理想状态时，就可以准备采摘了。\n对于那些颜色特别鲜艳且质地柔软的未熟绿色桃子，可以优先考虑采摘。"
        }
    ]
}