{
    "image_id": "04_0501_162015.jpg",
    "annotations": [
        {
            "category": "全熟桃子",
            "bbox": [
                465.0,
                45.0,
                243.0,
                215.0
            ],
            "caption": "如果天气预报显示即将有恶劣天气，请尽快采摘所有已经成熟的半熟桃子，以防止它们受到损害；对于那些还未成熟的半熟桃子，可以用防护措施保护起来。\n遇到一些几乎快要脱落的半熟桃子，这可能意味着它们已经到了最佳采摘期；但对于那些依然牢固地挂在枝上的半熟桃子，可能还需要一点时间。\n尽量采用多样化的采摘方式，根据不同种类的半熟桃子特点选择最适合的方法。\n尽量采用现代化的设备和技术，如无人机监测或智能采摘机器人，精准地采摘这些成熟的半熟桃子，提高采摘效率的同时减少对未成熟半熟桃子的影响。\n当半熟桃子的颜色变化均匀一致时，意味着它已经达到了理想的成熟度。"
        },
        {
            "category": "全熟桃子",
            "bbox": [
                321.0,
                447.0,
                189.0,
                207.0
            ],
            "caption": "如果天气预报显示即将有恶劣天气，请尽快采摘所有已经成熟的半熟桃子，以防止它们受到损害；对于那些还未成熟的半熟桃子，可以用防护措施保护起来。\n遇到一些几乎快要脱落的半熟桃子，这可能意味着它们已经到了最佳采摘期；但对于那些依然牢固地挂在枝上的半熟桃子，可能还需要一点时间。\n尽量采用多样化的采摘方式，根据不同种类的半熟桃子特点选择最适合的方法。\n尽量采用现代化的设备和技术，如无人机监测或智能采摘机器人，精准地采摘这些成熟的半熟桃子，提高采摘效率的同时减少对未成熟半熟桃子的影响。\n当半熟桃子的颜色变化均匀一致时，意味着它已经达到了理想的成熟度。"
        },
        {
            "category": "全熟桃子",
            "bbox": [
                227.0,
                225.0,
                251.0,
                252.99999999999994
            ],
            "caption": "如果天气预报显示即将有恶劣天气，请尽快采摘所有已经成熟的半熟桃子，以防止它们受到损害；对于那些还未成熟的半熟桃子，可以用防护措施保护起来。\n遇到一些几乎快要脱落的半熟桃子，这可能意味着它们已经到了最佳采摘期；但对于那些依然牢固地挂在枝上的半熟桃子，可能还需要一点时间。\n尽量采用多样化的采摘方式，根据不同种类的半熟桃子特点选择最适合的方法。\n尽量采用现代化的设备和技术，如无人机监测或智能采摘机器人，精准地采摘这些成熟的半熟桃子，提高采摘效率的同时减少对未成熟半熟桃子的影响。\n当半熟桃子的颜色变化均匀一致时，意味着它已经达到了理想的成熟度。"
        },
        {
            "category": "全熟桃子",
            "bbox": [
                522.0,
                258.0,
                275.0,
                206.0
            ],
            "caption": "如果天气预报显示即将有恶劣天气，请尽快采摘所有已经成熟的半熟桃子，以防止它们受到损害；对于那些还未成熟的半熟桃子，可以用防护措施保护起来。\n遇到一些几乎快要脱落的半熟桃子，这可能意味着它们已经到了最佳采摘期；但对于那些依然牢固地挂在枝上的半熟桃子，可能还需要一点时间。\n尽量采用多样化的采摘方式，根据不同种类的半熟桃子特点选择最适合的方法。\n尽量采用现代化的设备和技术，如无人机监测或智能采摘机器人，精准地采摘这些成熟的半熟桃子，提高采摘效率的同时减少对未成熟半熟桃子的影响。\n当半熟桃子的颜色变化均匀一致时，意味着它已经达到了理想的成熟度。"
        },
        {
            "category": "全熟桃子",
            "bbox": [
                521.0,
                492.0,
                177.0,
                133.0
            ],
            "caption": "如果天气预报显示即将有恶劣天气，请尽快采摘所有已经成熟的半熟桃子，以防止它们受到损害；对于那些还未成熟的半熟桃子，可以用防护措施保护起来。\n遇到一些几乎快要脱落的半熟桃子，这可能意味着它们已经到了最佳采摘期；但对于那些依然牢固地挂在枝上的半熟桃子，可能还需要一点时间。\n尽量采用多样化的采摘方式，根据不同种类的半熟桃子特点选择最适合的方法。\n尽量采用现代化的设备和技术，如无人机监测或智能采摘机器人，精准地采摘这些成熟的半熟桃子，提高采摘效率的同时减少对未成熟半熟桃子的影响。\n当半熟桃子的颜色变化均匀一致时，意味着它已经达到了理想的成熟度。"
        }
    ]
}