{
    "image_id": "04_0501_162115.jpg",
    "annotations": [
        {
            "category": "全熟桃子",
            "bbox": [
                566.0,
                185.99999999999997,
                203.0,
                195.99999999999997
            ],
            "caption": "在采摘时，尽量采用环保的方式，减少对自然资源的消耗，例如使用可降解材料制作的采摘袋。\n摘取那些挂在枝头、颜色达到巅峰且稍微柔软的半熟桃子串，确保每颗都是最佳品质。"
        },
        {
            "category": "全熟桃子",
            "bbox": [
                377.0,
                434.00000000000006,
                242.0,
                235.99999999999994
            ],
            "caption": "在采摘时，尽量采用环保的方式，减少对自然资源的消耗，例如使用可降解材料制作的采摘袋。\n摘取那些挂在枝头、颜色达到巅峰且稍微柔软的半熟桃子串，确保每颗都是最佳品质。"
        }
    ]
}