{
    "image_id": "04_0501_161520.jpg",
    "annotations": [
        {
            "category": "全熟桃子",
            "bbox": [
                484.0,
                101.99999999999997,
                395.0,
                367.0
            ],
            "caption": "对于那些颜色已经开始转变的半熟桃子，可以在早晨或傍晚时段进行采摘。\n在采摘半熟桃子之前，确保所有必要的工具都已经准备好并且处于良好状态。\n当您发现半熟桃子的颜色和质地都达到了理想状态时，就可以准备采摘了。\n请确保所有用于采摘未熟绿色桃子的工具都已消毒，以防止病菌传播。\n对于那些颜色和质地都表现出成熟特征的未熟绿色桃子，可以优先考虑用于鲜食市场。"
        },
        {
            "category": "全熟桃子",
            "bbox": [
                126.0,
                498.99999999999994,
                217.0,
                240.00000000000006
            ],
            "caption": "对于那些颜色已经开始转变的半熟桃子，可以在早晨或傍晚时段进行采摘。\n在采摘半熟桃子之前，确保所有必要的工具都已经准备好并且处于良好状态。\n当您发现半熟桃子的颜色和质地都达到了理想状态时，就可以准备采摘了。\n请确保所有用于采摘未熟绿色桃子的工具都已消毒，以防止病菌传播。\n对于那些颜色和质地都表现出成熟特征的未熟绿色桃子，可以优先考虑用于鲜食市场。"
        },
        {
            "category": "全熟桃子",
            "bbox": [
                519.0,
                482.0,
                201.0,
                216.0
            ],
            "caption": "对于那些颜色已经开始转变的半熟桃子，可以在早晨或傍晚时段进行采摘。\n在采摘半熟桃子之前，确保所有必要的工具都已经准备好并且处于良好状态。\n当您发现半熟桃子的颜色和质地都达到了理想状态时，就可以准备采摘了。\n请确保所有用于采摘未熟绿色桃子的工具都已消毒，以防止病菌传播。\n对于那些颜色和质地都表现出成熟特征的未熟绿色桃子，可以优先考虑用于鲜食市场。"
        },
        {
            "category": "半熟桃子",
            "bbox": [
                332.0,
                298.0,
                198.0,
                172.0
            ],
            "caption": "对于那些颜色已经开始转变的半熟桃子，可以在早晨或傍晚时段进行采摘。\n在采摘半熟桃子之前，确保所有必要的工具都已经准备好并且处于良好状态。\n当您发现半熟桃子的颜色和质地都达到了理想状态时，就可以准备采摘了。\n请确保所有用于采摘未熟绿色桃子的工具都已消毒，以防止病菌传播。\n对于那些颜色和质地都表现出成熟特征的未熟绿色桃子，可以优先考虑用于鲜食市场。"
        },
        {
            "category": "半熟桃子",
            "bbox": [
                285.0,
                677.0,
                175.0,
                89.0
            ],
            "caption": "对于那些颜色已经开始转变的半熟桃子，可以在早晨或傍晚时段进行采摘。\n在采摘半熟桃子之前，确保所有必要的工具都已经准备好并且处于良好状态。\n当您发现半熟桃子的颜色和质地都达到了理想状态时，就可以准备采摘了。\n请确保所有用于采摘未熟绿色桃子的工具都已消毒，以防止病菌传播。\n对于那些颜色和质地都表现出成熟特征的未熟绿色桃子，可以优先考虑用于鲜食市场。"
        }
    ]
}