{
    "image_id": "04_0503_150204.jpg",
    "annotations": [
        {
            "category": "半熟桃子",
            "bbox": [
                313.0,
                413.0,
                179.0,
                153.9999999999999
            ],
            "caption": "对于那些颜色和质地都表现出成熟特征的未熟绿色桃子，可以优先考虑用于参加农业展览。\n当您发现未熟绿色桃子的颜色和质地都符合预期标准时，就可以准备采摘了。\n当您发现未熟绿色桃子的颜色和质地都达到了理想状态时，就可以准备采摘了。\n每天早晨是采摘未熟绿色桃子的最佳时间，此时温度较低，有利于保持果实的新鲜度。\n如果发现有些未熟绿色桃子虽然外表看起来成熟了，但实际上内部还不够熟，最好推迟采摘时间，等到它们真正成熟后再动手。\n根据实际情况灵活调整采摘策略，有时候提前采摘一些接近成熟的未熟绿色桃子反而能获得更好的保存效果。\n对于那些颜色和质地都表现出成熟特征的未熟绿色桃子，可以优先考虑用于礼品包装。"
        },
        {
            "category": "半熟桃子",
            "bbox": [
                496.0,
                410.0,
                165.0,
                156.9999999999999
            ],
            "caption": "对于那些颜色和质地都表现出成熟特征的未熟绿色桃子，可以优先考虑用于参加农业展览。\n当您发现未熟绿色桃子的颜色和质地都符合预期标准时，就可以准备采摘了。\n当您发现未熟绿色桃子的颜色和质地都达到了理想状态时，就可以准备采摘了。\n每天早晨是采摘未熟绿色桃子的最佳时间，此时温度较低，有利于保持果实的新鲜度。\n如果发现有些未熟绿色桃子虽然外表看起来成熟了，但实际上内部还不够熟，最好推迟采摘时间，等到它们真正成熟后再动手。\n根据实际情况灵活调整采摘策略，有时候提前采摘一些接近成熟的未熟绿色桃子反而能获得更好的保存效果。\n对于那些颜色和质地都表现出成熟特征的未熟绿色桃子，可以优先考虑用于礼品包装。"
        },
        {
            "category": "半熟桃子",
            "bbox": [
                495.0,
                272.0,
                118.0,
                139.0
            ],
            "caption": "对于那些颜色和质地都表现出成熟特征的未熟绿色桃子，可以优先考虑用于参加农业展览。\n当您发现未熟绿色桃子的颜色和质地都符合预期标准时，就可以准备采摘了。\n当您发现未熟绿色桃子的颜色和质地都达到了理想状态时，就可以准备采摘了。\n每天早晨是采摘未熟绿色桃子的最佳时间，此时温度较低，有利于保持果实的新鲜度。\n如果发现有些未熟绿色桃子虽然外表看起来成熟了，但实际上内部还不够熟，最好推迟采摘时间，等到它们真正成熟后再动手。\n根据实际情况灵活调整采摘策略，有时候提前采摘一些接近成熟的未熟绿色桃子反而能获得更好的保存效果。\n对于那些颜色和质地都表现出成熟特征的未熟绿色桃子，可以优先考虑用于礼品包装。"
        },
        {
            "category": "半熟桃子",
            "bbox": [
                306.0,
                208.0,
                153.0,
                126.0
            ],
            "caption": "对于那些颜色和质地都表现出成熟特征的未熟绿色桃子，可以优先考虑用于参加农业展览。\n当您发现未熟绿色桃子的颜色和质地都符合预期标准时，就可以准备采摘了。\n当您发现未熟绿色桃子的颜色和质地都达到了理想状态时，就可以准备采摘了。\n每天早晨是采摘未熟绿色桃子的最佳时间，此时温度较低，有利于保持果实的新鲜度。\n如果发现有些未熟绿色桃子虽然外表看起来成熟了，但实际上内部还不够熟，最好推迟采摘时间，等到它们真正成熟后再动手。\n根据实际情况灵活调整采摘策略，有时候提前采摘一些接近成熟的未熟绿色桃子反而能获得更好的保存效果。\n对于那些颜色和质地都表现出成熟特征的未熟绿色桃子，可以优先考虑用于礼品包装。"
        },
        {
            "category": "半熟桃子",
            "bbox": [
                240.0,
                166.0,
                55.0,
                52.0
            ],
            "caption": "对于那些颜色和质地都表现出成熟特征的未熟绿色桃子，可以优先考虑用于参加农业展览。\n当您发现未熟绿色桃子的颜色和质地都符合预期标准时，就可以准备采摘了。\n当您发现未熟绿色桃子的颜色和质地都达到了理想状态时，就可以准备采摘了。\n每天早晨是采摘未熟绿色桃子的最佳时间，此时温度较低，有利于保持果实的新鲜度。\n如果发现有些未熟绿色桃子虽然外表看起来成熟了，但实际上内部还不够熟，最好推迟采摘时间，等到它们真正成熟后再动手。\n根据实际情况灵活调整采摘策略，有时候提前采摘一些接近成熟的未熟绿色桃子反而能获得更好的保存效果。\n对于那些颜色和质地都表现出成熟特征的未熟绿色桃子，可以优先考虑用于礼品包装。"
        },
        {
            "category": "半熟桃子",
            "bbox": [
                672.0,
                9.0,
                71.0,
                58.0
            ],
            "caption": "对于那些颜色和质地都表现出成熟特征的未熟绿色桃子，可以优先考虑用于参加农业展览。\n当您发现未熟绿色桃子的颜色和质地都符合预期标准时，就可以准备采摘了。\n当您发现未熟绿色桃子的颜色和质地都达到了理想状态时，就可以准备采摘了。\n每天早晨是采摘未熟绿色桃子的最佳时间，此时温度较低，有利于保持果实的新鲜度。\n如果发现有些未熟绿色桃子虽然外表看起来成熟了，但实际上内部还不够熟，最好推迟采摘时间，等到它们真正成熟后再动手。\n根据实际情况灵活调整采摘策略，有时候提前采摘一些接近成熟的未熟绿色桃子反而能获得更好的保存效果。\n对于那些颜色和质地都表现出成熟特征的未熟绿色桃子，可以优先考虑用于礼品包装。"
        },
        {
            "category": "半熟桃子",
            "bbox": [
                581.0,
                95.0,
                38.0,
                89.0
            ],
            "caption": "对于那些颜色和质地都表现出成熟特征的未熟绿色桃子，可以优先考虑用于参加农业展览。\n当您发现未熟绿色桃子的颜色和质地都符合预期标准时，就可以准备采摘了。\n当您发现未熟绿色桃子的颜色和质地都达到了理想状态时，就可以准备采摘了。\n每天早晨是采摘未熟绿色桃子的最佳时间，此时温度较低，有利于保持果实的新鲜度。\n如果发现有些未熟绿色桃子虽然外表看起来成熟了，但实际上内部还不够熟，最好推迟采摘时间，等到它们真正成熟后再动手。\n根据实际情况灵活调整采摘策略，有时候提前采摘一些接近成熟的未熟绿色桃子反而能获得更好的保存效果。\n对于那些颜色和质地都表现出成熟特征的未熟绿色桃子，可以优先考虑用于礼品包装。"
        }
    ]
}