{
    "image_id": "04_0503_145029.jpg",
    "annotations": [
        {
            "category": "半熟桃子",
            "bbox": [
                657.0,
                258.0,
                96.0,
                111.0
            ],
            "caption": "采摘未熟绿色桃子时，尽量让果实连着一小段枝条一起摘下，有助于保持新鲜。\n当您发现半熟桃子的颜色和质地都达到了理想状态时，就可以准备采摘了。\n如果天气预报显示即将有恶劣天气，请尽快采摘所有已经成熟的半熟桃子，以防止它们受到损害；对于那些还未成熟的半熟桃子，可以用防护措施保护起来。"
        },
        {
            "category": "全熟桃子",
            "bbox": [
                518.0,
                392.0,
                299.0,
                303.0
            ],
            "caption": "采摘未熟绿色桃子时，尽量让果实连着一小段枝条一起摘下，有助于保持新鲜。\n当您发现半熟桃子的颜色和质地都达到了理想状态时，就可以准备采摘了。\n如果天气预报显示即将有恶劣天气，请尽快采摘所有已经成熟的半熟桃子，以防止它们受到损害；对于那些还未成熟的半熟桃子，可以用防护措施保护起来。"
        },
        {
            "category": "全熟桃子",
            "bbox": [
                418.0,
                145.0,
                245.0,
                254.99999999999994
            ],
            "caption": "采摘未熟绿色桃子时，尽量让果实连着一小段枝条一起摘下，有助于保持新鲜。\n当您发现半熟桃子的颜色和质地都达到了理想状态时，就可以准备采摘了。\n如果天气预报显示即将有恶劣天气，请尽快采摘所有已经成熟的半熟桃子，以防止它们受到损害；对于那些还未成熟的半熟桃子，可以用防护措施保护起来。"
        }
    ]
}