{
    "image_id": "04_0501_161928.jpg",
    "annotations": [
        {
            "category": "全熟桃子",
            "bbox": [
                612.0,
                267.99999999999994,
                290.0,
                300.00000000000006
            ],
            "caption": "在采摘半熟桃子之前，确保所有必要的工具都已经准备好并且处于良好状态。\n在采摘半熟桃子之前，确保所有必要的工具都已经准备好并且处于良好状态。\n当您发现未熟绿色桃子的颜色和质地都达到了理想状态时，就可以准备采摘了。"
        },
        {
            "category": "全熟桃子",
            "bbox": [
                405.0,
                2.000000000000014,
                330.0,
                451.0
            ],
            "caption": "在采摘半熟桃子之前，确保所有必要的工具都已经准备好并且处于良好状态。\n在采摘半熟桃子之前，确保所有必要的工具都已经准备好并且处于良好状态。\n当您发现未熟绿色桃子的颜色和质地都达到了理想状态时，就可以准备采摘了。"
        },
        {
            "category": "半熟桃子",
            "bbox": [
                470.0,
                507.0,
                180.0,
                217.0
            ],
            "caption": "在采摘半熟桃子之前，确保所有必要的工具都已经准备好并且处于良好状态。\n在采摘半熟桃子之前，确保所有必要的工具都已经准备好并且处于良好状态。\n当您发现未熟绿色桃子的颜色和质地都达到了理想状态时，就可以准备采摘了。"
        }
    ]
}