{
    "image_id": "04_0501_161851.jpg",
    "annotations": [
        {
            "category": "全熟桃子",
            "bbox": [
                287.0,
                375.0,
                264.0,
                378.0
            ],
            "caption": "如果发现有些半熟桃子虽然外表看起来成熟了，但实际上内部还不够熟，最好推迟采摘时间，等到它们真正成熟后再动手。\n如果天气预报显示即将有恶劣天气，请尽快采摘所有已经成熟的半熟桃子，以防止它们受到损害；对于那些还未成熟的半熟桃子，可以用防护措施保护起来。\n在采摘半熟桃子时，请小心不要折断树枝，以免影响未来的生长。"
        },
        {
            "category": "全熟桃子",
            "bbox": [
                388.0,
                240.0,
                163.0,
                131.0
            ],
            "caption": "如果发现有些半熟桃子虽然外表看起来成熟了，但实际上内部还不够熟，最好推迟采摘时间，等到它们真正成熟后再动手。\n如果天气预报显示即将有恶劣天气，请尽快采摘所有已经成熟的半熟桃子，以防止它们受到损害；对于那些还未成熟的半熟桃子，可以用防护措施保护起来。\n在采摘半熟桃子时，请小心不要折断树枝，以免影响未来的生长。"
        },
        {
            "category": "全熟桃子",
            "bbox": [
                682.0,
                215.0,
                272.0,
                299.0
            ],
            "caption": "如果发现有些半熟桃子虽然外表看起来成熟了，但实际上内部还不够熟，最好推迟采摘时间，等到它们真正成熟后再动手。\n如果天气预报显示即将有恶劣天气，请尽快采摘所有已经成熟的半熟桃子，以防止它们受到损害；对于那些还未成熟的半熟桃子，可以用防护措施保护起来。\n在采摘半熟桃子时，请小心不要折断树枝，以免影响未来的生长。"
        }
    ]
}