{
    "image_id": "04_0501_161226.jpg",
    "annotations": [
        {
            "category": "半熟桃子",
            "bbox": [
                611.0,
                473.0,
                124.0,
                149.0
            ],
            "caption": "尽量保持对细节的关注，即使是微小的变化也可能影响到最终的采摘效果。\n如果您发现半熟桃子中有特别大的个体，可以将其单独存放，以便特殊处理。\n对于那些颜色和质地都表现出成熟特征的未熟绿色桃子，可以优先考虑用于快速销售。"
        },
        {
            "category": "全熟桃子",
            "bbox": [
                662.0,
                357.0,
                190.0,
                159.0
            ],
            "caption": "尽量保持对细节的关注，即使是微小的变化也可能影响到最终的采摘效果。\n如果您发现半熟桃子中有特别大的个体，可以将其单独存放，以便特殊处理。\n对于那些颜色和质地都表现出成熟特征的未熟绿色桃子，可以优先考虑用于快速销售。"
        },
        {
            "category": "半熟桃子",
            "bbox": [
                191.0,
                584.0,
                82.0,
                63.0
            ],
            "caption": "尽量保持对细节的关注，即使是微小的变化也可能影响到最终的采摘效果。\n如果您发现半熟桃子中有特别大的个体，可以将其单独存放，以便特殊处理。\n对于那些颜色和质地都表现出成熟特征的未熟绿色桃子，可以优先考虑用于快速销售。"
        }
    ]
}