{
    "image_id": "04_0501_161220.jpg",
    "annotations": [
        {
            "category": "半熟桃子",
            "bbox": [
                556.0,
                306.0,
                254.0,
                210.0
            ],
            "caption": "当未熟绿色桃子的颜色变化均匀一致时，意味着它已经达到了理想的成熟度。\n如果发现采摘下来的未熟绿色桃子中有次品，应单独放置，以便后续处理或加工利用。\n如果您发现未熟绿色桃子中有特别大的个体，可以将其单独存放，以便特殊处理。\n如果未熟绿色桃子的颜色和质地都表明它已经成熟，那么就可以放心地采摘了。\n如果未熟绿色桃子的颜色开始变深，这意味着它们已经接近完全成熟。"
        },
        {
            "category": "半熟桃子",
            "bbox": [
                30.0,
                462.0,
                162.0,
                187.0
            ],
            "caption": "当未熟绿色桃子的颜色变化均匀一致时，意味着它已经达到了理想的成熟度。\n如果发现采摘下来的未熟绿色桃子中有次品，应单独放置，以便后续处理或加工利用。\n如果您发现未熟绿色桃子中有特别大的个体，可以将其单独存放，以便特殊处理。\n如果未熟绿色桃子的颜色和质地都表明它已经成熟，那么就可以放心地采摘了。\n如果未熟绿色桃子的颜色开始变深，这意味着它们已经接近完全成熟。"
        },
        {
            "category": "半熟桃子",
            "bbox": [
                43.0,
                643.0,
                141.0,
                123.0
            ],
            "caption": "当未熟绿色桃子的颜色变化均匀一致时，意味着它已经达到了理想的成熟度。\n如果发现采摘下来的未熟绿色桃子中有次品，应单独放置，以便后续处理或加工利用。\n如果您发现未熟绿色桃子中有特别大的个体，可以将其单独存放，以便特殊处理。\n如果未熟绿色桃子的颜色和质地都表明它已经成熟，那么就可以放心地采摘了。\n如果未熟绿色桃子的颜色开始变深，这意味着它们已经接近完全成熟。"
        },
        {
            "category": "半熟桃子",
            "bbox": [
                500.0,
                609.0,
                138.0,
                157.0
            ],
            "caption": "当未熟绿色桃子的颜色变化均匀一致时，意味着它已经达到了理想的成熟度。\n如果发现采摘下来的未熟绿色桃子中有次品，应单独放置，以便后续处理或加工利用。\n如果您发现未熟绿色桃子中有特别大的个体，可以将其单独存放，以便特殊处理。\n如果未熟绿色桃子的颜色和质地都表明它已经成熟，那么就可以放心地采摘了。\n如果未熟绿色桃子的颜色开始变深，这意味着它们已经接近完全成熟。"
        },
        {
            "category": "半熟桃子",
            "bbox": [
                811.0,
                553.0,
                88.0,
                122.0
            ],
            "caption": "当未熟绿色桃子的颜色变化均匀一致时，意味着它已经达到了理想的成熟度。\n如果发现采摘下来的未熟绿色桃子中有次品，应单独放置，以便后续处理或加工利用。\n如果您发现未熟绿色桃子中有特别大的个体，可以将其单独存放，以便特殊处理。\n如果未熟绿色桃子的颜色和质地都表明它已经成熟，那么就可以放心地采摘了。\n如果未熟绿色桃子的颜色开始变深，这意味着它们已经接近完全成熟。"
        }
    ]
}