{
    "image_id": "04_0501_161153.jpg",
    "annotations": [
        {
            "category": "全熟桃子",
            "bbox": [
                436.0,
                30.999999999999986,
                261.0,
                337.99999999999994
            ],
            "caption": "遇到一些几乎快要脱落的半熟桃子，这可能意味着它们已经到了最佳采摘期；但对于那些依然牢固地挂在枝上的半熟桃子，可能还需要一点时间。\n在采摘半熟桃子时，请使用专用的手套以保护果实表皮不受损伤。\n对于那些颜色和质地都表现出成熟特征的半熟桃子，可以优先考虑用于高端销售渠道。"
        },
        {
            "category": "全熟桃子",
            "bbox": [
                557.0,
                356.0,
                308.0,
                294.9999999999999
            ],
            "caption": "遇到一些几乎快要脱落的半熟桃子，这可能意味着它们已经到了最佳采摘期；但对于那些依然牢固地挂在枝上的半熟桃子，可能还需要一点时间。\n在采摘半熟桃子时，请使用专用的手套以保护果实表皮不受损伤。\n对于那些颜色和质地都表现出成熟特征的半熟桃子，可以优先考虑用于高端销售渠道。"
        },
        {
            "category": "全熟桃子",
            "bbox": [
                810.0,
                256.0,
                72.0,
                55.0
            ],
            "caption": "遇到一些几乎快要脱落的半熟桃子，这可能意味着它们已经到了最佳采摘期；但对于那些依然牢固地挂在枝上的半熟桃子，可能还需要一点时间。\n在采摘半熟桃子时，请使用专用的手套以保护果实表皮不受损伤。\n对于那些颜色和质地都表现出成熟特征的半熟桃子，可以优先考虑用于高端销售渠道。"
        }
    ]
}