{
    "image_id": "04_0501_161130.jpg",
    "annotations": [
        {
            "category": "半熟桃子",
            "bbox": [
                574.0,
                1.999999999999993,
                218.0,
                248.99999999999997
            ],
            "caption": "对于那些生长在树冠下层的未熟绿色桃子，可以考虑使用长臂剪刀进行安全采摘。\n当半熟桃子的颜色变化均匀一致时，意味着它已经达到了理想的成熟度。"
        },
        {
            "category": "全熟桃子",
            "bbox": [
                451.0,
                235.00000000000003,
                323.0,
                409.0
            ],
            "caption": "对于那些生长在树冠下层的未熟绿色桃子，可以考虑使用长臂剪刀进行安全采摘。\n当半熟桃子的颜色变化均匀一致时，意味着它已经达到了理想的成熟度。"
        }
    ]
}