{
    "image_id": "04_0503_145636.jpg",
    "annotations": [
        {
            "category": "半熟桃子",
            "bbox": [
                366.0,
                297.0,
                322.0,
                304.0
            ],
            "caption": "在采摘未熟绿色桃子时，尽量避开中午阳光最强烈的时候，以减少热损伤。\n在采摘未熟绿色桃子时，尽量选择那些没有受到风雨侵袭的健康植株。"
        },
        {
            "category": "半熟桃子",
            "bbox": [
                704.0,
                198.0,
                103.0,
                140.0
            ],
            "caption": "在采摘未熟绿色桃子时，尽量避开中午阳光最强烈的时候，以减少热损伤。\n在采摘未熟绿色桃子时，尽量选择那些没有受到风雨侵袭的健康植株。"
        }
    ]
}