{
    "image_id": "04_0501_162138.jpg",
    "annotations": [
        {
            "category": "全熟桃子",
            "bbox": [
                336.0,
                146.0,
                205.0,
                235.0
            ],
            "caption": "在采摘半熟桃子时，请确保每棵植株都能得到适当的照顾。\n在采摘半熟桃子时，请注意观察是否有病虫害迹象，并及时处理。\n当您发现未熟绿色桃子的颜色和质地都符合预期标准时，就可以准备采摘了。\n在采摘时，尽量保持双手干净，避免将污垢或细菌带到半熟桃子上；这对于维持采摘后的保鲜非常重要。"
        },
        {
            "category": "全熟桃子",
            "bbox": [
                666.0,
                244.0,
                323.0,
                302.0
            ],
            "caption": "在采摘半熟桃子时，请确保每棵植株都能得到适当的照顾。\n在采摘半熟桃子时，请注意观察是否有病虫害迹象，并及时处理。\n当您发现未熟绿色桃子的颜色和质地都符合预期标准时，就可以准备采摘了。\n在采摘时，尽量保持双手干净，避免将污垢或细菌带到半熟桃子上；这对于维持采摘后的保鲜非常重要。"
        },
        {
            "category": "半熟桃子",
            "bbox": [
                61.0,
                55.00000000000001,
                267.0,
                283.0
            ],
            "caption": "在采摘半熟桃子时，请确保每棵植株都能得到适当的照顾。\n在采摘半熟桃子时，请注意观察是否有病虫害迹象，并及时处理。\n当您发现未熟绿色桃子的颜色和质地都符合预期标准时，就可以准备采摘了。\n在采摘时，尽量保持双手干净，避免将污垢或细菌带到半熟桃子上；这对于维持采摘后的保鲜非常重要。"
        },
        {
            "category": "全熟桃子",
            "bbox": [
                430.0,
                247.99999999999997,
                243.0,
                282.0
            ],
            "caption": "在采摘半熟桃子时，请确保每棵植株都能得到适当的照顾。\n在采摘半熟桃子时，请注意观察是否有病虫害迹象，并及时处理。\n当您发现未熟绿色桃子的颜色和质地都符合预期标准时，就可以准备采摘了。\n在采摘时，尽量保持双手干净，避免将污垢或细菌带到半熟桃子上；这对于维持采摘后的保鲜非常重要。"
        }
    ]
}