{
    "image_id": "04_0501_161134.jpg",
    "annotations": [
        {
            "category": "全熟桃子",
            "bbox": [
                445.0,
                234.0,
                271.0,
                303.0
            ],
            "caption": "在果园巡查时，请优先摘取那些完全成熟、颜色鲜艳且轻轻一碰就会自然掉落的半熟桃子。\n当您发现未熟绿色桃子的颜色和质地都达到了理想状态时，就可以准备采摘了。"
        },
        {
            "category": "半熟桃子",
            "bbox": [
                383.0,
                171.0,
                137.0,
                117.0
            ],
            "caption": "在果园巡查时，请优先摘取那些完全成熟、颜色鲜艳且轻轻一碰就会自然掉落的半熟桃子。\n当您发现未熟绿色桃子的颜色和质地都达到了理想状态时，就可以准备采摘了。"
        }
    ]
}