{
    "image_id": "04_0501_161127.jpg",
    "annotations": [
        {
            "category": "全熟桃子",
            "bbox": [
                397.0,
                260.0,
                163.0,
                151.0
            ],
            "caption": "当您发现半熟桃子的颜色和质地都达到了理想状态时，就可以准备采摘了。\n在果园巡查时，请优先摘取那些完全成熟、颜色鲜艳且轻轻一碰就会自然掉落的半熟桃子。"
        },
        {
            "category": "全熟桃子",
            "bbox": [
                561.0,
                190.0,
                261.0,
                327.0
            ],
            "caption": "当您发现半熟桃子的颜色和质地都达到了理想状态时，就可以准备采摘了。\n在果园巡查时，请优先摘取那些完全成熟、颜色鲜艳且轻轻一碰就会自然掉落的半熟桃子。"
        }
    ]
}