{
    "image_id": "04_0501_161855.jpg",
    "annotations": [
        {
            "category": "全熟桃子",
            "bbox": [
                386.0,
                380.0,
                269.0,
                237.0
            ],
            "caption": "在采摘半熟桃子时，请确保每次采摘的数量适中，不要一次性摘得太多。\n保持一定的节奏和效率很重要，但也不要因为急于求成而忽视了对每个半熟桃子的细致检查。\n当您发现半熟桃子的颜色和质地都达到了理想状态时，就可以准备采摘了。\n如果发现采摘下来的未熟绿色桃子中有特别受欢迎的品种，可以加大种植面积或改进栽培技术。"
        },
        {
            "category": "全熟桃子",
            "bbox": [
                778.0,
                277.0,
                125.0,
                170.0
            ],
            "caption": "在采摘半熟桃子时，请确保每次采摘的数量适中，不要一次性摘得太多。\n保持一定的节奏和效率很重要，但也不要因为急于求成而忽视了对每个半熟桃子的细致检查。\n当您发现半熟桃子的颜色和质地都达到了理想状态时，就可以准备采摘了。\n如果发现采摘下来的未熟绿色桃子中有特别受欢迎的品种，可以加大种植面积或改进栽培技术。"
        },
        {
            "category": "全熟桃子",
            "bbox": [
                593.0,
                398.0,
                133.0,
                237.0
            ],
            "caption": "在采摘半熟桃子时，请确保每次采摘的数量适中，不要一次性摘得太多。\n保持一定的节奏和效率很重要，但也不要因为急于求成而忽视了对每个半熟桃子的细致检查。\n当您发现半熟桃子的颜色和质地都达到了理想状态时，就可以准备采摘了。\n如果发现采摘下来的未熟绿色桃子中有特别受欢迎的品种，可以加大种植面积或改进栽培技术。"
        },
        {
            "category": "半熟桃子",
            "bbox": [
                685.0,
                186.0,
                167.0,
                143.0
            ],
            "caption": "在采摘半熟桃子时，请确保每次采摘的数量适中，不要一次性摘得太多。\n保持一定的节奏和效率很重要，但也不要因为急于求成而忽视了对每个半熟桃子的细致检查。\n当您发现半熟桃子的颜色和质地都达到了理想状态时，就可以准备采摘了。\n如果发现采摘下来的未熟绿色桃子中有特别受欢迎的品种，可以加大种植面积或改进栽培技术。"
        }
    ]
}