{
    "image_id": "04_0503_150226.jpg",
    "annotations": [
        {
            "category": "半熟桃子",
            "bbox": [
                368.0,
                120.99999999999999,
                200.0,
                160.99999999999994
            ],
            "caption": "对于那些颜色已经开始变化但还未完全成熟的未熟绿色桃子，可以稍微延迟采摘。\n在采摘半熟桃子时，尽量避免过度劳累，以保持高效的工作状态。"
        },
        {
            "category": "全熟桃子",
            "bbox": [
                523.0,
                240.0,
                319.0,
                357.0
            ],
            "caption": "对于那些颜色已经开始变化但还未完全成熟的未熟绿色桃子，可以稍微延迟采摘。\n在采摘半熟桃子时，尽量避免过度劳累，以保持高效的工作状态。"
        }
    ]
}