{
    "image_id": "04_0501_161248.jpg",
    "annotations": [
        {
            "category": "全熟桃子",
            "bbox": [
                473.0,
                187.0,
                244.0,
                256.0
            ],
            "caption": "当您发现半熟桃子的颜色从青转为成熟的颜色时，请立即进行采摘。\n对于那些颜色和质地都表现出成熟特征的半熟桃子，可以优先考虑用于高端市场。\n在采摘前，先了解当天的天气预报，选择适宜的时间进行作业。"
        },
        {
            "category": "全熟桃子",
            "bbox": [
                648.0,
                357.99999999999994,
                260.0,
                243.00000000000006
            ],
            "caption": "当您发现半熟桃子的颜色从青转为成熟的颜色时，请立即进行采摘。\n对于那些颜色和质地都表现出成熟特征的半熟桃子，可以优先考虑用于高端市场。\n在采摘前，先了解当天的天气预报，选择适宜的时间进行作业。"
        },
        {
            "category": "半熟桃子",
            "bbox": [
                423.0,
                99.0,
                53.0,
                42.0
            ],
            "caption": "当您发现半熟桃子的颜色从青转为成熟的颜色时，请立即进行采摘。\n对于那些颜色和质地都表现出成熟特征的半熟桃子，可以优先考虑用于高端市场。\n在采摘前，先了解当天的天气预报，选择适宜的时间进行作业。"
        }
    ]
}