{
    "image_id": "04_0501_161933.jpg",
    "annotations": [
        {
            "category": "全熟桃子",
            "bbox": [
                652.0,
                138.0,
                315.0,
                288.0
            ],
            "caption": "当您注意到半熟桃子的颜色变得非常吸引人时，这是采摘的好时机。\n当您发现半熟桃子的颜色和质地都表现出良好的成熟特征时，就可以准备采摘了。\n当您发现半熟桃子的颜色和质地都表现出良好的成熟特征时，就可以准备采摘了。\n采摘过程中，请小心处理每一个半熟桃子，以避免任何可能造成的损伤。\n对于那些颜色和质地都表现出成熟特征的半熟桃子，可以优先考虑用于制作果冻。\n对于那些颜色和质地都表现出成熟特征的未熟绿色桃子，可以优先考虑用于制作果酱等衍生产品。"
        },
        {
            "category": "全熟桃子",
            "bbox": [
                327.0,
                159.0,
                356.0,
                329.0
            ],
            "caption": "当您注意到半熟桃子的颜色变得非常吸引人时，这是采摘的好时机。\n当您发现半熟桃子的颜色和质地都表现出良好的成熟特征时，就可以准备采摘了。\n当您发现半熟桃子的颜色和质地都表现出良好的成熟特征时，就可以准备采摘了。\n采摘过程中，请小心处理每一个半熟桃子，以避免任何可能造成的损伤。\n对于那些颜色和质地都表现出成熟特征的半熟桃子，可以优先考虑用于制作果冻。\n对于那些颜色和质地都表现出成熟特征的未熟绿色桃子，可以优先考虑用于制作果酱等衍生产品。"
        },
        {
            "category": "全熟桃子",
            "bbox": [
                535.0,
                0.0,
                118.0,
                99.99999999999999
            ],
            "caption": "当您注意到半熟桃子的颜色变得非常吸引人时，这是采摘的好时机。\n当您发现半熟桃子的颜色和质地都表现出良好的成熟特征时，就可以准备采摘了。\n当您发现半熟桃子的颜色和质地都表现出良好的成熟特征时，就可以准备采摘了。\n采摘过程中，请小心处理每一个半熟桃子，以避免任何可能造成的损伤。\n对于那些颜色和质地都表现出成熟特征的半熟桃子，可以优先考虑用于制作果冻。\n对于那些颜色和质地都表现出成熟特征的未熟绿色桃子，可以优先考虑用于制作果酱等衍生产品。"
        },
        {
            "category": "全熟桃子",
            "bbox": [
                191.0,
                470.0,
                156.0,
                144.9999999999999
            ],
            "caption": "当您注意到半熟桃子的颜色变得非常吸引人时，这是采摘的好时机。\n当您发现半熟桃子的颜色和质地都表现出良好的成熟特征时，就可以准备采摘了。\n当您发现半熟桃子的颜色和质地都表现出良好的成熟特征时，就可以准备采摘了。\n采摘过程中，请小心处理每一个半熟桃子，以避免任何可能造成的损伤。\n对于那些颜色和质地都表现出成熟特征的半熟桃子，可以优先考虑用于制作果冻。\n对于那些颜色和质地都表现出成熟特征的未熟绿色桃子，可以优先考虑用于制作果酱等衍生产品。"
        },
        {
            "category": "全熟桃子",
            "bbox": [
                567.0,
                77.0,
                213.0,
                101.0
            ],
            "caption": "当您注意到半熟桃子的颜色变得非常吸引人时，这是采摘的好时机。\n当您发现半熟桃子的颜色和质地都表现出良好的成熟特征时，就可以准备采摘了。\n当您发现半熟桃子的颜色和质地都表现出良好的成熟特征时，就可以准备采摘了。\n采摘过程中，请小心处理每一个半熟桃子，以避免任何可能造成的损伤。\n对于那些颜色和质地都表现出成熟特征的半熟桃子，可以优先考虑用于制作果冻。\n对于那些颜色和质地都表现出成熟特征的未熟绿色桃子，可以优先考虑用于制作果酱等衍生产品。"
        },
        {
            "category": "半熟桃子",
            "bbox": [
                319.0,
                563.0,
                141.0,
                147.9999999999999
            ],
            "caption": "当您注意到半熟桃子的颜色变得非常吸引人时，这是采摘的好时机。\n当您发现半熟桃子的颜色和质地都表现出良好的成熟特征时，就可以准备采摘了。\n当您发现半熟桃子的颜色和质地都表现出良好的成熟特征时，就可以准备采摘了。\n采摘过程中，请小心处理每一个半熟桃子，以避免任何可能造成的损伤。\n对于那些颜色和质地都表现出成熟特征的半熟桃子，可以优先考虑用于制作果冻。\n对于那些颜色和质地都表现出成熟特征的未熟绿色桃子，可以优先考虑用于制作果酱等衍生产品。"
        }
    ]
}