{
    "image_id": "04_0503_150222.jpg",
    "annotations": [
        {
            "category": "半熟桃子",
            "bbox": [
                519.0,
                334.0,
                292.0,
                305.0
            ],
            "caption": "当您发现未熟绿色桃子的颜色和质地都达到了理想状态时，就可以准备采摘了。\n在采摘半熟桃子时，请小心不要折断树枝，以免影响未来的生长。"
        },
        {
            "category": "全熟桃子",
            "bbox": [
                397.0,
                0.0,
                362.0,
                326.0
            ],
            "caption": "当您发现未熟绿色桃子的颜色和质地都达到了理想状态时，就可以准备采摘了。\n在采摘半熟桃子时，请小心不要折断树枝，以免影响未来的生长。"
        }
    ]
}