{
    "image_id": "04_0503_145842.jpg",
    "annotations": [
        {
            "category": "半熟桃子",
            "bbox": [
                540.0,
                36.0,
                70.0,
                92.0
            ],
            "caption": "采摘过程中，请小心处理每一个未熟绿色桃子，以避免任何可能造成的损伤。\n如果发现某些半熟桃子的颜色特别鲜艳，可能是由于光照充足，这类果实往往口感更好。\n当发现有部分半熟桃子已经开始变黄但顶端还是绿色的话，现在还不是最佳采摘时机；等到整串半熟桃子都变成金黄色再行动。\n如果未熟绿色桃子的颜色尚未达到理想状态，请耐心等待几天再做决定。"
        },
        {
            "category": "全熟桃子",
            "bbox": [
                365.0,
                253.0,
                280.0,
                299.0
            ],
            "caption": "采摘过程中，请小心处理每一个未熟绿色桃子，以避免任何可能造成的损伤。\n如果发现某些半熟桃子的颜色特别鲜艳，可能是由于光照充足，这类果实往往口感更好。\n当发现有部分半熟桃子已经开始变黄但顶端还是绿色的话，现在还不是最佳采摘时机；等到整串半熟桃子都变成金黄色再行动。\n如果未熟绿色桃子的颜色尚未达到理想状态，请耐心等待几天再做决定。"
        },
        {
            "category": "全熟桃子",
            "bbox": [
                656.0,
                88.0,
                247.0,
                313.0
            ],
            "caption": "采摘过程中，请小心处理每一个未熟绿色桃子，以避免任何可能造成的损伤。\n如果发现某些半熟桃子的颜色特别鲜艳，可能是由于光照充足，这类果实往往口感更好。\n当发现有部分半熟桃子已经开始变黄但顶端还是绿色的话，现在还不是最佳采摘时机；等到整串半熟桃子都变成金黄色再行动。\n如果未熟绿色桃子的颜色尚未达到理想状态，请耐心等待几天再做决定。"
        },
        {
            "category": "半熟桃子",
            "bbox": [
                619.0,
                414.99999999999994,
                207.0,
                242.00000000000006
            ],
            "caption": "采摘过程中，请小心处理每一个未熟绿色桃子，以避免任何可能造成的损伤。\n如果发现某些半熟桃子的颜色特别鲜艳，可能是由于光照充足，这类果实往往口感更好。\n当发现有部分半熟桃子已经开始变黄但顶端还是绿色的话，现在还不是最佳采摘时机；等到整串半熟桃子都变成金黄色再行动。\n如果未熟绿色桃子的颜色尚未达到理想状态，请耐心等待几天再做决定。"
        }
    ]
}