{
    "image_id": "04_0501_161053.jpg",
    "annotations": [
        {
            "category": "半熟桃子",
            "bbox": [
                616.0,
                287.0,
                225.0,
                326.0
            ],
            "caption": "对于那些颜色和质地都表现出成熟特征的未熟绿色桃子，可以优先考虑用于高端市场。\n如果有多个工人一起工作，可以分配不同的区域，确保每个角落的未熟绿色桃子都能得到适当的照顾。"
        },
        {
            "category": "半熟桃子",
            "bbox": [
                470.0,
                293.0,
                128.0,
                134.0
            ],
            "caption": "对于那些颜色和质地都表现出成熟特征的未熟绿色桃子，可以优先考虑用于高端市场。\n如果有多个工人一起工作，可以分配不同的区域，确保每个角落的未熟绿色桃子都能得到适当的照顾。"
        }
    ]
}