{
    "image_id": "04_0501_160835.jpg",
    "annotations": [
        {
            "category": "半熟桃子",
            "bbox": [
                569.0,
                276.0,
                225.0,
                267.0
            ],
            "caption": "在采摘过程中，请保持果园清洁，及时清理掉落在地上的腐烂未熟绿色桃子。\n对于那些颜色和质地都表现出成熟特征的半熟桃子，可以优先考虑用于高端销售渠道。"
        },
        {
            "category": "全熟桃子",
            "bbox": [
                504.0,
                462.99999999999994,
                108.0,
                117.00000000000006
            ],
            "caption": "在采摘过程中，请保持果园清洁，及时清理掉落在地上的腐烂未熟绿色桃子。\n对于那些颜色和质地都表现出成熟特征的半熟桃子，可以优先考虑用于高端销售渠道。"
        }
    ]
}