{
    "image_id": "04_0501_162038.jpg",
    "annotations": [
        {
            "category": "青柿子",
            "bbox": [
                105.0,
                139.99999999999997,
                479.0,
                492.0
            ],
            "caption": "对于那些颜色和质地都表现出良好特征的全熟桃子，可以优先考虑用于加工。\n请确保所有用于采摘未熟绿色桃子的工具都已消毒，以防止病菌传播。"
        },
        {
            "category": "半熟桃子",
            "bbox": [
                393.0,
                0.0,
                223.0,
                72.0
            ],
            "caption": "对于那些颜色和质地都表现出良好特征的全熟桃子，可以优先考虑用于加工。\n请确保所有用于采摘未熟绿色桃子的工具都已消毒，以防止病菌传播。"
        }
    ]
}