{
    "image_id": "04_0501_161406.jpg",
    "annotations": [
        {
            "category": "全熟桃子",
            "bbox": [
                456.0,
                155.99999999999997,
                249.0,
                262.0
            ],
            "caption": "如果半熟桃子的颜色已经达到了理想的状态，但质地还不够软，可以多等几天。\n在采摘半熟桃子之前，确保所有必要的工具都已经准备好并且处于良好状态。\n请确保所有采摘下来的半熟桃子都被妥善存放，避免日晒雨淋，以延长其新鲜度和保存期限。\n在采摘半熟桃子时，请确保每棵植株都能得到适当的照顾。\n如果半熟桃子的颜色和质地都表明它已经成熟，那么就可以放心地采摘了。"
        },
        {
            "category": "全熟桃子",
            "bbox": [
                498.0,
                400.0,
                181.0,
                136.0
            ],
            "caption": "如果半熟桃子的颜色已经达到了理想的状态，但质地还不够软，可以多等几天。\n在采摘半熟桃子之前，确保所有必要的工具都已经准备好并且处于良好状态。\n请确保所有采摘下来的半熟桃子都被妥善存放，避免日晒雨淋，以延长其新鲜度和保存期限。\n在采摘半熟桃子时，请确保每棵植株都能得到适当的照顾。\n如果半熟桃子的颜色和质地都表明它已经成熟，那么就可以放心地采摘了。"
        },
        {
            "category": "全熟桃子",
            "bbox": [
                694.0,
                276.0,
                176.0,
                174.0
            ],
            "caption": "如果半熟桃子的颜色已经达到了理想的状态，但质地还不够软，可以多等几天。\n在采摘半熟桃子之前，确保所有必要的工具都已经准备好并且处于良好状态。\n请确保所有采摘下来的半熟桃子都被妥善存放，避免日晒雨淋，以延长其新鲜度和保存期限。\n在采摘半熟桃子时，请确保每棵植株都能得到适当的照顾。\n如果半熟桃子的颜色和质地都表明它已经成熟，那么就可以放心地采摘了。"
        },
        {
            "category": "全熟桃子",
            "bbox": [
                636.0,
                452.00000000000006,
                193.0,
                226.99999999999994
            ],
            "caption": "如果半熟桃子的颜色已经达到了理想的状态，但质地还不够软，可以多等几天。\n在采摘半熟桃子之前，确保所有必要的工具都已经准备好并且处于良好状态。\n请确保所有采摘下来的半熟桃子都被妥善存放，避免日晒雨淋，以延长其新鲜度和保存期限。\n在采摘半熟桃子时，请确保每棵植株都能得到适当的照顾。\n如果半熟桃子的颜色和质地都表明它已经成熟，那么就可以放心地采摘了。"
        },
        {
            "category": "全熟桃子",
            "bbox": [
                677.0,
                16.999999999999993,
                170.0,
                185.99999999999997
            ],
            "caption": "如果半熟桃子的颜色已经达到了理想的状态，但质地还不够软，可以多等几天。\n在采摘半熟桃子之前，确保所有必要的工具都已经准备好并且处于良好状态。\n请确保所有采摘下来的半熟桃子都被妥善存放，避免日晒雨淋，以延长其新鲜度和保存期限。\n在采摘半熟桃子时，请确保每棵植株都能得到适当的照顾。\n如果半熟桃子的颜色和质地都表明它已经成熟，那么就可以放心地采摘了。"
        }
    ]
}