{
    "image_id": "04_0503_150049.jpg",
    "annotations": [
        {
            "category": "半熟桃子",
            "bbox": [
                371.0,
                395.9999999999999,
                184.0,
                173.0000000000001
            ],
            "caption": "当您发现未熟绿色桃子的颜色和质地都符合预期时，就可以准备采摘了。\n使用剪刀或专用工具来摘取未熟绿色桃子，以减少对树枝和其他未成熟果实的潜在损害。"
        },
        {
            "category": "半熟桃子",
            "bbox": [
                333.0,
                166.0,
                189.0,
                217.0
            ],
            "caption": "当您发现未熟绿色桃子的颜色和质地都符合预期时，就可以准备采摘了。\n使用剪刀或专用工具来摘取未熟绿色桃子，以减少对树枝和其他未成熟果实的潜在损害。"
        }
    ]
}