{
    "image_id": "04_0501_162143.jpg",
    "annotations": [
        {
            "category": "全熟桃子",
            "bbox": [
                566.0,
                367.0,
                236.0,
                199.0
            ],
            "caption": "在采摘半熟桃子时，请注意观察是否有病虫害迹象，并及时处理。\n对于那些颜色和质地都表现出良好特征的半熟桃子，可以优先考虑用于展示。\n当您发现半熟桃子的颜色和质地都达到了理想状态时，就可以准备采摘了。\n在处理那些靠近地面或容易受到病虫害影响的未熟绿色桃子时，要格外小心，优先选择健康无损的未熟绿色桃子进行采摘。\n在采摘半熟桃子时，尽量避免过度劳累，以保持高效的工作状态。\n当半熟桃子的颜色和香气都达到顶峰时，就是采摘的最佳时刻。"
        },
        {
            "category": "全熟桃子",
            "bbox": [
                286.0,
                148.99999999999997,
                230.0,
                213.00000000000003
            ],
            "caption": "在采摘半熟桃子时，请注意观察是否有病虫害迹象，并及时处理。\n对于那些颜色和质地都表现出良好特征的半熟桃子，可以优先考虑用于展示。\n当您发现半熟桃子的颜色和质地都达到了理想状态时，就可以准备采摘了。\n在处理那些靠近地面或容易受到病虫害影响的未熟绿色桃子时，要格外小心，优先选择健康无损的未熟绿色桃子进行采摘。\n在采摘半熟桃子时，尽量避免过度劳累，以保持高效的工作状态。\n当半熟桃子的颜色和香气都达到顶峰时，就是采摘的最佳时刻。"
        },
        {
            "category": "全熟桃子",
            "bbox": [
                542.0,
                254.0,
                48.0,
                98.0
            ],
            "caption": "在采摘半熟桃子时，请注意观察是否有病虫害迹象，并及时处理。\n对于那些颜色和质地都表现出良好特征的半熟桃子，可以优先考虑用于展示。\n当您发现半熟桃子的颜色和质地都达到了理想状态时，就可以准备采摘了。\n在处理那些靠近地面或容易受到病虫害影响的未熟绿色桃子时，要格外小心，优先选择健康无损的未熟绿色桃子进行采摘。\n在采摘半熟桃子时，尽量避免过度劳累，以保持高效的工作状态。\n当半熟桃子的颜色和香气都达到顶峰时，就是采摘的最佳时刻。"
        },
        {
            "category": "半熟桃子",
            "bbox": [
                441.0,
                129.0,
                100.0,
                124.99999999999997
            ],
            "caption": "在采摘半熟桃子时，请注意观察是否有病虫害迹象，并及时处理。\n对于那些颜色和质地都表现出良好特征的半熟桃子，可以优先考虑用于展示。\n当您发现半熟桃子的颜色和质地都达到了理想状态时，就可以准备采摘了。\n在处理那些靠近地面或容易受到病虫害影响的未熟绿色桃子时，要格外小心，优先选择健康无损的未熟绿色桃子进行采摘。\n在采摘半熟桃子时，尽量避免过度劳累，以保持高效的工作状态。\n当半熟桃子的颜色和香气都达到顶峰时，就是采摘的最佳时刻。"
        },
        {
            "category": "全熟桃子",
            "bbox": [
                161.0,
                449.0,
                37.0,
                30.999999999999886
            ],
            "caption": "在采摘半熟桃子时，请注意观察是否有病虫害迹象，并及时处理。\n对于那些颜色和质地都表现出良好特征的半熟桃子，可以优先考虑用于展示。\n当您发现半熟桃子的颜色和质地都达到了理想状态时，就可以准备采摘了。\n在处理那些靠近地面或容易受到病虫害影响的未熟绿色桃子时，要格外小心，优先选择健康无损的未熟绿色桃子进行采摘。\n在采摘半熟桃子时，尽量避免过度劳累，以保持高效的工作状态。\n当半熟桃子的颜色和香气都达到顶峰时，就是采摘的最佳时刻。"
        },
        {
            "category": "全熟桃子",
            "bbox": [
                200.0,
                420.0,
                24.0,
                24.999999999999943
            ],
            "caption": "在采摘半熟桃子时，请注意观察是否有病虫害迹象，并及时处理。\n对于那些颜色和质地都表现出良好特征的半熟桃子，可以优先考虑用于展示。\n当您发现半熟桃子的颜色和质地都达到了理想状态时，就可以准备采摘了。\n在处理那些靠近地面或容易受到病虫害影响的未熟绿色桃子时，要格外小心，优先选择健康无损的未熟绿色桃子进行采摘。\n在采摘半熟桃子时，尽量避免过度劳累，以保持高效的工作状态。\n当半熟桃子的颜色和香气都达到顶峰时，就是采摘的最佳时刻。"
        }
    ]
}