{
    "image_id": "04_0501_162508.jpg",
    "annotations": [
        {
            "category": "全熟桃子",
            "bbox": [
                304.0,
                109.99999999999997,
                327.0,
                273.0
            ],
            "caption": "如果发现采摘下来的半熟桃子中有次品，应单独放置，以便后续处理或加工利用。\n当您发现半熟桃子的颜色和质地都达到了理想状态时，就可以准备采摘了。\n对于那些颜色和质地都表现出成熟特征的半熟桃子，可以优先考虑用于制作水果沙拉。\n避免在强风或雨天采摘未熟绿色桃子，以免影响果实品质。\n在采摘未熟绿色桃子时，请确保每次采摘的数量适中，不要一次性摘得太多。"
        },
        {
            "category": "全熟桃子",
            "bbox": [
                632.0,
                299.99999999999994,
                378.0,
                352.99999999999994
            ],
            "caption": "如果发现采摘下来的半熟桃子中有次品，应单独放置，以便后续处理或加工利用。\n当您发现半熟桃子的颜色和质地都达到了理想状态时，就可以准备采摘了。\n对于那些颜色和质地都表现出成熟特征的半熟桃子，可以优先考虑用于制作水果沙拉。\n避免在强风或雨天采摘未熟绿色桃子，以免影响果实品质。\n在采摘未熟绿色桃子时，请确保每次采摘的数量适中，不要一次性摘得太多。"
        },
        {
            "category": "全熟桃子",
            "bbox": [
                322.0,
                454.0,
                273.0,
                277.0
            ],
            "caption": "如果发现采摘下来的半熟桃子中有次品，应单独放置，以便后续处理或加工利用。\n当您发现半熟桃子的颜色和质地都达到了理想状态时，就可以准备采摘了。\n对于那些颜色和质地都表现出成熟特征的半熟桃子，可以优先考虑用于制作水果沙拉。\n避免在强风或雨天采摘未熟绿色桃子，以免影响果实品质。\n在采摘未熟绿色桃子时，请确保每次采摘的数量适中，不要一次性摘得太多。"
        },
        {
            "category": "半熟桃子",
            "bbox": [
                538.0,
                284.0,
                197.0,
                202.99999999999994
            ],
            "caption": "如果发现采摘下来的半熟桃子中有次品，应单独放置，以便后续处理或加工利用。\n当您发现半熟桃子的颜色和质地都达到了理想状态时，就可以准备采摘了。\n对于那些颜色和质地都表现出成熟特征的半熟桃子，可以优先考虑用于制作水果沙拉。\n避免在强风或雨天采摘未熟绿色桃子，以免影响果实品质。\n在采摘未熟绿色桃子时，请确保每次采摘的数量适中，不要一次性摘得太多。"
        },
        {
            "category": "半熟桃子",
            "bbox": [
                524.0,
                441.0,
                161.0,
                168.0
            ],
            "caption": "如果发现采摘下来的半熟桃子中有次品，应单独放置，以便后续处理或加工利用。\n当您发现半熟桃子的颜色和质地都达到了理想状态时，就可以准备采摘了。\n对于那些颜色和质地都表现出成熟特征的半熟桃子，可以优先考虑用于制作水果沙拉。\n避免在强风或雨天采摘未熟绿色桃子，以免影响果实品质。\n在采摘未熟绿色桃子时，请确保每次采摘的数量适中，不要一次性摘得太多。"
        }
    ]
}