{
    "image_id": "04_0501_161826.jpg",
    "annotations": [
        {
            "category": "全熟桃子",
            "bbox": [
                264.0,
                277.0,
                415.0,
                359.0
            ],
            "caption": "尽量采用现代化的设备和技术，如无人机监测或智能采摘机器人，精准地采摘这些成熟的半熟桃子，提高采摘效率的同时减少对未成熟半熟桃子的影响。\n在采摘半熟桃子时，请确保每棵植株都能得到适当的照顾。\n在采摘半熟桃子时，确保所有采摘下来的果实都被妥善处理和储存。"
        },
        {
            "category": "全熟桃子",
            "bbox": [
                12.0,
                102.0,
                361.0,
                356.0
            ],
            "caption": "尽量采用现代化的设备和技术，如无人机监测或智能采摘机器人，精准地采摘这些成熟的半熟桃子，提高采摘效率的同时减少对未成熟半熟桃子的影响。\n在采摘半熟桃子时，请确保每棵植株都能得到适当的照顾。\n在采摘半熟桃子时，确保所有采摘下来的果实都被妥善处理和储存。"
        },
        {
            "category": "全熟桃子",
            "bbox": [
                0.0,
                0.0,
                139.0,
                213.0
            ],
            "caption": "尽量采用现代化的设备和技术，如无人机监测或智能采摘机器人，精准地采摘这些成熟的半熟桃子，提高采摘效率的同时减少对未成熟半熟桃子的影响。\n在采摘半熟桃子时，请确保每棵植株都能得到适当的照顾。\n在采摘半熟桃子时，确保所有采摘下来的果实都被妥善处理和储存。"
        }
    ]
}