{
    "image_id": "04_0501_162013.jpg",
    "annotations": [
        {
            "category": "全熟桃子",
            "bbox": [
                200.0,
                284.0,
                391.0,
                336.9999999999999
            ],
            "caption": "对于那些颜色和质地都表现出成熟特征的半熟桃子，可以优先考虑用于出口。\n当您发现未熟绿色桃子的颜色和质地都达到了理想状态时，就可以准备采摘了。\n如果未熟绿色桃子的颜色和质地都表现出良好的成熟特征，那么就该行动了。"
        },
        {
            "category": "半熟桃子",
            "bbox": [
                617.0,
                345.99999999999994,
                230.0,
                312.00000000000006
            ],
            "caption": "对于那些颜色和质地都表现出成熟特征的半熟桃子，可以优先考虑用于出口。\n当您发现未熟绿色桃子的颜色和质地都达到了理想状态时，就可以准备采摘了。\n如果未熟绿色桃子的颜色和质地都表现出良好的成熟特征，那么就该行动了。"
        },
        {
            "category": "半熟桃子",
            "bbox": [
                432.0,
                252.0,
                149.0,
                77.0
            ],
            "caption": "对于那些颜色和质地都表现出成熟特征的半熟桃子，可以优先考虑用于出口。\n当您发现未熟绿色桃子的颜色和质地都达到了理想状态时，就可以准备采摘了。\n如果未熟绿色桃子的颜色和质地都表现出良好的成熟特征，那么就该行动了。"
        }
    ]
}