{
    "image_id": "04_0501_161920.jpg",
    "annotations": [
        {
            "category": "全熟桃子",
            "bbox": [
                625.0,
                324.0,
                236.0,
                330.0
            ],
            "caption": "当您发现半熟桃子的颜色和质地都符合预期时，就可以准备采摘了。\n对于那些颜色已经开始变化但还未完全成熟的半熟桃子，可以稍微延迟采摘。\n当您发现半熟桃子的颜色和质地都符合预期时，就可以准备采摘了。\n如果发现半熟桃子上有害虫迹象，请及时采取措施，如隔离或使用生物防治。"
        },
        {
            "category": "全熟桃子",
            "bbox": [
                457.0,
                213.0,
                231.0,
                204.0
            ],
            "caption": "当您发现半熟桃子的颜色和质地都符合预期时，就可以准备采摘了。\n对于那些颜色已经开始变化但还未完全成熟的半熟桃子，可以稍微延迟采摘。\n当您发现半熟桃子的颜色和质地都符合预期时，就可以准备采摘了。\n如果发现半熟桃子上有害虫迹象，请及时采取措施，如隔离或使用生物防治。"
        },
        {
            "category": "全熟桃子",
            "bbox": [
                711.0,
                142.0,
                142.0,
                184.0
            ],
            "caption": "当您发现半熟桃子的颜色和质地都符合预期时，就可以准备采摘了。\n对于那些颜色已经开始变化但还未完全成熟的半熟桃子，可以稍微延迟采摘。\n当您发现半熟桃子的颜色和质地都符合预期时，就可以准备采摘了。\n如果发现半熟桃子上有害虫迹象，请及时采取措施，如隔离或使用生物防治。"
        },
        {
            "category": "全熟桃子",
            "bbox": [
                665.0,
                164.99999999999997,
                249.0,
                237.99999999999997
            ],
            "caption": "当您发现半熟桃子的颜色和质地都符合预期时，就可以准备采摘了。\n对于那些颜色已经开始变化但还未完全成熟的半熟桃子，可以稍微延迟采摘。\n当您发现半熟桃子的颜色和质地都符合预期时，就可以准备采摘了。\n如果发现半熟桃子上有害虫迹象，请及时采取措施，如隔离或使用生物防治。"
        }
    ]
}