{
    "image_id": "04_0503_144718.jpg",
    "annotations": [
        {
            "category": "全熟桃子",
            "bbox": [
                148.0,
                270.0,
                303.0,
                330.0
            ],
            "caption": "对于那些色泽饱满、大小适中且成熟的半熟桃子，可以优先考虑采摘；而忽略那些未完全成熟的小个或颜色浅的半熟桃子。\n当您注意到半熟桃子的颜色变得非常吸引人时，这是采摘的好时机。\n对于那些生长在陡峭山坡上的未熟绿色桃子，建议使用梯子辅助采摘。\n在采摘未熟绿色桃子时，确保所有采摘下来的果实都被妥善处理和储存。\n当您发现半熟桃子的颜色和质地都达到了理想状态时，就可以准备采摘了。"
        },
        {
            "category": "全熟桃子",
            "bbox": [
                431.0,
                378.0,
                288.0,
                375.0
            ],
            "caption": "对于那些色泽饱满、大小适中且成熟的半熟桃子，可以优先考虑采摘；而忽略那些未完全成熟的小个或颜色浅的半熟桃子。\n当您注意到半熟桃子的颜色变得非常吸引人时，这是采摘的好时机。\n对于那些生长在陡峭山坡上的未熟绿色桃子，建议使用梯子辅助采摘。\n在采摘未熟绿色桃子时，确保所有采摘下来的果实都被妥善处理和储存。\n当您发现半熟桃子的颜色和质地都达到了理想状态时，就可以准备采摘了。"
        },
        {
            "category": "半熟桃子",
            "bbox": [
                3.0,
                193.00000000000003,
                136.0,
                126.99999999999997
            ],
            "caption": "对于那些色泽饱满、大小适中且成熟的半熟桃子，可以优先考虑采摘；而忽略那些未完全成熟的小个或颜色浅的半熟桃子。\n当您注意到半熟桃子的颜色变得非常吸引人时，这是采摘的好时机。\n对于那些生长在陡峭山坡上的未熟绿色桃子，建议使用梯子辅助采摘。\n在采摘未熟绿色桃子时，确保所有采摘下来的果实都被妥善处理和储存。\n当您发现半熟桃子的颜色和质地都达到了理想状态时，就可以准备采摘了。"
        },
        {
            "category": "半熟桃子",
            "bbox": [
                135.0,
                157.0,
                98.0,
                60.0
            ],
            "caption": "对于那些色泽饱满、大小适中且成熟的半熟桃子，可以优先考虑采摘；而忽略那些未完全成熟的小个或颜色浅的半熟桃子。\n当您注意到半熟桃子的颜色变得非常吸引人时，这是采摘的好时机。\n对于那些生长在陡峭山坡上的未熟绿色桃子，建议使用梯子辅助采摘。\n在采摘未熟绿色桃子时，确保所有采摘下来的果实都被妥善处理和储存。\n当您发现半熟桃子的颜色和质地都达到了理想状态时，就可以准备采摘了。"
        },
        {
            "category": "全熟桃子",
            "bbox": [
                519.0,
                102.99999999999999,
                332.0,
                287.0
            ],
            "caption": "对于那些色泽饱满、大小适中且成熟的半熟桃子，可以优先考虑采摘；而忽略那些未完全成熟的小个或颜色浅的半熟桃子。\n当您注意到半熟桃子的颜色变得非常吸引人时，这是采摘的好时机。\n对于那些生长在陡峭山坡上的未熟绿色桃子，建议使用梯子辅助采摘。\n在采摘未熟绿色桃子时，确保所有采摘下来的果实都被妥善处理和储存。\n当您发现半熟桃子的颜色和质地都达到了理想状态时，就可以准备采摘了。"
        }
    ]
}