{
    "image_id": "04_0501_161325.jpg",
    "annotations": [
        {
            "category": "全熟桃子",
            "bbox": [
                433.0,
                281.99999999999994,
                292.0,
                382.99999999999994
            ],
            "caption": "使用剪刀或专用工具来摘取半熟桃子，以减少对树枝和其他未成熟果实的潜在损害。\n当您发现半熟桃子的颜色和质地都符合预期时，就可以准备采摘了。"
        },
        {
            "category": "全熟桃子",
            "bbox": [
                485.0,
                25.000000000000007,
                206.0,
                189.99999999999997
            ],
            "caption": "使用剪刀或专用工具来摘取半熟桃子，以减少对树枝和其他未成熟果实的潜在损害。\n当您发现半熟桃子的颜色和质地都符合预期时，就可以准备采摘了。"
        }
    ]
}