{
    "image_id": "04_0503_145113.jpg",
    "annotations": [
        {
            "category": "全熟桃子",
            "bbox": [
                558.0,
                269.99999999999994,
                280.0,
                301.99999999999994
            ],
            "caption": "如果发现有些半熟桃子虽然外表看起来成熟了，但实际上内部还不够熟，最好推迟采摘时间，等到它们真正成熟后再动手。\n请确保所有采摘未熟绿色桃子的人员都经过了专业培训。"
        },
        {
            "category": "半熟桃子",
            "bbox": [
                471.0,
                0.0,
                166.0,
                164.0
            ],
            "caption": "如果发现有些半熟桃子虽然外表看起来成熟了，但实际上内部还不够熟，最好推迟采摘时间，等到它们真正成熟后再动手。\n请确保所有采摘未熟绿色桃子的人员都经过了专业培训。"
        }
    ]
}