{
    "image_id": "04_0501_162331.jpg",
    "annotations": [
        {
            "category": "全熟桃子",
            "bbox": [
                445.0,
                250.99999999999997,
                363.0,
                357.0
            ],
            "caption": "当您发现半熟桃子的颜色和质地都达到了理想状态时，就可以准备采摘了。\n如果发现采摘下来的半熟桃子中有次品，应单独放置，以便后续处理或加工利用。"
        },
        {
            "category": "全熟桃子",
            "bbox": [
                671.0,
                46.0,
                61.0,
                56.0
            ],
            "caption": "当您发现半熟桃子的颜色和质地都达到了理想状态时，就可以准备采摘了。\n如果发现采摘下来的半熟桃子中有次品，应单独放置，以便后续处理或加工利用。"
        }
    ]
}