{
    "image_id": "04_0503_150235.jpg",
    "annotations": [
        {
            "category": "半熟桃子",
            "bbox": [
                429.0,
                638.0,
                173.0,
                125.0
            ],
            "caption": "当您发现未熟绿色桃子的颜色逐渐加深，质地也变得更加柔软时，就可以开始采摘了。\n对于那些颜色和质地都表现出良好特征的未熟绿色桃子，可以优先考虑用于展示。"
        },
        {
            "category": "半熟桃子",
            "bbox": [
                565.0,
                207.0,
                390.0,
                409.0
            ],
            "caption": "当您发现未熟绿色桃子的颜色逐渐加深，质地也变得更加柔软时，就可以开始采摘了。\n对于那些颜色和质地都表现出良好特征的未熟绿色桃子，可以优先考虑用于展示。"
        }
    ]
}