{
    "image_id": "05_0525_153911.jpg",
    "annotations": [
        {
            "category": "青柿子",
            "bbox": [
                536.0,
                311.99999999999994,
                195.0,
                182.00000000000006
            ],
            "caption": "选择在清晨露水干后开始采摘全熟桃子，此时果实最为新鲜。\n在采摘全熟桃子时，请注意观察是否有病虫害迹象，并及时处理。\n在处理那些靠近地面或容易受到病虫害影响的全熟桃子时，要格外小心，优先选择健康无损的全熟桃子进行采摘。"
        },
        {
            "category": "青柿子",
            "bbox": [
                553.0,
                173.0,
                107.0,
                118.0
            ],
            "caption": "选择在清晨露水干后开始采摘全熟桃子，此时果实最为新鲜。\n在采摘全熟桃子时，请注意观察是否有病虫害迹象，并及时处理。\n在处理那些靠近地面或容易受到病虫害影响的全熟桃子时，要格外小心，优先选择健康无损的全熟桃子进行采摘。"
        },
        {
            "category": "青柿子",
            "bbox": [
                0.0,
                659.9999999999999,
                116.0,
                107.00000000000011
            ],
            "caption": "选择在清晨露水干后开始采摘全熟桃子，此时果实最为新鲜。\n在采摘全熟桃子时，请注意观察是否有病虫害迹象，并及时处理。\n在处理那些靠近地面或容易受到病虫害影响的全熟桃子时，要格外小心，优先选择健康无损的全熟桃子进行采摘。"
        }
    ]
}