{
    "image_id": "05_0525_153722.jpg",
    "annotations": [
        {
            "category": "青柿子",
            "bbox": [
                336.0,
                337.0,
                262.0,
                274.0
            ],
            "caption": "当您发现全熟桃子的颜色和质地都达到了理想状态时，就可以准备采摘了。\n在采摘时，尽量采用环保的方式，减少对自然资源的消耗，例如使用可降解材料制作的采摘袋。"
        },
        {
            "category": "青柿子",
            "bbox": [
                526.0,
                158.0,
                292.0,
                289.0
            ],
            "caption": "当您发现全熟桃子的颜色和质地都达到了理想状态时，就可以准备采摘了。\n在采摘时，尽量采用环保的方式，减少对自然资源的消耗，例如使用可降解材料制作的采摘袋。"
        }
    ]
}