{
    "image_id": "05_0501_154754.jpg",
    "annotations": [
        {
            "category": "全熟桃子",
            "bbox": [
                493.0,
                272.0,
                223.0,
                208.0
            ],
            "caption": "在采摘半熟桃子时，请确保工作环境整洁，避免对作物造成不必要的污染。\n如果发现未熟绿色桃子上有害虫迹象，请及时采取措施，如隔离或使用生物防治。\n对于那些颜色和质地都表现出良好特征的未熟绿色桃子，可以优先考虑用于特殊用途。"
        },
        {
            "category": "半熟桃子",
            "bbox": [
                389.0,
                267.0,
                134.0,
                134.0
            ],
            "caption": "在采摘半熟桃子时，请确保工作环境整洁，避免对作物造成不必要的污染。\n如果发现未熟绿色桃子上有害虫迹象，请及时采取措施，如隔离或使用生物防治。\n对于那些颜色和质地都表现出良好特征的未熟绿色桃子，可以优先考虑用于特殊用途。"
        },
        {
            "category": "半熟桃子",
            "bbox": [
                824.0,
                520.0,
                54.0,
                58.0
            ],
            "caption": "在采摘半熟桃子时，请确保工作环境整洁，避免对作物造成不必要的污染。\n如果发现未熟绿色桃子上有害虫迹象，请及时采取措施，如隔离或使用生物防治。\n对于那些颜色和质地都表现出良好特征的未熟绿色桃子，可以优先考虑用于特殊用途。"
        }
    ]
}