{
    "image_id": "05_0525_152804.jpg",
    "annotations": [
        {
            "category": "青柿子",
            "bbox": [
                463.0,
                204.0,
                312.0,
                308.0
            ],
            "caption": "考虑到不同品种的全熟桃子有不同的成熟特征，可以根据具体情况进行调整，确保每一种都能得到最合适的照顾。\n当您发现全熟桃子的颜色和质地都达到了理想状态时，就可以准备采摘了。\n当全熟桃子的颜色变化均匀一致时，意味着它已经达到了理想的成熟度。\n当您发现全熟桃子的颜色和质地都符合预期时，就可以准备采摘了。"
        },
        {
            "category": "青柿子",
            "bbox": [
                652.0,
                453.0,
                275.0,
                294.0
            ],
            "caption": "考虑到不同品种的全熟桃子有不同的成熟特征，可以根据具体情况进行调整，确保每一种都能得到最合适的照顾。\n当您发现全熟桃子的颜色和质地都达到了理想状态时，就可以准备采摘了。\n当全熟桃子的颜色变化均匀一致时，意味着它已经达到了理想的成熟度。\n当您发现全熟桃子的颜色和质地都符合预期时，就可以准备采摘了。"
        },
        {
            "category": "青柿子",
            "bbox": [
                929.0,
                205.00000000000003,
                94.0,
                126.99999999999997
            ],
            "caption": "考虑到不同品种的全熟桃子有不同的成熟特征，可以根据具体情况进行调整，确保每一种都能得到最合适的照顾。\n当您发现全熟桃子的颜色和质地都达到了理想状态时，就可以准备采摘了。\n当全熟桃子的颜色变化均匀一致时，意味着它已经达到了理想的成熟度。\n当您发现全熟桃子的颜色和质地都符合预期时，就可以准备采摘了。"
        },
        {
            "category": "青柿子",
            "bbox": [
                449.0,
                357.99999999999994,
                107.0,
                141.0
            ],
            "caption": "考虑到不同品种的全熟桃子有不同的成熟特征，可以根据具体情况进行调整，确保每一种都能得到最合适的照顾。\n当您发现全熟桃子的颜色和质地都达到了理想状态时，就可以准备采摘了。\n当全熟桃子的颜色变化均匀一致时，意味着它已经达到了理想的成熟度。\n当您发现全熟桃子的颜色和质地都符合预期时，就可以准备采摘了。"
        }
    ]
}