{
    "image_id": "05_0525_152813.jpg",
    "annotations": [
        {
            "category": "青柿子",
            "bbox": [
                649.0,
                211.00000000000003,
                218.0,
                177.99999999999997
            ],
            "caption": "摘取时要轻拿轻放，特别是对于那些皮薄易损的全熟桃子。\n在采摘全熟桃子时，请确保每次采摘后的果实都被迅速运往冷藏设施。"
        },
        {
            "category": "青柿子",
            "bbox": [
                546.0,
                344.0,
                142.0,
                170.0
            ],
            "caption": "摘取时要轻拿轻放，特别是对于那些皮薄易损的全熟桃子。\n在采摘全熟桃子时，请确保每次采摘后的果实都被迅速运往冷藏设施。"
        }
    ]
}