{
    "image_id": "05_0501_160002.jpg",
    "annotations": [
        {
            "category": "半熟桃子",
            "bbox": [
                453.0,
                408.0,
                190.0,
                229.9999999999999
            ],
            "caption": "确保采摘的未熟绿色桃子没有病虫害迹象，保持健康状态。\n当您注意到未熟绿色桃子的颜色变得非常吸引人时，这是采摘的好时机。\n当未熟绿色桃子的颜色变化均匀一致时，意味着它已经达到了理想的成熟度。\n分批采摘，先摘那些最成熟的未熟绿色桃子，给其他时间让它们继续发育。"
        },
        {
            "category": "半熟桃子",
            "bbox": [
                488.0,
                258.0,
                153.0,
                165.99999999999994
            ],
            "caption": "确保采摘的未熟绿色桃子没有病虫害迹象，保持健康状态。\n当您注意到未熟绿色桃子的颜色变得非常吸引人时，这是采摘的好时机。\n当未熟绿色桃子的颜色变化均匀一致时，意味着它已经达到了理想的成熟度。\n分批采摘，先摘那些最成熟的未熟绿色桃子，给其他时间让它们继续发育。"
        },
        {
            "category": "半熟桃子",
            "bbox": [
                682.0,
                431.0,
                217.0,
                78.99999999999989
            ],
            "caption": "确保采摘的未熟绿色桃子没有病虫害迹象，保持健康状态。\n当您注意到未熟绿色桃子的颜色变得非常吸引人时，这是采摘的好时机。\n当未熟绿色桃子的颜色变化均匀一致时，意味着它已经达到了理想的成熟度。\n分批采摘，先摘那些最成熟的未熟绿色桃子，给其他时间让它们继续发育。"
        },
        {
            "category": "半熟桃子",
            "bbox": [
                559.0,
                57.999999999999986,
                387.0,
                401.99999999999994
            ],
            "caption": "确保采摘的未熟绿色桃子没有病虫害迹象，保持健康状态。\n当您注意到未熟绿色桃子的颜色变得非常吸引人时，这是采摘的好时机。\n当未熟绿色桃子的颜色变化均匀一致时，意味着它已经达到了理想的成熟度。\n分批采摘，先摘那些最成熟的未熟绿色桃子，给其他时间让它们继续发育。"
        }
    ]
}