{
    "image_id": "05_0525_153826.jpg",
    "annotations": [
        {
            "category": "青柿子",
            "bbox": [
                434.0,
                178.0,
                352.0,
                347.0
            ],
            "caption": "对于那些颜色和质地都表现出成熟特征的全熟桃子，可以优先考虑用于快速销售。\n注意观察全熟桃子的大小，过小的果实可能需要更多时间来成长。\n在采摘半熟桃子时，尽量选择那些没有受到风雨侵袭的健康植株。\n在采摘半熟桃子时，记得标记好每一批次的采摘日期，方便后续追踪。"
        },
        {
            "category": "青柿子",
            "bbox": [
                107.0,
                715.0,
                40.0,
                45.0
            ],
            "caption": "对于那些颜色和质地都表现出成熟特征的全熟桃子，可以优先考虑用于快速销售。\n注意观察全熟桃子的大小，过小的果实可能需要更多时间来成长。\n在采摘半熟桃子时，尽量选择那些没有受到风雨侵袭的健康植株。\n在采摘半熟桃子时，记得标记好每一批次的采摘日期，方便后续追踪。"
        },
        {
            "category": "全熟桃子",
            "bbox": [
                430.0,
                113.0,
                148.0,
                125.99999999999997
            ],
            "caption": "对于那些颜色和质地都表现出成熟特征的全熟桃子，可以优先考虑用于快速销售。\n注意观察全熟桃子的大小，过小的果实可能需要更多时间来成长。\n在采摘半熟桃子时，尽量选择那些没有受到风雨侵袭的健康植株。\n在采摘半熟桃子时，记得标记好每一批次的采摘日期，方便后续追踪。"
        },
        {
            "category": "全熟桃子",
            "bbox": [
                501.0,
                1.9999999999999982,
                51.0,
                75.0
            ],
            "caption": "对于那些颜色和质地都表现出成熟特征的全熟桃子，可以优先考虑用于快速销售。\n注意观察全熟桃子的大小，过小的果实可能需要更多时间来成长。\n在采摘半熟桃子时，尽量选择那些没有受到风雨侵袭的健康植株。\n在采摘半熟桃子时，记得标记好每一批次的采摘日期，方便后续追踪。"
        }
    ]
}