{
    "image_id": "05_0501_154449.jpg",
    "annotations": [
        {
            "category": "全熟桃子",
            "bbox": [
                642.0,
                250.0,
                183.0,
                260.0
            ],
            "caption": "当您发现半熟桃子的颜色和质地都表现出良好的成熟特征时，就可以准备采摘了。\n对于那些颜色变化不均的半熟桃子，可以选择性地只采摘那些最成熟的部分。"
        },
        {
            "category": "全熟桃子",
            "bbox": [
                406.0,
                290.0,
                172.0,
                220.99999999999994
            ],
            "caption": "当您发现半熟桃子的颜色和质地都表现出良好的成熟特征时，就可以准备采摘了。\n对于那些颜色变化不均的半熟桃子，可以选择性地只采摘那些最成熟的部分。"
        }
    ]
}