{
    "image_id": "05_0501_155005.jpg",
    "annotations": [
        {
            "category": "全熟桃子",
            "bbox": [
                534.0,
                245.0,
                218.0,
                223.99999999999994
            ],
            "caption": "注意观察半熟桃子的大小，过小的果实可能需要更多时间来成长。\n在采摘过程中，保持果园清洁，及时清理掉落在地上的腐烂半熟桃子。\n当您发现未熟绿色桃子的颜色和质地都表现出良好的成熟特征时，就可以准备采摘了。\n对于那些颜色变化不均的未熟绿色桃子，可以选择性地只采摘那些最成熟的部分。"
        },
        {
            "category": "全熟桃子",
            "bbox": [
                421.0,
                491.0,
                173.0,
                204.0
            ],
            "caption": "注意观察半熟桃子的大小，过小的果实可能需要更多时间来成长。\n在采摘过程中，保持果园清洁，及时清理掉落在地上的腐烂半熟桃子。\n当您发现未熟绿色桃子的颜色和质地都表现出良好的成熟特征时，就可以准备采摘了。\n对于那些颜色变化不均的未熟绿色桃子，可以选择性地只采摘那些最成熟的部分。"
        },
        {
            "category": "半熟桃子",
            "bbox": [
                490.0,
                653.9999999999999,
                108.0,
                68.00000000000011
            ],
            "caption": "注意观察半熟桃子的大小，过小的果实可能需要更多时间来成长。\n在采摘过程中，保持果园清洁，及时清理掉落在地上的腐烂半熟桃子。\n当您发现未熟绿色桃子的颜色和质地都表现出良好的成熟特征时，就可以准备采摘了。\n对于那些颜色变化不均的未熟绿色桃子，可以选择性地只采摘那些最成熟的部分。"
        },
        {
            "category": "半熟桃子",
            "bbox": [
                592.0,
                543.0,
                33.0,
                49.0
            ],
            "caption": "注意观察半熟桃子的大小，过小的果实可能需要更多时间来成长。\n在采摘过程中，保持果园清洁，及时清理掉落在地上的腐烂半熟桃子。\n当您发现未熟绿色桃子的颜色和质地都表现出良好的成熟特征时，就可以准备采摘了。\n对于那些颜色变化不均的未熟绿色桃子，可以选择性地只采摘那些最成熟的部分。"
        }
    ]
}