{
    "image_id": "05_0501_154311.jpg",
    "annotations": [
        {
            "category": "全熟桃子",
            "bbox": [
                278.0,
                208.0,
                277.0,
                236.99999999999994
            ],
            "caption": "在采摘半熟桃子时，请确保所有采摘下的果实都放置在阴凉处。\n对于那些颜色和质地都表现出成熟特征的未熟绿色桃子，可以优先考虑用于制作果汁。"
        },
        {
            "category": "半熟桃子",
            "bbox": [
                646.0,
                308.0,
                366.0,
                323.0
            ],
            "caption": "在采摘半熟桃子时，请确保所有采摘下的果实都放置在阴凉处。\n对于那些颜色和质地都表现出成熟特征的未熟绿色桃子，可以优先考虑用于制作果汁。"
        }
    ]
}