{
    "image_id": "05_0501_154900.jpg",
    "annotations": [
        {
            "category": "全熟桃子",
            "bbox": [
                472.0,
                390.0,
                279.0,
                256.0
            ],
            "caption": "当您发现半熟桃子的颜色和形状都非常完美时，这通常是采摘的最佳时机。\n在采摘未熟绿色桃子时，确保所有采摘下来的果实都被妥善处理和储存。\n对于那些颜色和质地都表现出成熟特征的未熟绿色桃子，可以优先考虑用于鲜食市场。\n当未熟绿色桃子的颜色和香气都达到顶峰时，就是采摘的最佳时刻。"
        },
        {
            "category": "半熟桃子",
            "bbox": [
                856.0,
                0.0,
                167.0,
                148.0
            ],
            "caption": "当您发现半熟桃子的颜色和形状都非常完美时，这通常是采摘的最佳时机。\n在采摘未熟绿色桃子时，确保所有采摘下来的果实都被妥善处理和储存。\n对于那些颜色和质地都表现出成熟特征的未熟绿色桃子，可以优先考虑用于鲜食市场。\n当未熟绿色桃子的颜色和香气都达到顶峰时，就是采摘的最佳时刻。"
        },
        {
            "category": "半熟桃子",
            "bbox": [
                585.0,
                232.0,
                89.0,
                87.0
            ],
            "caption": "当您发现半熟桃子的颜色和形状都非常完美时，这通常是采摘的最佳时机。\n在采摘未熟绿色桃子时，确保所有采摘下来的果实都被妥善处理和储存。\n对于那些颜色和质地都表现出成熟特征的未熟绿色桃子，可以优先考虑用于鲜食市场。\n当未熟绿色桃子的颜色和香气都达到顶峰时，就是采摘的最佳时刻。"
        },
        {
            "category": "半熟桃子",
            "bbox": [
                132.0,
                276.0,
                100.0,
                102.0
            ],
            "caption": "当您发现半熟桃子的颜色和形状都非常完美时，这通常是采摘的最佳时机。\n在采摘未熟绿色桃子时，确保所有采摘下来的果实都被妥善处理和储存。\n对于那些颜色和质地都表现出成熟特征的未熟绿色桃子，可以优先考虑用于鲜食市场。\n当未熟绿色桃子的颜色和香气都达到顶峰时，就是采摘的最佳时刻。"
        }
    ]
}