{
    "image_id": "05_0501_154922.jpg",
    "annotations": [
        {
            "category": "半熟桃子",
            "bbox": [
                537.0,
                344.0,
                237.0,
                189.9999999999999
            ],
            "caption": "检查未熟绿色桃子是否有自然裂口，如果有，应尽快采摘以减少损失。\n当您发现未熟绿色桃子的颜色和质地都达到了理想状态时，就可以准备采摘了。"
        },
        {
            "category": "半熟桃子",
            "bbox": [
                679.0,
                293.99999999999994,
                89.0,
                70.00000000000006
            ],
            "caption": "检查未熟绿色桃子是否有自然裂口，如果有，应尽快采摘以减少损失。\n当您发现未熟绿色桃子的颜色和质地都达到了理想状态时，就可以准备采摘了。"
        }
    ]
}