{
    "image_id": "05_0525_153804.jpg",
    "annotations": [
        {
            "category": "青柿子",
            "bbox": [
                341.0,
                210.99999999999994,
                337.0,
                351.00000000000006
            ],
            "caption": "如果发现某些全熟桃子的颜色特别鲜艳，可能是由于光照充足，这类果实往往口感更好。\n当您注意到全熟桃子的颜色变得非常吸引人时，这是采摘的好时机。"
        },
        {
            "category": "青柿子",
            "bbox": [
                668.0,
                0.0,
                305.0,
                217.99999999999997
            ],
            "caption": "如果发现某些全熟桃子的颜色特别鲜艳，可能是由于光照充足，这类果实往往口感更好。\n当您注意到全熟桃子的颜色变得非常吸引人时，这是采摘的好时机。"
        }
    ]
}