{
    "image_id": "05_0501_154644.jpg",
    "annotations": [
        {
            "category": "全熟桃子",
            "bbox": [
                506.0,
                160.0,
                207.0,
                229.0
            ],
            "caption": "在采摘时，尽量采用环保的方式，减少对自然资源的消耗，例如使用可降解材料制作的采摘袋。\n确保采摘的未熟绿色桃子没有病虫害迹象，保持健康状态。\n在采摘未熟绿色桃子时，确保所有采摘下来的果实都被妥善处理和储存。"
        },
        {
            "category": "半熟桃子",
            "bbox": [
                416.0,
                347.99999999999994,
                202.0,
                167.00000000000006
            ],
            "caption": "在采摘时，尽量采用环保的方式，减少对自然资源的消耗，例如使用可降解材料制作的采摘袋。\n确保采摘的未熟绿色桃子没有病虫害迹象，保持健康状态。\n在采摘未熟绿色桃子时，确保所有采摘下来的果实都被妥善处理和储存。"
        },
        {
            "category": "半熟桃子",
            "bbox": [
                643.0,
                413.0,
                207.0,
                164.0
            ],
            "caption": "在采摘时，尽量采用环保的方式，减少对自然资源的消耗，例如使用可降解材料制作的采摘袋。\n确保采摘的未熟绿色桃子没有病虫害迹象，保持健康状态。\n在采摘未熟绿色桃子时，确保所有采摘下来的果实都被妥善处理和储存。"
        }
    ]
}