{
    "image_id": "05_0525_153546.jpg",
    "annotations": [
        {
            "category": "青柿子",
            "bbox": [
                63.0,
                16.000000000000007,
                298.0,
                319.0
            ],
            "caption": "对于那些颜色特别鲜艳且质地柔软的全熟桃子，可以优先考虑采摘。\n对于那些生长在树冠下层的全熟桃子，可以考虑使用长臂剪刀进行安全采摘。\n对于那些颜色和质地都表现出成熟特征的半熟桃子，可以优先考虑用于制作罐头。\n当您发现全熟桃子的颜色和质地都达到了理想状态时，就可以准备采摘了。"
        },
        {
            "category": "青柿子",
            "bbox": [
                214.0,
                231.0,
                378.0,
                393.0
            ],
            "caption": "对于那些颜色特别鲜艳且质地柔软的全熟桃子，可以优先考虑采摘。\n对于那些生长在树冠下层的全熟桃子，可以考虑使用长臂剪刀进行安全采摘。\n对于那些颜色和质地都表现出成熟特征的半熟桃子，可以优先考虑用于制作罐头。\n当您发现全熟桃子的颜色和质地都达到了理想状态时，就可以准备采摘了。"
        },
        {
            "category": "全熟桃子",
            "bbox": [
                563.0,
                299.0,
                139.0,
                191.0
            ],
            "caption": "对于那些颜色特别鲜艳且质地柔软的全熟桃子，可以优先考虑采摘。\n对于那些生长在树冠下层的全熟桃子，可以考虑使用长臂剪刀进行安全采摘。\n对于那些颜色和质地都表现出成熟特征的半熟桃子，可以优先考虑用于制作罐头。\n当您发现全熟桃子的颜色和质地都达到了理想状态时，就可以准备采摘了。"
        },
        {
            "category": "青柿子",
            "bbox": [
                674.0,
                245.0,
                248.0,
                259.99999999999994
            ],
            "caption": "对于那些颜色特别鲜艳且质地柔软的全熟桃子，可以优先考虑采摘。\n对于那些生长在树冠下层的全熟桃子，可以考虑使用长臂剪刀进行安全采摘。\n对于那些颜色和质地都表现出成熟特征的半熟桃子，可以优先考虑用于制作罐头。\n当您发现全熟桃子的颜色和质地都达到了理想状态时，就可以准备采摘了。"
        }
    ]
}