{
    "image_id": "05_0501_155010.jpg",
    "annotations": [
        {
            "category": "全熟桃子",
            "bbox": [
                422.0,
                183.99999999999994,
                468.0,
                486.00000000000006
            ],
            "caption": "选择在清晨露水干后开始采摘半熟桃子，此时果实最为新鲜。\n当您发现未熟绿色桃子的颜色和质地都达到了理想状态时，就可以准备采摘了。\n对于那些颜色和质地都表现出成熟特征的未熟绿色桃子，可以优先考虑用于高端市场。\n对于那些颜色和质地都表现出成熟特征的未熟绿色桃子，可以优先考虑用于快速销售。\n对于那些颜色和质地都表现出成熟特征的半熟桃子，可以优先考虑用于直接销售给消费者。"
        },
        {
            "category": "半熟桃子",
            "bbox": [
                372.0,
                344.0,
                68.0,
                168.9999999999999
            ],
            "caption": "选择在清晨露水干后开始采摘半熟桃子，此时果实最为新鲜。\n当您发现未熟绿色桃子的颜色和质地都达到了理想状态时，就可以准备采摘了。\n对于那些颜色和质地都表现出成熟特征的未熟绿色桃子，可以优先考虑用于高端市场。\n对于那些颜色和质地都表现出成熟特征的未熟绿色桃子，可以优先考虑用于快速销售。\n对于那些颜色和质地都表现出成熟特征的半熟桃子，可以优先考虑用于直接销售给消费者。"
        },
        {
            "category": "半熟桃子",
            "bbox": [
                475.0,
                78.0,
                289.0,
                148.0
            ],
            "caption": "选择在清晨露水干后开始采摘半熟桃子，此时果实最为新鲜。\n当您发现未熟绿色桃子的颜色和质地都达到了理想状态时，就可以准备采摘了。\n对于那些颜色和质地都表现出成熟特征的未熟绿色桃子，可以优先考虑用于高端市场。\n对于那些颜色和质地都表现出成熟特征的未熟绿色桃子，可以优先考虑用于快速销售。\n对于那些颜色和质地都表现出成熟特征的半熟桃子，可以优先考虑用于直接销售给消费者。"
        },
        {
            "category": "半熟桃子",
            "bbox": [
                423.0,
                61.00000000000001,
                70.0,
                76.0
            ],
            "caption": "选择在清晨露水干后开始采摘半熟桃子，此时果实最为新鲜。\n当您发现未熟绿色桃子的颜色和质地都达到了理想状态时，就可以准备采摘了。\n对于那些颜色和质地都表现出成熟特征的未熟绿色桃子，可以优先考虑用于高端市场。\n对于那些颜色和质地都表现出成熟特征的未熟绿色桃子，可以优先考虑用于快速销售。\n对于那些颜色和质地都表现出成熟特征的半熟桃子，可以优先考虑用于直接销售给消费者。"
        },
        {
            "category": "全熟桃子",
            "bbox": [
                907.0,
                0.0,
                116.0,
                105.99999999999999
            ],
            "caption": "选择在清晨露水干后开始采摘半熟桃子，此时果实最为新鲜。\n当您发现未熟绿色桃子的颜色和质地都达到了理想状态时，就可以准备采摘了。\n对于那些颜色和质地都表现出成熟特征的未熟绿色桃子，可以优先考虑用于高端市场。\n对于那些颜色和质地都表现出成熟特征的未熟绿色桃子，可以优先考虑用于快速销售。\n对于那些颜色和质地都表现出成熟特征的半熟桃子，可以优先考虑用于直接销售给消费者。"
        }
    ]
}