{
    "image_id": "05_0525_153504.jpg",
    "annotations": [
        {
            "category": "青柿子",
            "bbox": [
                377.0,
                158.0,
                449.0,
                418.0
            ],
            "caption": "对于生长在树冠下层的全熟桃子，建议使用长臂工具进行安全采摘。\n在采摘全熟桃子时，请确保所有采摘工具都已消毒。\n在采摘时，尽量保持双手干净，避免将污垢或细菌带到全熟桃子上；这对于维持采摘后的保鲜非常重要。\n注意观察全熟桃子的大小，过小的果实可能需要更多时间来成长。"
        },
        {
            "category": "青柿子",
            "bbox": [
                693.0,
                69.99999999999999,
                306.0,
                310.99999999999994
            ],
            "caption": "对于生长在树冠下层的全熟桃子，建议使用长臂工具进行安全采摘。\n在采摘全熟桃子时，请确保所有采摘工具都已消毒。\n在采摘时，尽量保持双手干净，避免将污垢或细菌带到全熟桃子上；这对于维持采摘后的保鲜非常重要。\n注意观察全熟桃子的大小，过小的果实可能需要更多时间来成长。"
        },
        {
            "category": "青柿子",
            "bbox": [
                711.0,
                480.99999999999994,
                112.0,
                69.00000000000006
            ],
            "caption": "对于生长在树冠下层的全熟桃子，建议使用长臂工具进行安全采摘。\n在采摘全熟桃子时，请确保所有采摘工具都已消毒。\n在采摘时，尽量保持双手干净，避免将污垢或细菌带到全熟桃子上；这对于维持采摘后的保鲜非常重要。\n注意观察全熟桃子的大小，过小的果实可能需要更多时间来成长。"
        },
        {
            "category": "青柿子",
            "bbox": [
                300.0,
                292.0,
                83.0,
                101.99999999999994
            ],
            "caption": "对于生长在树冠下层的全熟桃子，建议使用长臂工具进行安全采摘。\n在采摘全熟桃子时，请确保所有采摘工具都已消毒。\n在采摘时，尽量保持双手干净，避免将污垢或细菌带到全熟桃子上；这对于维持采摘后的保鲜非常重要。\n注意观察全熟桃子的大小，过小的果实可能需要更多时间来成长。"
        }
    ]
}