{
    "image_id": "05_0525_152454.jpg",
    "annotations": [
        {
            "category": "青柿子",
            "bbox": [
                377.0,
                0.0,
                261.0,
                250.0
            ],
            "caption": "当您发现全熟桃子的颜色和质地都符合预期时，就可以准备采摘了。\n对于那些颜色和质地都表现出成熟特征的全熟桃子，可以优先考虑用于制作果酱等衍生产品。\n当您发现全熟桃子的颜色和质地都符合预期标准时，就可以准备采摘了。"
        },
        {
            "category": "青柿子",
            "bbox": [
                386.0,
                202.99999999999997,
                465.0,
                486.0
            ],
            "caption": "当您发现全熟桃子的颜色和质地都符合预期时，就可以准备采摘了。\n对于那些颜色和质地都表现出成熟特征的全熟桃子，可以优先考虑用于制作果酱等衍生产品。\n当您发现全熟桃子的颜色和质地都符合预期标准时，就可以准备采摘了。"
        },
        {
            "category": "青柿子",
            "bbox": [
                894.0,
                486.0,
                52.0,
                52.0
            ],
            "caption": "当您发现全熟桃子的颜色和质地都符合预期时，就可以准备采摘了。\n对于那些颜色和质地都表现出成熟特征的全熟桃子，可以优先考虑用于制作果酱等衍生产品。\n当您发现全熟桃子的颜色和质地都符合预期标准时，就可以准备采摘了。"
        }
    ]
}