{
    "image_id": "05_0525_153819.jpg",
    "annotations": [
        {
            "category": "青柿子",
            "bbox": [
                486.0,
                211.0,
                251.0,
                275.0
            ],
            "caption": "当全熟桃子的颜色变化均匀一致时，意味着它已经达到了理想的成熟度。\n如果发现采摘下来的全熟桃子中有特别受欢迎的品种，可以加大种植面积或改进栽培技术。"
        },
        {
            "category": "青柿子",
            "bbox": [
                803.0,
                23.0,
                53.0,
                67.0
            ],
            "caption": "当全熟桃子的颜色变化均匀一致时，意味着它已经达到了理想的成熟度。\n如果发现采摘下来的全熟桃子中有特别受欢迎的品种，可以加大种植面积或改进栽培技术。"
        }
    ]
}