{
    "image_id": "06_0503_154806.jpg",
    "annotations": [
        {
            "category": "半熟桃子",
            "bbox": [
                531.0,
                93.99999999999999,
                127.0,
                138.0
            ],
            "caption": "对于那些颜色鲜艳且表皮光滑无瑕疵的未熟绿色桃子，可以优先考虑用于高端市场。\n在采摘未熟绿色桃子时，确保每次采摘的数量适中，不要一次性摘得太多。\n当您发现未熟绿色桃子的颜色和质地都达到了理想状态时，就可以准备采摘了。"
        },
        {
            "category": "半熟桃子",
            "bbox": [
                452.0,
                290.0,
                122.0,
                145.0
            ],
            "caption": "对于那些颜色鲜艳且表皮光滑无瑕疵的未熟绿色桃子，可以优先考虑用于高端市场。\n在采摘未熟绿色桃子时，确保每次采摘的数量适中，不要一次性摘得太多。\n当您发现未熟绿色桃子的颜色和质地都达到了理想状态时，就可以准备采摘了。"
        },
        {
            "category": "半熟桃子",
            "bbox": [
                549.0,
                130.0,
                312.0,
                281.99999999999994
            ],
            "caption": "对于那些颜色鲜艳且表皮光滑无瑕疵的未熟绿色桃子，可以优先考虑用于高端市场。\n在采摘未熟绿色桃子时，确保每次采摘的数量适中，不要一次性摘得太多。\n当您发现未熟绿色桃子的颜色和质地都达到了理想状态时，就可以准备采摘了。"
        }
    ]
}