{
    "image_id": "06_0503_155144.jpg",
    "annotations": [
        {
            "category": "全熟桃子",
            "bbox": [
                495.0,
                0.0,
                360.0,
                376.0
            ],
            "caption": "在采摘过程中，保持果园清洁，及时清理掉落在地上的腐烂半熟桃子。\n当您发现半熟桃子的颜色和质地都达到了理想状态时，就可以准备采摘了。\n当您发现半熟桃子的颜色和质地都达到了理想状态时，就可以准备采摘了。"
        },
        {
            "category": "全熟桃子",
            "bbox": [
                575.0,
                393.0,
                304.0,
                304.9999999999999
            ],
            "caption": "在采摘过程中，保持果园清洁，及时清理掉落在地上的腐烂半熟桃子。\n当您发现半熟桃子的颜色和质地都达到了理想状态时，就可以准备采摘了。\n当您发现半熟桃子的颜色和质地都达到了理想状态时，就可以准备采摘了。"
        },
        {
            "category": "全熟桃子",
            "bbox": [
                493.0,
                378.0,
                118.0,
                202.0
            ],
            "caption": "在采摘过程中，保持果园清洁，及时清理掉落在地上的腐烂半熟桃子。\n当您发现半熟桃子的颜色和质地都达到了理想状态时，就可以准备采摘了。\n当您发现半熟桃子的颜色和质地都达到了理想状态时，就可以准备采摘了。"
        }
    ]
}