{
    "image_id": "06_0503_154740.jpg",
    "annotations": [
        {
            "category": "半熟桃子",
            "bbox": [
                876.0,
                244.99999999999997,
                102.0,
                241.00000000000003
            ],
            "caption": "当您发现未熟绿色桃子的颜色和质地都达到了理想状态时，就可以准备采摘了。\n如果发现采摘下来的未熟绿色桃子中有特别受欢迎的品种，可以加大种植面积或改进栽培技术。"
        },
        {
            "category": "半熟桃子",
            "bbox": [
                475.0,
                170.0,
                272.0,
                358.0
            ],
            "caption": "当您发现未熟绿色桃子的颜色和质地都达到了理想状态时，就可以准备采摘了。\n如果发现采摘下来的未熟绿色桃子中有特别受欢迎的品种，可以加大种植面积或改进栽培技术。"
        }
    ]
}