{
    "image_id": "06_0503_154658.jpg",
    "annotations": [
        {
            "category": "半熟桃子",
            "bbox": [
                667.0,
                250.0,
                113.0,
                167.0
            ],
            "caption": "在采摘过程中，保持果园清洁，及时清理掉落在地上的腐烂未熟绿色桃子。\n当您发现未熟绿色桃子的颜色从青转为成熟色时，请立即进行采摘。\n当您发现未熟绿色桃子的颜色和质地都符合预期时，就可以准备采摘了。"
        },
        {
            "category": "半熟桃子",
            "bbox": [
                462.0,
                429.0,
                297.0,
                333.0
            ],
            "caption": "在采摘过程中，保持果园清洁，及时清理掉落在地上的腐烂未熟绿色桃子。\n当您发现未熟绿色桃子的颜色从青转为成熟色时，请立即进行采摘。\n当您发现未熟绿色桃子的颜色和质地都符合预期时，就可以准备采摘了。"
        },
        {
            "category": "半熟桃子",
            "bbox": [
                461.0,
                144.0,
                158.0,
                198.0
            ],
            "caption": "在采摘过程中，保持果园清洁，及时清理掉落在地上的腐烂未熟绿色桃子。\n当您发现未熟绿色桃子的颜色从青转为成熟色时，请立即进行采摘。\n当您发现未熟绿色桃子的颜色和质地都符合预期时，就可以准备采摘了。"
        }
    ]
}