{
    "image_id": "06_0503_155409.jpg",
    "annotations": [
        {
            "category": "半熟桃子",
            "bbox": [
                645.0,
                320.99999999999994,
                177.0,
                220.99999999999994
            ],
            "caption": "尽量保持工作区域整洁有序，这不仅有助于提高效率，也能减少对周围环境的影响。\n当您发现未熟绿色桃子的颜色变得非常鲜艳时，说明它已经到了最佳采摘期。"
        },
        {
            "category": "半熟桃子",
            "bbox": [
                382.0,
                259.0,
                210.0,
                325.0
            ],
            "caption": "尽量保持工作区域整洁有序，这不仅有助于提高效率，也能减少对周围环境的影响。\n当您发现未熟绿色桃子的颜色变得非常鲜艳时，说明它已经到了最佳采摘期。"
        }
    ]
}