{
    "image_id": "06_0503_155133.jpg",
    "annotations": [
        {
            "category": "全熟桃子",
            "bbox": [
                585.0,
                198.0,
                94.0,
                191.0
            ],
            "caption": "对于那些颜色和质地都表现出成熟特征的半熟桃子，可以优先考虑用于销售。\n采摘后，立即将未熟绿色桃子放入冷藏设备中保存，以延长保鲜期。\n在采摘未熟绿色桃子时，尽量避开中午阳光最强烈的时候，以减少热损伤。"
        },
        {
            "category": "半熟桃子",
            "bbox": [
                406.0,
                262.0,
                93.0,
                313.0
            ],
            "caption": "对于那些颜色和质地都表现出成熟特征的半熟桃子，可以优先考虑用于销售。\n采摘后，立即将未熟绿色桃子放入冷藏设备中保存，以延长保鲜期。\n在采摘未熟绿色桃子时，尽量避开中午阳光最强烈的时候，以减少热损伤。"
        },
        {
            "category": "半熟桃子",
            "bbox": [
                873.0,
                36.0,
                150.0,
                142.0
            ],
            "caption": "对于那些颜色和质地都表现出成熟特征的半熟桃子，可以优先考虑用于销售。\n采摘后，立即将未熟绿色桃子放入冷藏设备中保存，以延长保鲜期。\n在采摘未熟绿色桃子时，尽量避开中午阳光最强烈的时候，以减少热损伤。"
        }
    ]
}