{
    "image_id": "06_0503_155305.jpg",
    "annotations": [
        {
            "category": "半熟桃子",
            "bbox": [
                0.0,
                69.0,
                252.0,
                377.0
            ],
            "caption": "摘取未熟绿色桃子时，避免用力过猛以免对果实造成不必要的伤害。\n尽量保持工作节奏稳定，避免因过度劳累而影响采摘质量和效率。"
        },
        {
            "category": "半熟桃子",
            "bbox": [
                264.0,
                1.000000000000007,
                270.0,
                338.0
            ],
            "caption": "摘取未熟绿色桃子时，避免用力过猛以免对果实造成不必要的伤害。\n尽量保持工作节奏稳定，避免因过度劳累而影响采摘质量和效率。"
        }
    ]
}