{
    "image_id": "07_0503_142935.jpg",
    "annotations": [
        {
            "category": "全熟桃子",
            "bbox": [
                383.0,
                256.0,
                169.0,
                181.0
            ],
            "caption": "在采摘之前，请先确认半熟桃子是否已经达到了理想的成熟度，比如颜色是否足够鲜艳、质地是否适当软化等。\n根据实际情况灵活调整采摘策略，有时候提前采摘一些接近成熟的半熟桃子反而能获得更好的保存效果。"
        },
        {
            "category": "全熟桃子",
            "bbox": [
                544.0,
                276.0,
                230.0,
                183.99999999999994
            ],
            "caption": "在采摘之前，请先确认半熟桃子是否已经达到了理想的成熟度，比如颜色是否足够鲜艳、质地是否适当软化等。\n根据实际情况灵活调整采摘策略，有时候提前采摘一些接近成熟的半熟桃子反而能获得更好的保存效果。"
        }
    ]
}