{
    "image_id": "07_0621_165440.jpg",
    "annotations": [
        {
            "category": "半熟桃子",
            "bbox": [
                449.0,
                304.0,
                236.0,
                245.0
            ],
            "caption": "如果发现有些未熟绿色桃子虽然外表看起来成熟了，但实际上内部还不够熟，最好推迟采摘时间，等到它们真正成熟后再动手。\n在采摘半熟桃子时，尽量选择那些没有受到风雨侵袭的健康植株。\n对于那些颜色和质地都表现出成熟特征的未熟绿色桃子，可以优先考虑用于制作果汁。\n如果发现采摘下来的半熟桃子中有特别适合加工的个体，可以考虑开发相关的衍生产品。\n在采摘之前，请先确认半熟桃子是否已经达到了理想的成熟度，比如颜色是否足够鲜艳、质地是否适当软化等。\n在采摘未熟绿色桃子时，确保所有采摘下来的果实都被妥善处理和储存。"
        },
        {
            "category": "全熟桃子",
            "bbox": [
                684.0,
                140.0,
                266.0,
                215.0
            ],
            "caption": "如果发现有些未熟绿色桃子虽然外表看起来成熟了，但实际上内部还不够熟，最好推迟采摘时间，等到它们真正成熟后再动手。\n在采摘半熟桃子时，尽量选择那些没有受到风雨侵袭的健康植株。\n对于那些颜色和质地都表现出成熟特征的未熟绿色桃子，可以优先考虑用于制作果汁。\n如果发现采摘下来的半熟桃子中有特别适合加工的个体，可以考虑开发相关的衍生产品。\n在采摘之前，请先确认半熟桃子是否已经达到了理想的成熟度，比如颜色是否足够鲜艳、质地是否适当软化等。\n在采摘未熟绿色桃子时，确保所有采摘下来的果实都被妥善处理和储存。"
        },
        {
            "category": "半熟桃子",
            "bbox": [
                270.0,
                400.0,
                163.0,
                169.0
            ],
            "caption": "如果发现有些未熟绿色桃子虽然外表看起来成熟了，但实际上内部还不够熟，最好推迟采摘时间，等到它们真正成熟后再动手。\n在采摘半熟桃子时，尽量选择那些没有受到风雨侵袭的健康植株。\n对于那些颜色和质地都表现出成熟特征的未熟绿色桃子，可以优先考虑用于制作果汁。\n如果发现采摘下来的半熟桃子中有特别适合加工的个体，可以考虑开发相关的衍生产品。\n在采摘之前，请先确认半熟桃子是否已经达到了理想的成熟度，比如颜色是否足够鲜艳、质地是否适当软化等。\n在采摘未熟绿色桃子时，确保所有采摘下来的果实都被妥善处理和储存。"
        },
        {
            "category": "全熟桃子",
            "bbox": [
                208.0,
                256.0,
                161.0,
                161.0
            ],
            "caption": "如果发现有些未熟绿色桃子虽然外表看起来成熟了，但实际上内部还不够熟，最好推迟采摘时间，等到它们真正成熟后再动手。\n在采摘半熟桃子时，尽量选择那些没有受到风雨侵袭的健康植株。\n对于那些颜色和质地都表现出成熟特征的未熟绿色桃子，可以优先考虑用于制作果汁。\n如果发现采摘下来的半熟桃子中有特别适合加工的个体，可以考虑开发相关的衍生产品。\n在采摘之前，请先确认半熟桃子是否已经达到了理想的成熟度，比如颜色是否足够鲜艳、质地是否适当软化等。\n在采摘未熟绿色桃子时，确保所有采摘下来的果实都被妥善处理和储存。"
        },
        {
            "category": "全熟桃子",
            "bbox": [
                792.0,
                98.0,
                170.0,
                136.0
            ],
            "caption": "如果发现有些未熟绿色桃子虽然外表看起来成熟了，但实际上内部还不够熟，最好推迟采摘时间，等到它们真正成熟后再动手。\n在采摘半熟桃子时，尽量选择那些没有受到风雨侵袭的健康植株。\n对于那些颜色和质地都表现出成熟特征的未熟绿色桃子，可以优先考虑用于制作果汁。\n如果发现采摘下来的半熟桃子中有特别适合加工的个体，可以考虑开发相关的衍生产品。\n在采摘之前，请先确认半熟桃子是否已经达到了理想的成熟度，比如颜色是否足够鲜艳、质地是否适当软化等。\n在采摘未熟绿色桃子时，确保所有采摘下来的果实都被妥善处理和储存。"
        },
        {
            "category": "半熟桃子",
            "bbox": [
                42.0,
                376.99999999999994,
                118.0,
                66.99999999999994
            ],
            "caption": "如果发现有些未熟绿色桃子虽然外表看起来成熟了，但实际上内部还不够熟，最好推迟采摘时间，等到它们真正成熟后再动手。\n在采摘半熟桃子时，尽量选择那些没有受到风雨侵袭的健康植株。\n对于那些颜色和质地都表现出成熟特征的未熟绿色桃子，可以优先考虑用于制作果汁。\n如果发现采摘下来的半熟桃子中有特别适合加工的个体，可以考虑开发相关的衍生产品。\n在采摘之前，请先确认半熟桃子是否已经达到了理想的成熟度，比如颜色是否足够鲜艳、质地是否适当软化等。\n在采摘未熟绿色桃子时，确保所有采摘下来的果实都被妥善处理和储存。"
        }
    ]
}