{
    "image_id": "07_0621_164527.jpg",
    "annotations": [
        {
            "category": "半熟桃子",
            "bbox": [
                417.0,
                275.0,
                170.0,
                217.99999999999994
            ],
            "caption": "分批采摘，先摘那些最成熟的未熟绿色桃子，给其他时间让它们继续发育。\n尽量采用现代化的设备和技术，如无人机监测或智能采摘机器人，精准地采摘这些成熟的未熟绿色桃子，提高采摘效率的同时减少对未成熟未熟绿色桃子的影响。\n在采摘未熟绿色桃子时，请确保每个工人负责的区域清晰明确。"
        },
        {
            "category": "半熟桃子",
            "bbox": [
                576.0,
                378.0,
                209.0,
                195.0
            ],
            "caption": "分批采摘，先摘那些最成熟的未熟绿色桃子，给其他时间让它们继续发育。\n尽量采用现代化的设备和技术，如无人机监测或智能采摘机器人，精准地采摘这些成熟的未熟绿色桃子，提高采摘效率的同时减少对未成熟未熟绿色桃子的影响。\n在采摘未熟绿色桃子时，请确保每个工人负责的区域清晰明确。"
        },
        {
            "category": "半熟桃子",
            "bbox": [
                402.0,
                255.0,
                80.0,
                89.0
            ],
            "caption": "分批采摘，先摘那些最成熟的未熟绿色桃子，给其他时间让它们继续发育。\n尽量采用现代化的设备和技术，如无人机监测或智能采摘机器人，精准地采摘这些成熟的未熟绿色桃子，提高采摘效率的同时减少对未成熟未熟绿色桃子的影响。\n在采摘未熟绿色桃子时，请确保每个工人负责的区域清晰明确。"
        }
    ]
}