{
    "image_id": "07_0605_165552.jpg",
    "annotations": [
        {
            "category": "全熟桃子",
            "bbox": [
                683.0,
                300.0,
                245.0,
                403.0
            ],
            "caption": "在采摘过程中，始终佩戴手套，以保护双手并维持半熟桃子表面的洁净。\n请仔细检查每一棵桃树，仅选择那些颜色达到最佳状态、表皮光滑且无瑕疵的未熟绿色桃子进行采摘。"
        },
        {
            "category": "半熟桃子",
            "bbox": [
                587.0,
                382.0,
                140.0,
                229.0
            ],
            "caption": "在采摘过程中，始终佩戴手套，以保护双手并维持半熟桃子表面的洁净。\n请仔细检查每一棵桃树，仅选择那些颜色达到最佳状态、表皮光滑且无瑕疵的未熟绿色桃子进行采摘。"
        }
    ]
}