{
    "image_id": "07_0503_143220.jpg",
    "annotations": [
        {
            "category": "全熟桃子",
            "bbox": [
                430.0,
                98.0,
                218.0,
                169.0
            ],
            "caption": "当您发现半熟桃子的颜色和质地都达到了理想状态时，就可以准备采摘了。\n当您发现半熟桃子的颜色逐渐加深，质地也变得更加柔软时，就可以开始采摘了。\n当您发现半熟桃子的颜色和质地都达到了理想状态时，就可以准备采摘了。"
        },
        {
            "category": "全熟桃子",
            "bbox": [
                673.0,
                340.0,
                251.0,
                178.0
            ],
            "caption": "当您发现半熟桃子的颜色和质地都达到了理想状态时，就可以准备采摘了。\n当您发现半熟桃子的颜色逐渐加深，质地也变得更加柔软时，就可以开始采摘了。\n当您发现半熟桃子的颜色和质地都达到了理想状态时，就可以准备采摘了。"
        },
        {
            "category": "全熟桃子",
            "bbox": [
                714.0,
                118.99999999999997,
                239.0,
                165.00000000000003
            ],
            "caption": "当您发现半熟桃子的颜色和质地都达到了理想状态时，就可以准备采摘了。\n当您发现半熟桃子的颜色逐渐加深，质地也变得更加柔软时，就可以开始采摘了。\n当您发现半熟桃子的颜色和质地都达到了理想状态时，就可以准备采摘了。"
        }
    ]
}