{
    "image_id": "07_0530_160920.jpg",
    "annotations": [
        {
            "category": "半熟桃子",
            "bbox": [
                598.0,
                277.0,
                317.0,
                214.0
            ],
            "caption": "采摘过程中，请小心处理每一个未熟绿色桃子，以避免任何可能造成的损伤。\n在采摘半熟桃子时，尽量选择那些没有受到风雨侵袭的健康植株。\n摘取那些挂在枝头、颜色达到巅峰且稍微柔软的未熟绿色桃子串，确保每颗都是最佳品质。"
        },
        {
            "category": "全熟桃子",
            "bbox": [
                369.0,
                674.0,
                183.0,
                92.0
            ],
            "caption": "采摘过程中，请小心处理每一个未熟绿色桃子，以避免任何可能造成的损伤。\n在采摘半熟桃子时，尽量选择那些没有受到风雨侵袭的健康植株。\n摘取那些挂在枝头、颜色达到巅峰且稍微柔软的未熟绿色桃子串，确保每颗都是最佳品质。"
        },
        {
            "category": "半熟桃子",
            "bbox": [
                474.0,
                459.99999999999994,
                222.0,
                194.00000000000006
            ],
            "caption": "采摘过程中，请小心处理每一个未熟绿色桃子，以避免任何可能造成的损伤。\n在采摘半熟桃子时，尽量选择那些没有受到风雨侵袭的健康植株。\n摘取那些挂在枝头、颜色达到巅峰且稍微柔软的未熟绿色桃子串，确保每颗都是最佳品质。"
        }
    ]
}