{
    "image_id": "07_0621_164424.jpg",
    "annotations": [
        {
            "category": "半熟桃子",
            "bbox": [
                602.0,
                241.0,
                239.0,
                203.0
            ],
            "caption": "如果发现未熟绿色桃子周围有鸟类活动，请及时采取措施防止它们啄食。\n请确保所有用于采摘未熟绿色桃子的工具都已消毒，以防止病菌传播。"
        },
        {
            "category": "半熟桃子",
            "bbox": [
                477.0,
                437.9999999999999,
                158.0,
                131.0000000000001
            ],
            "caption": "如果发现未熟绿色桃子周围有鸟类活动，请及时采取措施防止它们啄食。\n请确保所有用于采摘未熟绿色桃子的工具都已消毒，以防止病菌传播。"
        }
    ]
}