{
    "image_id": "07_0530_155537.jpg",
    "annotations": [
        {
            "category": "全熟桃子",
            "bbox": [
                453.0,
                312.0,
                235.0,
                261.0
            ],
            "caption": "在采摘半熟桃子时，尽量避开中午阳光最强烈的时候，以减少热损伤。\n对于那些颜色和质地都表现出成熟特征的半熟桃子，可以优先考虑用于高端销售渠道。\n确保采摘的半熟桃子没有病虫害迹象，保持健康状态。"
        },
        {
            "category": "全熟桃子",
            "bbox": [
                314.0,
                84.0,
                177.0,
                190.0
            ],
            "caption": "在采摘半熟桃子时，尽量避开中午阳光最强烈的时候，以减少热损伤。\n对于那些颜色和质地都表现出成熟特征的半熟桃子，可以优先考虑用于高端销售渠道。\n确保采摘的半熟桃子没有病虫害迹象，保持健康状态。"
        },
        {
            "category": "全熟桃子",
            "bbox": [
                625.0,
                258.0,
                142.0,
                188.0
            ],
            "caption": "在采摘半熟桃子时，尽量避开中午阳光最强烈的时候，以减少热损伤。\n对于那些颜色和质地都表现出成熟特征的半熟桃子，可以优先考虑用于高端销售渠道。\n确保采摘的半熟桃子没有病虫害迹象，保持健康状态。"
        }
    ]
}