{
    "image_id": "07_0621_165101.jpg",
    "annotations": [
        {
            "category": "半熟桃子",
            "bbox": [
                501.0,
                456.99999999999994,
                182.0,
                188.00000000000006
            ],
            "caption": "当您注意到未熟绿色桃子的颜色变得非常吸引人时，这是采摘的好时机。\n如果未熟绿色桃子的颜色和质地都表现出良好的成熟特征，那么就该行动了。\n对于那些颜色和质地都表现出成熟特征的半熟桃子，可以优先考虑用于直接销售给消费者。\n在采摘时，尽量采用环保的方式，减少对自然资源的消耗，例如使用可降解材料制作的采摘袋。\n摘取时要轻拿轻放，特别是对于那些皮薄易损的未熟绿色桃子。"
        },
        {
            "category": "半熟桃子",
            "bbox": [
                541.0,
                262.0,
                212.0,
                166.0
            ],
            "caption": "当您注意到未熟绿色桃子的颜色变得非常吸引人时，这是采摘的好时机。\n如果未熟绿色桃子的颜色和质地都表现出良好的成熟特征，那么就该行动了。\n对于那些颜色和质地都表现出成熟特征的半熟桃子，可以优先考虑用于直接销售给消费者。\n在采摘时，尽量采用环保的方式，减少对自然资源的消耗，例如使用可降解材料制作的采摘袋。\n摘取时要轻拿轻放，特别是对于那些皮薄易损的未熟绿色桃子。"
        },
        {
            "category": "全熟桃子",
            "bbox": [
                396.0,
                312.99999999999994,
                188.0,
                162.0
            ],
            "caption": "当您注意到未熟绿色桃子的颜色变得非常吸引人时，这是采摘的好时机。\n如果未熟绿色桃子的颜色和质地都表现出良好的成熟特征，那么就该行动了。\n对于那些颜色和质地都表现出成熟特征的半熟桃子，可以优先考虑用于直接销售给消费者。\n在采摘时，尽量采用环保的方式，减少对自然资源的消耗，例如使用可降解材料制作的采摘袋。\n摘取时要轻拿轻放，特别是对于那些皮薄易损的未熟绿色桃子。"
        },
        {
            "category": "半熟桃子",
            "bbox": [
                838.0,
                96.0,
                67.0,
                73.0
            ],
            "caption": "当您注意到未熟绿色桃子的颜色变得非常吸引人时，这是采摘的好时机。\n如果未熟绿色桃子的颜色和质地都表现出良好的成熟特征，那么就该行动了。\n对于那些颜色和质地都表现出成熟特征的半熟桃子，可以优先考虑用于直接销售给消费者。\n在采摘时，尽量采用环保的方式，减少对自然资源的消耗，例如使用可降解材料制作的采摘袋。\n摘取时要轻拿轻放，特别是对于那些皮薄易损的未熟绿色桃子。"
        },
        {
            "category": "半熟桃子",
            "bbox": [
                675.0,
                83.0,
                30.0,
                30.99999999999997
            ],
            "caption": "当您注意到未熟绿色桃子的颜色变得非常吸引人时，这是采摘的好时机。\n如果未熟绿色桃子的颜色和质地都表现出良好的成熟特征，那么就该行动了。\n对于那些颜色和质地都表现出成熟特征的半熟桃子，可以优先考虑用于直接销售给消费者。\n在采摘时，尽量采用环保的方式，减少对自然资源的消耗，例如使用可降解材料制作的采摘袋。\n摘取时要轻拿轻放，特别是对于那些皮薄易损的未熟绿色桃子。"
        }
    ]
}