{
    "image_id": "07_0503_143901.jpg",
    "annotations": [
        {
            "category": "全熟桃子",
            "bbox": [
                294.0,
                137.0,
                284.0,
                206.0
            ],
            "caption": "选择清晨或傍晚时段采摘半熟桃子，以保证果实的新鲜度和口感。\n如果未熟绿色桃子的颜色和质地都表现出良好的成熟特征，那么就该行动了。"
        },
        {
            "category": "半熟桃子",
            "bbox": [
                654.0,
                329.0,
                226.0,
                197.0
            ],
            "caption": "选择清晨或傍晚时段采摘半熟桃子，以保证果实的新鲜度和口感。\n如果未熟绿色桃子的颜色和质地都表现出良好的成熟特征，那么就该行动了。"
        }
    ]
}