{
    "image_id": "07_0611_160855.jpg",
    "annotations": [
        {
            "category": "半熟桃子",
            "bbox": [
                335.0,
                281.99999999999994,
                280.0,
                241.99999999999994
            ],
            "caption": "如果天气预报显示即将有恶劣天气，请尽快采摘所有已经成熟的未熟绿色桃子，以防止它们受到损害；对于那些还未成熟的未熟绿色桃子，可以用防护措施保护起来。\n当您发现未熟绿色桃子的颜色和香气都达到了顶峰时，这就是采摘的最佳时机。\n分批采摘，先摘那些最成熟的未熟绿色桃子，给其他时间让它们继续发育。\n对于那些颜色和质地都表现出成熟特征的未熟绿色桃子，可以优先考虑用于制作果冻。"
        },
        {
            "category": "半熟桃子",
            "bbox": [
                696.0,
                387.0,
                186.0,
                222.0
            ],
            "caption": "如果天气预报显示即将有恶劣天气，请尽快采摘所有已经成熟的未熟绿色桃子，以防止它们受到损害；对于那些还未成熟的未熟绿色桃子，可以用防护措施保护起来。\n当您发现未熟绿色桃子的颜色和香气都达到了顶峰时，这就是采摘的最佳时机。\n分批采摘，先摘那些最成熟的未熟绿色桃子，给其他时间让它们继续发育。\n对于那些颜色和质地都表现出成熟特征的未熟绿色桃子，可以优先考虑用于制作果冻。"
        },
        {
            "category": "半熟桃子",
            "bbox": [
                372.0,
                477.0,
                201.0,
                229.9999999999999
            ],
            "caption": "如果天气预报显示即将有恶劣天气，请尽快采摘所有已经成熟的未熟绿色桃子，以防止它们受到损害；对于那些还未成熟的未熟绿色桃子，可以用防护措施保护起来。\n当您发现未熟绿色桃子的颜色和香气都达到了顶峰时，这就是采摘的最佳时机。\n分批采摘，先摘那些最成熟的未熟绿色桃子，给其他时间让它们继续发育。\n对于那些颜色和质地都表现出成熟特征的未熟绿色桃子，可以优先考虑用于制作果冻。"
        },
        {
            "category": "半熟桃子",
            "bbox": [
                555.0,
                368.0,
                127.0,
                189.0
            ],
            "caption": "如果天气预报显示即将有恶劣天气，请尽快采摘所有已经成熟的未熟绿色桃子，以防止它们受到损害；对于那些还未成熟的未熟绿色桃子，可以用防护措施保护起来。\n当您发现未熟绿色桃子的颜色和香气都达到了顶峰时，这就是采摘的最佳时机。\n分批采摘，先摘那些最成熟的未熟绿色桃子，给其他时间让它们继续发育。\n对于那些颜色和质地都表现出成熟特征的未熟绿色桃子，可以优先考虑用于制作果冻。"
        }
    ]
}