{
    "image_id": "07_0621_165703.jpg",
    "annotations": [
        {
            "category": "半熟桃子",
            "bbox": [
                381.0,
                390.0,
                325.0,
                352.0
            ],
            "caption": "在采摘未熟绿色桃子时，请确保所有工具都是干净无菌的，以避免交叉感染。\n遇到一些几乎快要脱落的未熟绿色桃子，这可能意味着它们已经到了最佳采摘期；但对于那些依然牢固地挂在枝上的未熟绿色桃子，可能还需要一点时间。\n当您发现未熟绿色桃子的颜色变得非常鲜艳时，说明它已经到了最佳采摘期。"
        },
        {
            "category": "半熟桃子",
            "bbox": [
                462.0,
                358.0,
                148.0,
                53.0
            ],
            "caption": "在采摘未熟绿色桃子时，请确保所有工具都是干净无菌的，以避免交叉感染。\n遇到一些几乎快要脱落的未熟绿色桃子，这可能意味着它们已经到了最佳采摘期；但对于那些依然牢固地挂在枝上的未熟绿色桃子，可能还需要一点时间。\n当您发现未熟绿色桃子的颜色变得非常鲜艳时，说明它已经到了最佳采摘期。"
        },
        {
            "category": "半熟桃子",
            "bbox": [
                196.0,
                76.0,
                294.0,
                313.0
            ],
            "caption": "在采摘未熟绿色桃子时，请确保所有工具都是干净无菌的，以避免交叉感染。\n遇到一些几乎快要脱落的未熟绿色桃子，这可能意味着它们已经到了最佳采摘期；但对于那些依然牢固地挂在枝上的未熟绿色桃子，可能还需要一点时间。\n当您发现未熟绿色桃子的颜色变得非常鲜艳时，说明它已经到了最佳采摘期。"
        }
    ]
}