{
    "image_id": "07_0605_164815.jpg",
    "annotations": [
        {
            "category": "全熟桃子",
            "bbox": [
                376.0,
                180.0,
                295.0,
                270.0
            ],
            "caption": "定期休息一下不仅可以恢复体力，也有助于更好地评估哪些半熟桃子已经成熟可以采摘。\n每天早晨是采摘未熟绿色桃子的最佳时间，此时温度较低，有利于保持果实的新鲜度。\n在采摘半熟桃子时，尽量避免过度劳累，以保持高效的工作状态。\n在采摘过程中，始终佩戴手套，以保护双手并维持半熟桃子表面的洁净。\n如果半熟桃子的颜色开始变深，这意味着它们已经接近完全成熟。\n在采摘未熟绿色桃子时，请使用专用的手套以保护果实表皮不受损伤。\n如果半熟桃子的颜色和质地都表明它已经成熟，那么就可以放心地采摘了。\n当未熟绿色桃子的颜色由最初的绿色逐渐转变为诱人的颜色，并且质地也开始变得柔软，那么就是采摘的最佳时机了。"
        },
        {
            "category": "半熟桃子",
            "bbox": [
                695.0,
                61.00000000000001,
                79.0,
                94.0
            ],
            "caption": "定期休息一下不仅可以恢复体力，也有助于更好地评估哪些半熟桃子已经成熟可以采摘。\n每天早晨是采摘未熟绿色桃子的最佳时间，此时温度较低，有利于保持果实的新鲜度。\n在采摘半熟桃子时，尽量避免过度劳累，以保持高效的工作状态。\n在采摘过程中，始终佩戴手套，以保护双手并维持半熟桃子表面的洁净。\n如果半熟桃子的颜色开始变深，这意味着它们已经接近完全成熟。\n在采摘未熟绿色桃子时，请使用专用的手套以保护果实表皮不受损伤。\n如果半熟桃子的颜色和质地都表明它已经成熟，那么就可以放心地采摘了。\n当未熟绿色桃子的颜色由最初的绿色逐渐转变为诱人的颜色，并且质地也开始变得柔软，那么就是采摘的最佳时机了。"
        },
        {
            "category": "全熟桃子",
            "bbox": [
                692.0,
                293.99999999999994,
                294.0,
                196.99999999999994
            ],
            "caption": "定期休息一下不仅可以恢复体力，也有助于更好地评估哪些半熟桃子已经成熟可以采摘。\n每天早晨是采摘未熟绿色桃子的最佳时间，此时温度较低，有利于保持果实的新鲜度。\n在采摘半熟桃子时，尽量避免过度劳累，以保持高效的工作状态。\n在采摘过程中，始终佩戴手套，以保护双手并维持半熟桃子表面的洁净。\n如果半熟桃子的颜色开始变深，这意味着它们已经接近完全成熟。\n在采摘未熟绿色桃子时，请使用专用的手套以保护果实表皮不受损伤。\n如果半熟桃子的颜色和质地都表明它已经成熟，那么就可以放心地采摘了。\n当未熟绿色桃子的颜色由最初的绿色逐渐转变为诱人的颜色，并且质地也开始变得柔软，那么就是采摘的最佳时机了。"
        },
        {
            "category": "全熟桃子",
            "bbox": [
                432.0,
                0.0,
                209.0,
                156.0
            ],
            "caption": "定期休息一下不仅可以恢复体力，也有助于更好地评估哪些半熟桃子已经成熟可以采摘。\n每天早晨是采摘未熟绿色桃子的最佳时间，此时温度较低，有利于保持果实的新鲜度。\n在采摘半熟桃子时，尽量避免过度劳累，以保持高效的工作状态。\n在采摘过程中，始终佩戴手套，以保护双手并维持半熟桃子表面的洁净。\n如果半熟桃子的颜色开始变深，这意味着它们已经接近完全成熟。\n在采摘未熟绿色桃子时，请使用专用的手套以保护果实表皮不受损伤。\n如果半熟桃子的颜色和质地都表明它已经成熟，那么就可以放心地采摘了。\n当未熟绿色桃子的颜色由最初的绿色逐渐转变为诱人的颜色，并且质地也开始变得柔软，那么就是采摘的最佳时机了。"
        },
        {
            "category": "全熟桃子",
            "bbox": [
                686.0,
                0.0,
                115.0,
                87.0
            ],
            "caption": "定期休息一下不仅可以恢复体力，也有助于更好地评估哪些半熟桃子已经成熟可以采摘。\n每天早晨是采摘未熟绿色桃子的最佳时间，此时温度较低，有利于保持果实的新鲜度。\n在采摘半熟桃子时，尽量避免过度劳累，以保持高效的工作状态。\n在采摘过程中，始终佩戴手套，以保护双手并维持半熟桃子表面的洁净。\n如果半熟桃子的颜色开始变深，这意味着它们已经接近完全成熟。\n在采摘未熟绿色桃子时，请使用专用的手套以保护果实表皮不受损伤。\n如果半熟桃子的颜色和质地都表明它已经成熟，那么就可以放心地采摘了。\n当未熟绿色桃子的颜色由最初的绿色逐渐转变为诱人的颜色，并且质地也开始变得柔软，那么就是采摘的最佳时机了。"
        },
        {
            "category": "半熟桃子",
            "bbox": [
                763.0,
                0.0,
                162.0,
                82.0
            ],
            "caption": "定期休息一下不仅可以恢复体力，也有助于更好地评估哪些半熟桃子已经成熟可以采摘。\n每天早晨是采摘未熟绿色桃子的最佳时间，此时温度较低，有利于保持果实的新鲜度。\n在采摘半熟桃子时，尽量避免过度劳累，以保持高效的工作状态。\n在采摘过程中，始终佩戴手套，以保护双手并维持半熟桃子表面的洁净。\n如果半熟桃子的颜色开始变深，这意味着它们已经接近完全成熟。\n在采摘未熟绿色桃子时，请使用专用的手套以保护果实表皮不受损伤。\n如果半熟桃子的颜色和质地都表明它已经成熟，那么就可以放心地采摘了。\n当未熟绿色桃子的颜色由最初的绿色逐渐转变为诱人的颜色，并且质地也开始变得柔软，那么就是采摘的最佳时机了。"
        },
        {
            "category": "全熟桃子",
            "bbox": [
                310.0,
                425.00000000000006,
                219.0,
                232.99999999999994
            ],
            "caption": "定期休息一下不仅可以恢复体力，也有助于更好地评估哪些半熟桃子已经成熟可以采摘。\n每天早晨是采摘未熟绿色桃子的最佳时间，此时温度较低，有利于保持果实的新鲜度。\n在采摘半熟桃子时，尽量避免过度劳累，以保持高效的工作状态。\n在采摘过程中，始终佩戴手套，以保护双手并维持半熟桃子表面的洁净。\n如果半熟桃子的颜色开始变深，这意味着它们已经接近完全成熟。\n在采摘未熟绿色桃子时，请使用专用的手套以保护果实表皮不受损伤。\n如果半熟桃子的颜色和质地都表明它已经成熟，那么就可以放心地采摘了。\n当未熟绿色桃子的颜色由最初的绿色逐渐转变为诱人的颜色，并且质地也开始变得柔软，那么就是采摘的最佳时机了。"
        },
        {
            "category": "半熟桃子",
            "bbox": [
                710.0,
                263.99999999999994,
                76.0,
                40.00000000000006
            ],
            "caption": "定期休息一下不仅可以恢复体力，也有助于更好地评估哪些半熟桃子已经成熟可以采摘。\n每天早晨是采摘未熟绿色桃子的最佳时间，此时温度较低，有利于保持果实的新鲜度。\n在采摘半熟桃子时，尽量避免过度劳累，以保持高效的工作状态。\n在采摘过程中，始终佩戴手套，以保护双手并维持半熟桃子表面的洁净。\n如果半熟桃子的颜色开始变深，这意味着它们已经接近完全成熟。\n在采摘未熟绿色桃子时，请使用专用的手套以保护果实表皮不受损伤。\n如果半熟桃子的颜色和质地都表明它已经成熟，那么就可以放心地采摘了。\n当未熟绿色桃子的颜色由最初的绿色逐渐转变为诱人的颜色，并且质地也开始变得柔软，那么就是采摘的最佳时机了。"
        }
    ]
}