{
    "image_id": "07_0621_164416.jpg",
    "annotations": [
        {
            "category": "全熟桃子",
            "bbox": [
                505.0,
                237.0,
                209.0,
                198.0
            ],
            "caption": "如果发现采摘下来的半熟桃子中有特别适合加工的个体，可以考虑开发相关的衍生产品。\n对于那些颜色和质地都表现出成熟特征的未熟绿色桃子，可以优先考虑用于制作水果沙拉。\n当您注意到未熟绿色桃子的颜色变得非常吸引人时，这是采摘的好时机。"
        },
        {
            "category": "半熟桃子",
            "bbox": [
                928.0,
                293.0,
                95.0,
                176.0
            ],
            "caption": "如果发现采摘下来的半熟桃子中有特别适合加工的个体，可以考虑开发相关的衍生产品。\n对于那些颜色和质地都表现出成熟特征的未熟绿色桃子，可以优先考虑用于制作水果沙拉。\n当您注意到未熟绿色桃子的颜色变得非常吸引人时，这是采摘的好时机。"
        },
        {
            "category": "半熟桃子",
            "bbox": [
                600.0,
                449.0,
                178.0,
                93.0
            ],
            "caption": "如果发现采摘下来的半熟桃子中有特别适合加工的个体，可以考虑开发相关的衍生产品。\n对于那些颜色和质地都表现出成熟特征的未熟绿色桃子，可以优先考虑用于制作水果沙拉。\n当您注意到未熟绿色桃子的颜色变得非常吸引人时，这是采摘的好时机。"
        }
    ]
}