{
    "image_id": "07_0605_164742.jpg",
    "annotations": [
        {
            "category": "半熟桃子",
            "bbox": [
                849.0,
                0.0,
                140.0,
                178.0
            ],
            "caption": "摘取那些挂在枝头、颜色达到巅峰且稍微柔软的未熟绿色桃子串，确保每颗都是最佳品质。\n在采摘未熟绿色桃子时，请确保所有工具都是干净无菌的，以避免交叉感染。\n在采摘未熟绿色桃子时，请小心不要折断树枝，以免影响未来的生长。\n在采摘未熟绿色桃子时，请使用专用的手套以保护果实表皮不受损伤。\n当发现有部分未熟绿色桃子已经开始泛出诱人的光泽，并且质地变得柔软时，可以立即进行采摘，以保证其新鲜度和口感。\n在采摘前，先了解当天的天气预报，选择适宜的时间进行作业。\n在采摘未熟绿色桃子时，请使用专用的手套以保护果实表皮不受损伤。"
        },
        {
            "category": "半熟桃子",
            "bbox": [
                503.0,
                452.0,
                157.0,
                174.9999999999999
            ],
            "caption": "摘取那些挂在枝头、颜色达到巅峰且稍微柔软的未熟绿色桃子串，确保每颗都是最佳品质。\n在采摘未熟绿色桃子时，请确保所有工具都是干净无菌的，以避免交叉感染。\n在采摘未熟绿色桃子时，请小心不要折断树枝，以免影响未来的生长。\n在采摘未熟绿色桃子时，请使用专用的手套以保护果实表皮不受损伤。\n当发现有部分未熟绿色桃子已经开始泛出诱人的光泽，并且质地变得柔软时，可以立即进行采摘，以保证其新鲜度和口感。\n在采摘前，先了解当天的天气预报，选择适宜的时间进行作业。\n在采摘未熟绿色桃子时，请使用专用的手套以保护果实表皮不受损伤。"
        },
        {
            "category": "半熟桃子",
            "bbox": [
                256.0,
                456.0,
                43.0,
                54.0
            ],
            "caption": "摘取那些挂在枝头、颜色达到巅峰且稍微柔软的未熟绿色桃子串，确保每颗都是最佳品质。\n在采摘未熟绿色桃子时，请确保所有工具都是干净无菌的，以避免交叉感染。\n在采摘未熟绿色桃子时，请小心不要折断树枝，以免影响未来的生长。\n在采摘未熟绿色桃子时，请使用专用的手套以保护果实表皮不受损伤。\n当发现有部分未熟绿色桃子已经开始泛出诱人的光泽，并且质地变得柔软时，可以立即进行采摘，以保证其新鲜度和口感。\n在采摘前，先了解当天的天气预报，选择适宜的时间进行作业。\n在采摘未熟绿色桃子时，请使用专用的手套以保护果实表皮不受损伤。"
        },
        {
            "category": "半熟桃子",
            "bbox": [
                457.0,
                170.0,
                54.0,
                55.0
            ],
            "caption": "摘取那些挂在枝头、颜色达到巅峰且稍微柔软的未熟绿色桃子串，确保每颗都是最佳品质。\n在采摘未熟绿色桃子时，请确保所有工具都是干净无菌的，以避免交叉感染。\n在采摘未熟绿色桃子时，请小心不要折断树枝，以免影响未来的生长。\n在采摘未熟绿色桃子时，请使用专用的手套以保护果实表皮不受损伤。\n当发现有部分未熟绿色桃子已经开始泛出诱人的光泽，并且质地变得柔软时，可以立即进行采摘，以保证其新鲜度和口感。\n在采摘前，先了解当天的天气预报，选择适宜的时间进行作业。\n在采摘未熟绿色桃子时，请使用专用的手套以保护果实表皮不受损伤。"
        },
        {
            "category": "半熟桃子",
            "bbox": [
                428.0,
                278.0,
                140.0,
                118.0
            ],
            "caption": "摘取那些挂在枝头、颜色达到巅峰且稍微柔软的未熟绿色桃子串，确保每颗都是最佳品质。\n在采摘未熟绿色桃子时，请确保所有工具都是干净无菌的，以避免交叉感染。\n在采摘未熟绿色桃子时，请小心不要折断树枝，以免影响未来的生长。\n在采摘未熟绿色桃子时，请使用专用的手套以保护果实表皮不受损伤。\n当发现有部分未熟绿色桃子已经开始泛出诱人的光泽，并且质地变得柔软时，可以立即进行采摘，以保证其新鲜度和口感。\n在采摘前，先了解当天的天气预报，选择适宜的时间进行作业。\n在采摘未熟绿色桃子时，请使用专用的手套以保护果实表皮不受损伤。"
        },
        {
            "category": "半熟桃子",
            "bbox": [
                402.0,
                378.0,
                203.0,
                201.0
            ],
            "caption": "摘取那些挂在枝头、颜色达到巅峰且稍微柔软的未熟绿色桃子串，确保每颗都是最佳品质。\n在采摘未熟绿色桃子时，请确保所有工具都是干净无菌的，以避免交叉感染。\n在采摘未熟绿色桃子时，请小心不要折断树枝，以免影响未来的生长。\n在采摘未熟绿色桃子时，请使用专用的手套以保护果实表皮不受损伤。\n当发现有部分未熟绿色桃子已经开始泛出诱人的光泽，并且质地变得柔软时，可以立即进行采摘，以保证其新鲜度和口感。\n在采摘前，先了解当天的天气预报，选择适宜的时间进行作业。\n在采摘未熟绿色桃子时，请使用专用的手套以保护果实表皮不受损伤。"
        },
        {
            "category": "半熟桃子",
            "bbox": [
                359.0,
                322.0,
                30.0,
                40.0
            ],
            "caption": "摘取那些挂在枝头、颜色达到巅峰且稍微柔软的未熟绿色桃子串，确保每颗都是最佳品质。\n在采摘未熟绿色桃子时，请确保所有工具都是干净无菌的，以避免交叉感染。\n在采摘未熟绿色桃子时，请小心不要折断树枝，以免影响未来的生长。\n在采摘未熟绿色桃子时，请使用专用的手套以保护果实表皮不受损伤。\n当发现有部分未熟绿色桃子已经开始泛出诱人的光泽，并且质地变得柔软时，可以立即进行采摘，以保证其新鲜度和口感。\n在采摘前，先了解当天的天气预报，选择适宜的时间进行作业。\n在采摘未熟绿色桃子时，请使用专用的手套以保护果实表皮不受损伤。"
        }
    ]
}