{
    "image_id": "07_0530_160743.jpg",
    "annotations": [
        {
            "category": "半熟桃子",
            "bbox": [
                680.0,
                118.0,
                316.0,
                277.0
            ],
            "caption": "如果您发现未熟绿色桃子中有特别大的个体，可以将其单独存放，以便特殊处理。\n在采摘时，尽量保持双手干净，避免将污垢或细菌带到未熟绿色桃子上；这对于维持采摘后的保鲜非常重要。\n对于那些颜色和质地都表现出成熟特征的未熟绿色桃子，可以优先考虑用于加工产品。\n当您发现未熟绿色桃子的颜色和质地都符合预期标准时，就可以准备采摘了。"
        },
        {
            "category": "半熟桃子",
            "bbox": [
                570.0,
                410.00000000000006,
                185.0,
                220.99999999999994
            ],
            "caption": "如果您发现未熟绿色桃子中有特别大的个体，可以将其单独存放，以便特殊处理。\n在采摘时，尽量保持双手干净，避免将污垢或细菌带到未熟绿色桃子上；这对于维持采摘后的保鲜非常重要。\n对于那些颜色和质地都表现出成熟特征的未熟绿色桃子，可以优先考虑用于加工产品。\n当您发现未熟绿色桃子的颜色和质地都符合预期标准时，就可以准备采摘了。"
        },
        {
            "category": "半熟桃子",
            "bbox": [
                435.0,
                129.0,
                254.0,
                230.0
            ],
            "caption": "如果您发现未熟绿色桃子中有特别大的个体，可以将其单独存放，以便特殊处理。\n在采摘时，尽量保持双手干净，避免将污垢或细菌带到未熟绿色桃子上；这对于维持采摘后的保鲜非常重要。\n对于那些颜色和质地都表现出成熟特征的未熟绿色桃子，可以优先考虑用于加工产品。\n当您发现未熟绿色桃子的颜色和质地都符合预期标准时，就可以准备采摘了。"
        },
        {
            "category": "半熟桃子",
            "bbox": [
                551.0,
                17.0,
                75.0,
                55.0
            ],
            "caption": "如果您发现未熟绿色桃子中有特别大的个体，可以将其单独存放，以便特殊处理。\n在采摘时，尽量保持双手干净，避免将污垢或细菌带到未熟绿色桃子上；这对于维持采摘后的保鲜非常重要。\n对于那些颜色和质地都表现出成熟特征的未熟绿色桃子，可以优先考虑用于加工产品。\n当您发现未熟绿色桃子的颜色和质地都符合预期标准时，就可以准备采摘了。"
        }
    ]
}