{
    "image_id": "07_0611_161750.jpg",
    "annotations": [
        {
            "category": "半熟桃子",
            "bbox": [
                497.0,
                155.0,
                241.0,
                212.0
            ],
            "caption": "采摘过程中，请小心处理每一个未熟绿色桃子，以避免任何可能造成的损伤。\n在采摘半熟桃子时，尽量避开中午阳光最强烈的时候，以减少热损伤。"
        },
        {
            "category": "全熟桃子",
            "bbox": [
                461.0,
                420.0,
                238.0,
                340.9999999999999
            ],
            "caption": "采摘过程中，请小心处理每一个未熟绿色桃子，以避免任何可能造成的损伤。\n在采摘半熟桃子时，尽量避开中午阳光最强烈的时候，以减少热损伤。"
        }
    ]
}