{
    "image_id": "07_0621_165213.jpg",
    "annotations": [
        {
            "category": "全熟桃子",
            "bbox": [
                485.0,
                186.0,
                206.0,
                231.0
            ],
            "caption": "对于那些颜色和质地都表现出成熟特征的半熟桃子，可以优先考虑用于制作果冻。\n对于那些颜色和质地都表现出成熟特征的未熟绿色桃子，可以优先考虑用于销售。"
        },
        {
            "category": "半熟桃子",
            "bbox": [
                209.0,
                430.0,
                61.0,
                31.0
            ],
            "caption": "对于那些颜色和质地都表现出成熟特征的半熟桃子，可以优先考虑用于制作果冻。\n对于那些颜色和质地都表现出成熟特征的未熟绿色桃子，可以优先考虑用于销售。"
        }
    ]
}