{
    "image_id": "07_0605_165224.jpg",
    "annotations": [
        {
            "category": "半熟桃子",
            "bbox": [
                513.0,
                261.0,
                264.0,
                265.0
            ],
            "caption": "在采摘未熟绿色桃子时，确保每次采摘的数量适中，不要一次性摘得太多。\n如果有多个工人一起工作，可以分配不同的区域，确保每个角落的未熟绿色桃子都能得到适当的照顾。\n尽量保持工作节奏稳定，避免因过度劳累而影响采摘质量和效率。\n在采摘时，尽量保持双手干净，避免将污垢或细菌带到未熟绿色桃子上；这对于维持采摘后的保鲜非常重要。\n当您发现未熟绿色桃子的颜色和质地都表现出良好的成熟特征时，就可以准备采摘了。\n定期休息一下不仅可以恢复体力，也有助于更好地评估哪些未熟绿色桃子已经成熟可以采摘。"
        },
        {
            "category": "半熟桃子",
            "bbox": [
                581.0,
                23.000000000000004,
                119.0,
                155.0
            ],
            "caption": "在采摘未熟绿色桃子时，确保每次采摘的数量适中，不要一次性摘得太多。\n如果有多个工人一起工作，可以分配不同的区域，确保每个角落的未熟绿色桃子都能得到适当的照顾。\n尽量保持工作节奏稳定，避免因过度劳累而影响采摘质量和效率。\n在采摘时，尽量保持双手干净，避免将污垢或细菌带到未熟绿色桃子上；这对于维持采摘后的保鲜非常重要。\n当您发现未熟绿色桃子的颜色和质地都表现出良好的成熟特征时，就可以准备采摘了。\n定期休息一下不仅可以恢复体力，也有助于更好地评估哪些未熟绿色桃子已经成熟可以采摘。"
        },
        {
            "category": "半熟桃子",
            "bbox": [
                726.0,
                0.0,
                171.0,
                72.0
            ],
            "caption": "在采摘未熟绿色桃子时，确保每次采摘的数量适中，不要一次性摘得太多。\n如果有多个工人一起工作，可以分配不同的区域，确保每个角落的未熟绿色桃子都能得到适当的照顾。\n尽量保持工作节奏稳定，避免因过度劳累而影响采摘质量和效率。\n在采摘时，尽量保持双手干净，避免将污垢或细菌带到未熟绿色桃子上；这对于维持采摘后的保鲜非常重要。\n当您发现未熟绿色桃子的颜色和质地都表现出良好的成熟特征时，就可以准备采摘了。\n定期休息一下不仅可以恢复体力，也有助于更好地评估哪些未熟绿色桃子已经成熟可以采摘。"
        },
        {
            "category": "半熟桃子",
            "bbox": [
                359.0,
                0.0,
                80.0,
                84.0
            ],
            "caption": "在采摘未熟绿色桃子时，确保每次采摘的数量适中，不要一次性摘得太多。\n如果有多个工人一起工作，可以分配不同的区域，确保每个角落的未熟绿色桃子都能得到适当的照顾。\n尽量保持工作节奏稳定，避免因过度劳累而影响采摘质量和效率。\n在采摘时，尽量保持双手干净，避免将污垢或细菌带到未熟绿色桃子上；这对于维持采摘后的保鲜非常重要。\n当您发现未熟绿色桃子的颜色和质地都表现出良好的成熟特征时，就可以准备采摘了。\n定期休息一下不仅可以恢复体力，也有助于更好地评估哪些未熟绿色桃子已经成熟可以采摘。"
        },
        {
            "category": "半熟桃子",
            "bbox": [
                728.0,
                485.9999999999999,
                102.0,
                98.00000000000011
            ],
            "caption": "在采摘未熟绿色桃子时，确保每次采摘的数量适中，不要一次性摘得太多。\n如果有多个工人一起工作，可以分配不同的区域，确保每个角落的未熟绿色桃子都能得到适当的照顾。\n尽量保持工作节奏稳定，避免因过度劳累而影响采摘质量和效率。\n在采摘时，尽量保持双手干净，避免将污垢或细菌带到未熟绿色桃子上；这对于维持采摘后的保鲜非常重要。\n当您发现未熟绿色桃子的颜色和质地都表现出良好的成熟特征时，就可以准备采摘了。\n定期休息一下不仅可以恢复体力，也有助于更好地评估哪些未熟绿色桃子已经成熟可以采摘。"
        },
        {
            "category": "半熟桃子",
            "bbox": [
                643.0,
                87.0,
                176.0,
                198.0
            ],
            "caption": "在采摘未熟绿色桃子时，确保每次采摘的数量适中，不要一次性摘得太多。\n如果有多个工人一起工作，可以分配不同的区域，确保每个角落的未熟绿色桃子都能得到适当的照顾。\n尽量保持工作节奏稳定，避免因过度劳累而影响采摘质量和效率。\n在采摘时，尽量保持双手干净，避免将污垢或细菌带到未熟绿色桃子上；这对于维持采摘后的保鲜非常重要。\n当您发现未熟绿色桃子的颜色和质地都表现出良好的成熟特征时，就可以准备采摘了。\n定期休息一下不仅可以恢复体力，也有助于更好地评估哪些未熟绿色桃子已经成熟可以采摘。"
        }
    ]
}