{
    "image_id": "07_0605_164144.jpg",
    "annotations": [
        {
            "category": "全熟桃子",
            "bbox": [
                478.0,
                202.0,
                277.0,
                315.0
            ],
            "caption": "检查半熟桃子是否有自然裂口，如果有，应尽快采摘以减少损失。\n对于那些颜色和质地都表现出成熟特征的未熟绿色桃子，可以优先考虑用于出口。\n摘取未熟绿色桃子时，避免用力过猛以免对果实造成不必要的伤害。\n分批采摘，先摘那些最成熟的未熟绿色桃子，给其他时间让它们继续发育。\n对于那些颜色和质地都表现出成熟特征的未熟绿色桃子，可以优先考虑用于直接销售给消费者。"
        },
        {
            "category": "半熟桃子",
            "bbox": [
                909.0,
                432.0,
                113.0,
                204.0
            ],
            "caption": "检查半熟桃子是否有自然裂口，如果有，应尽快采摘以减少损失。\n对于那些颜色和质地都表现出成熟特征的未熟绿色桃子，可以优先考虑用于出口。\n摘取未熟绿色桃子时，避免用力过猛以免对果实造成不必要的伤害。\n分批采摘，先摘那些最成熟的未熟绿色桃子，给其他时间让它们继续发育。\n对于那些颜色和质地都表现出成熟特征的未熟绿色桃子，可以优先考虑用于直接销售给消费者。"
        },
        {
            "category": "半熟桃子",
            "bbox": [
                0.0,
                222.0,
                165.0,
                276.0
            ],
            "caption": "检查半熟桃子是否有自然裂口，如果有，应尽快采摘以减少损失。\n对于那些颜色和质地都表现出成熟特征的未熟绿色桃子，可以优先考虑用于出口。\n摘取未熟绿色桃子时，避免用力过猛以免对果实造成不必要的伤害。\n分批采摘，先摘那些最成熟的未熟绿色桃子，给其他时间让它们继续发育。\n对于那些颜色和质地都表现出成熟特征的未熟绿色桃子，可以优先考虑用于直接销售给消费者。"
        },
        {
            "category": "半熟桃子",
            "bbox": [
                233.0,
                0.0,
                209.0,
                196.0
            ],
            "caption": "检查半熟桃子是否有自然裂口，如果有，应尽快采摘以减少损失。\n对于那些颜色和质地都表现出成熟特征的未熟绿色桃子，可以优先考虑用于出口。\n摘取未熟绿色桃子时，避免用力过猛以免对果实造成不必要的伤害。\n分批采摘，先摘那些最成熟的未熟绿色桃子，给其他时间让它们继续发育。\n对于那些颜色和质地都表现出成熟特征的未熟绿色桃子，可以优先考虑用于直接销售给消费者。"
        },
        {
            "category": "半熟桃子",
            "bbox": [
                434.0,
                114.0,
                57.0,
                51.0
            ],
            "caption": "检查半熟桃子是否有自然裂口，如果有，应尽快采摘以减少损失。\n对于那些颜色和质地都表现出成熟特征的未熟绿色桃子，可以优先考虑用于出口。\n摘取未熟绿色桃子时，避免用力过猛以免对果实造成不必要的伤害。\n分批采摘，先摘那些最成熟的未熟绿色桃子，给其他时间让它们继续发育。\n对于那些颜色和质地都表现出成熟特征的未熟绿色桃子，可以优先考虑用于直接销售给消费者。"
        }
    ]
}