{
    "image_id": "07_0503_143628.jpg",
    "annotations": [
        {
            "category": "半熟桃子",
            "bbox": [
                541.0,
                536.0,
                182.0,
                180.0
            ],
            "caption": "对于那些颜色和质地都表现出良好特征的未熟绿色桃子，可以优先考虑用于加工。\n在采摘未熟绿色桃子时，请确保每次采摘后的果实都被迅速运往冷藏设施。\n对于那些颜色和质地都表现出良好特征的未熟绿色桃子，可以优先考虑用于特殊用途。\n对于那些颜色鲜艳且表皮光滑无瑕疵的未熟绿色桃子，可以优先考虑用于高端市场。\n在采摘未熟绿色桃子时，尽量避免直接暴露在强烈的阳光下，以保护您的皮肤。\n当您注意到未熟绿色桃子的颜色变得非常吸引人时，这是采摘的好时机。"
        },
        {
            "category": "半熟桃子",
            "bbox": [
                558.0,
                79.0,
                344.0,
                340.0
            ],
            "caption": "对于那些颜色和质地都表现出良好特征的未熟绿色桃子，可以优先考虑用于加工。\n在采摘未熟绿色桃子时，请确保每次采摘后的果实都被迅速运往冷藏设施。\n对于那些颜色和质地都表现出良好特征的未熟绿色桃子，可以优先考虑用于特殊用途。\n对于那些颜色鲜艳且表皮光滑无瑕疵的未熟绿色桃子，可以优先考虑用于高端市场。\n在采摘未熟绿色桃子时，尽量避免直接暴露在强烈的阳光下，以保护您的皮肤。\n当您注意到未熟绿色桃子的颜色变得非常吸引人时，这是采摘的好时机。"
        },
        {
            "category": "半熟桃子",
            "bbox": [
                187.0,
                106.0,
                307.0,
                277.0
            ],
            "caption": "对于那些颜色和质地都表现出良好特征的未熟绿色桃子，可以优先考虑用于加工。\n在采摘未熟绿色桃子时，请确保每次采摘后的果实都被迅速运往冷藏设施。\n对于那些颜色和质地都表现出良好特征的未熟绿色桃子，可以优先考虑用于特殊用途。\n对于那些颜色鲜艳且表皮光滑无瑕疵的未熟绿色桃子，可以优先考虑用于高端市场。\n在采摘未熟绿色桃子时，尽量避免直接暴露在强烈的阳光下，以保护您的皮肤。\n当您注意到未熟绿色桃子的颜色变得非常吸引人时，这是采摘的好时机。"
        },
        {
            "category": "半熟桃子",
            "bbox": [
                528.0,
                411.99999999999994,
                95.0,
                92.00000000000006
            ],
            "caption": "对于那些颜色和质地都表现出良好特征的未熟绿色桃子，可以优先考虑用于加工。\n在采摘未熟绿色桃子时，请确保每次采摘后的果实都被迅速运往冷藏设施。\n对于那些颜色和质地都表现出良好特征的未熟绿色桃子，可以优先考虑用于特殊用途。\n对于那些颜色鲜艳且表皮光滑无瑕疵的未熟绿色桃子，可以优先考虑用于高端市场。\n在采摘未熟绿色桃子时，尽量避免直接暴露在强烈的阳光下，以保护您的皮肤。\n当您注意到未熟绿色桃子的颜色变得非常吸引人时，这是采摘的好时机。"
        },
        {
            "category": "半熟桃子",
            "bbox": [
                542.0,
                340.0,
                84.0,
                73.0
            ],
            "caption": "对于那些颜色和质地都表现出良好特征的未熟绿色桃子，可以优先考虑用于加工。\n在采摘未熟绿色桃子时，请确保每次采摘后的果实都被迅速运往冷藏设施。\n对于那些颜色和质地都表现出良好特征的未熟绿色桃子，可以优先考虑用于特殊用途。\n对于那些颜色鲜艳且表皮光滑无瑕疵的未熟绿色桃子，可以优先考虑用于高端市场。\n在采摘未熟绿色桃子时，尽量避免直接暴露在强烈的阳光下，以保护您的皮肤。\n当您注意到未熟绿色桃子的颜色变得非常吸引人时，这是采摘的好时机。"
        },
        {
            "category": "半熟桃子",
            "bbox": [
                366.0,
                537.0,
                111.0,
                124.0
            ],
            "caption": "对于那些颜色和质地都表现出良好特征的未熟绿色桃子，可以优先考虑用于加工。\n在采摘未熟绿色桃子时，请确保每次采摘后的果实都被迅速运往冷藏设施。\n对于那些颜色和质地都表现出良好特征的未熟绿色桃子，可以优先考虑用于特殊用途。\n对于那些颜色鲜艳且表皮光滑无瑕疵的未熟绿色桃子，可以优先考虑用于高端市场。\n在采摘未熟绿色桃子时，尽量避免直接暴露在强烈的阳光下，以保护您的皮肤。\n当您注意到未熟绿色桃子的颜色变得非常吸引人时，这是采摘的好时机。"
        }
    ]
}