{
    "image_id": "07_0611_160547.jpg",
    "annotations": [
        {
            "category": "半熟桃子",
            "bbox": [
                482.0,
                261.0,
                325.0,
                249.0
            ],
            "caption": "当未熟绿色桃子的颜色和香气都达到顶峰时，就是采摘的最佳时刻。\n对于那些颜色和质地都表现出成熟特征的未熟绿色桃子，可以优先考虑用于制作果汁。\n当您发现未熟绿色桃子的颜色和质地都符合预期时，就可以准备采摘了。"
        },
        {
            "category": "半熟桃子",
            "bbox": [
                294.0,
                318.99999999999994,
                175.0,
                195.00000000000006
            ],
            "caption": "当未熟绿色桃子的颜色和香气都达到顶峰时，就是采摘的最佳时刻。\n对于那些颜色和质地都表现出成熟特征的未熟绿色桃子，可以优先考虑用于制作果汁。\n当您发现未熟绿色桃子的颜色和质地都符合预期时，就可以准备采摘了。"
        },
        {
            "category": "半熟桃子",
            "bbox": [
                393.0,
                524.9999999999999,
                152.0,
                176.0000000000001
            ],
            "caption": "当未熟绿色桃子的颜色和香气都达到顶峰时，就是采摘的最佳时刻。\n对于那些颜色和质地都表现出成熟特征的未熟绿色桃子，可以优先考虑用于制作果汁。\n当您发现未熟绿色桃子的颜色和质地都符合预期时，就可以准备采摘了。"
        }
    ]
}