{
    "image_id": "07_0530_161119.jpg",
    "annotations": [
        {
            "category": "半熟桃子",
            "bbox": [
                653.0,
                217.0,
                196.0,
                188.99999999999994
            ],
            "caption": "如果有多个工人一起工作，可以分配不同的区域，确保每个角落的未熟绿色桃子都能得到适当的照顾。\n当您发现未熟绿色桃子的颜色和质地都符合预期时，就可以准备采摘了。\n当您发现未熟绿色桃子的颜色和质地都达到了理想状态时，就可以准备采摘了。\n如果您发现未熟绿色桃子周围有鸟类活动，请设置防护网保护未成熟的作物。\n尝试用手指轻轻按压未熟绿色桃子，感受其硬度，以此判断是否达到最佳采摘时机。"
        },
        {
            "category": "半熟桃子",
            "bbox": [
                442.0,
                160.99999999999997,
                184.0,
                177.00000000000003
            ],
            "caption": "如果有多个工人一起工作，可以分配不同的区域，确保每个角落的未熟绿色桃子都能得到适当的照顾。\n当您发现未熟绿色桃子的颜色和质地都符合预期时，就可以准备采摘了。\n当您发现未熟绿色桃子的颜色和质地都达到了理想状态时，就可以准备采摘了。\n如果您发现未熟绿色桃子周围有鸟类活动，请设置防护网保护未成熟的作物。\n尝试用手指轻轻按压未熟绿色桃子，感受其硬度，以此判断是否达到最佳采摘时机。"
        },
        {
            "category": "半熟桃子",
            "bbox": [
                864.0,
                117.99999999999999,
                158.0,
                165.0
            ],
            "caption": "如果有多个工人一起工作，可以分配不同的区域，确保每个角落的未熟绿色桃子都能得到适当的照顾。\n当您发现未熟绿色桃子的颜色和质地都符合预期时，就可以准备采摘了。\n当您发现未熟绿色桃子的颜色和质地都达到了理想状态时，就可以准备采摘了。\n如果您发现未熟绿色桃子周围有鸟类活动，请设置防护网保护未成熟的作物。\n尝试用手指轻轻按压未熟绿色桃子，感受其硬度，以此判断是否达到最佳采摘时机。"
        },
        {
            "category": "半熟桃子",
            "bbox": [
                517.0,
                367.0,
                165.0,
                169.0
            ],
            "caption": "如果有多个工人一起工作，可以分配不同的区域，确保每个角落的未熟绿色桃子都能得到适当的照顾。\n当您发现未熟绿色桃子的颜色和质地都符合预期时，就可以准备采摘了。\n当您发现未熟绿色桃子的颜色和质地都达到了理想状态时，就可以准备采摘了。\n如果您发现未熟绿色桃子周围有鸟类活动，请设置防护网保护未成熟的作物。\n尝试用手指轻轻按压未熟绿色桃子，感受其硬度，以此判断是否达到最佳采摘时机。"
        },
        {
            "category": "半熟桃子",
            "bbox": [
                376.0,
                483.99999999999994,
                152.0,
                167.00000000000006
            ],
            "caption": "如果有多个工人一起工作，可以分配不同的区域，确保每个角落的未熟绿色桃子都能得到适当的照顾。\n当您发现未熟绿色桃子的颜色和质地都符合预期时，就可以准备采摘了。\n当您发现未熟绿色桃子的颜色和质地都达到了理想状态时，就可以准备采摘了。\n如果您发现未熟绿色桃子周围有鸟类活动，请设置防护网保护未成熟的作物。\n尝试用手指轻轻按压未熟绿色桃子，感受其硬度，以此判断是否达到最佳采摘时机。"
        }
    ]
}