{
    "image_id": "07_0611_160225.jpg",
    "annotations": [
        {
            "category": "全熟桃子",
            "bbox": [
                414.0,
                300.0,
                248.0,
                232.0
            ],
            "caption": "对于那些颜色和质地都表现出良好特征的半熟桃子，可以优先考虑用于展示。\n当您发现半熟桃子的颜色和质地都达到了理想状态时，就可以准备采摘了。\n检查半熟桃子是否有自然裂口，如果有，应尽快采摘以减少损失。"
        },
        {
            "category": "全熟桃子",
            "bbox": [
                678.0,
                368.0,
                163.0,
                173.0
            ],
            "caption": "对于那些颜色和质地都表现出良好特征的半熟桃子，可以优先考虑用于展示。\n当您发现半熟桃子的颜色和质地都达到了理想状态时，就可以准备采摘了。\n检查半熟桃子是否有自然裂口，如果有，应尽快采摘以减少损失。"
        },
        {
            "category": "全熟桃子",
            "bbox": [
                723.0,
                0.0,
                179.0,
                188.0
            ],
            "caption": "对于那些颜色和质地都表现出良好特征的半熟桃子，可以优先考虑用于展示。\n当您发现半熟桃子的颜色和质地都达到了理想状态时，就可以准备采摘了。\n检查半熟桃子是否有自然裂口，如果有，应尽快采摘以减少损失。"
        }
    ]
}