{
    "image_id": "07_0605_165905.jpg",
    "annotations": [
        {
            "category": "半熟桃子",
            "bbox": [
                421.0,
                134.0,
                268.0,
                248.0
            ],
            "caption": "对于那些颜色已经开始转变的未熟绿色桃子，可以在早晨或傍晚时段进行采摘。\n如果未熟绿色桃子的颜色开始变深，这意味着它们已经接近完全成熟。\n在处理那些靠近地面或容易受到病虫害影响的未熟绿色桃子时，要格外小心，优先选择健康无损的未熟绿色桃子进行采摘。\n尽量采用现代化的设备和技术，如无人机监测或智能采摘机器人，精准地采摘这些成熟的未熟绿色桃子，提高采摘效率的同时减少对未成熟未熟绿色桃子的影响。"
        },
        {
            "category": "半熟桃子",
            "bbox": [
                569.0,
                342.0,
                229.0,
                336.0
            ],
            "caption": "对于那些颜色已经开始转变的未熟绿色桃子，可以在早晨或傍晚时段进行采摘。\n如果未熟绿色桃子的颜色开始变深，这意味着它们已经接近完全成熟。\n在处理那些靠近地面或容易受到病虫害影响的未熟绿色桃子时，要格外小心，优先选择健康无损的未熟绿色桃子进行采摘。\n尽量采用现代化的设备和技术，如无人机监测或智能采摘机器人，精准地采摘这些成熟的未熟绿色桃子，提高采摘效率的同时减少对未成熟未熟绿色桃子的影响。"
        },
        {
            "category": "半熟桃子",
            "bbox": [
                870.0,
                447.0,
                91.0,
                39.99999999999994
            ],
            "caption": "对于那些颜色已经开始转变的未熟绿色桃子，可以在早晨或傍晚时段进行采摘。\n如果未熟绿色桃子的颜色开始变深，这意味着它们已经接近完全成熟。\n在处理那些靠近地面或容易受到病虫害影响的未熟绿色桃子时，要格外小心，优先选择健康无损的未熟绿色桃子进行采摘。\n尽量采用现代化的设备和技术，如无人机监测或智能采摘机器人，精准地采摘这些成熟的未熟绿色桃子，提高采摘效率的同时减少对未成熟未熟绿色桃子的影响。"
        },
        {
            "category": "半熟桃子",
            "bbox": [
                968.0,
                581.0,
                47.0,
                71.0
            ],
            "caption": "对于那些颜色已经开始转变的未熟绿色桃子，可以在早晨或傍晚时段进行采摘。\n如果未熟绿色桃子的颜色开始变深，这意味着它们已经接近完全成熟。\n在处理那些靠近地面或容易受到病虫害影响的未熟绿色桃子时，要格外小心，优先选择健康无损的未熟绿色桃子进行采摘。\n尽量采用现代化的设备和技术，如无人机监测或智能采摘机器人，精准地采摘这些成熟的未熟绿色桃子，提高采摘效率的同时减少对未成熟未熟绿色桃子的影响。"
        }
    ]
}