{
    "image_id": "07_0530_160703.jpg",
    "annotations": [
        {
            "category": "半熟桃子",
            "bbox": [
                272.0,
                410.0,
                222.0,
                176.0
            ],
            "caption": "摘取未熟绿色桃子时，避免用力过猛以免对果实造成不必要的伤害。\n当您发现未熟绿色桃子的颜色和质地都达到了理想状态时，就可以准备采摘了。\n如果未熟绿色桃子的颜色和质地都表明它已经成熟，那么就可以放心地采摘了。\n当您发现未熟绿色桃子的颜色和质地都达到了理想状态时，就可以准备采摘了。\n在采摘未熟绿色桃子时，尽量避免直接暴露在强烈的阳光下，以保护您的皮肤。\n摘取未熟绿色桃子时，避免用力过猛以免对果实造成不必要的伤害。"
        },
        {
            "category": "半熟桃子",
            "bbox": [
                500.0,
                238.0,
                160.0,
                164.99999999999994
            ],
            "caption": "摘取未熟绿色桃子时，避免用力过猛以免对果实造成不必要的伤害。\n当您发现未熟绿色桃子的颜色和质地都达到了理想状态时，就可以准备采摘了。\n如果未熟绿色桃子的颜色和质地都表明它已经成熟，那么就可以放心地采摘了。\n当您发现未熟绿色桃子的颜色和质地都达到了理想状态时，就可以准备采摘了。\n在采摘未熟绿色桃子时，尽量避免直接暴露在强烈的阳光下，以保护您的皮肤。\n摘取未熟绿色桃子时，避免用力过猛以免对果实造成不必要的伤害。"
        },
        {
            "category": "半熟桃子",
            "bbox": [
                586.0,
                475.0,
                216.0,
                217.0
            ],
            "caption": "摘取未熟绿色桃子时，避免用力过猛以免对果实造成不必要的伤害。\n当您发现未熟绿色桃子的颜色和质地都达到了理想状态时，就可以准备采摘了。\n如果未熟绿色桃子的颜色和质地都表明它已经成熟，那么就可以放心地采摘了。\n当您发现未熟绿色桃子的颜色和质地都达到了理想状态时，就可以准备采摘了。\n在采摘未熟绿色桃子时，尽量避免直接暴露在强烈的阳光下，以保护您的皮肤。\n摘取未熟绿色桃子时，避免用力过猛以免对果实造成不必要的伤害。"
        },
        {
            "category": "半熟桃子",
            "bbox": [
                788.0,
                136.99999999999997,
                221.0,
                210.00000000000003
            ],
            "caption": "摘取未熟绿色桃子时，避免用力过猛以免对果实造成不必要的伤害。\n当您发现未熟绿色桃子的颜色和质地都达到了理想状态时，就可以准备采摘了。\n如果未熟绿色桃子的颜色和质地都表明它已经成熟，那么就可以放心地采摘了。\n当您发现未熟绿色桃子的颜色和质地都达到了理想状态时，就可以准备采摘了。\n在采摘未熟绿色桃子时，尽量避免直接暴露在强烈的阳光下，以保护您的皮肤。\n摘取未熟绿色桃子时，避免用力过猛以免对果实造成不必要的伤害。"
        },
        {
            "category": "半熟桃子",
            "bbox": [
                761.0,
                693.0,
                115.0,
                73.0
            ],
            "caption": "摘取未熟绿色桃子时，避免用力过猛以免对果实造成不必要的伤害。\n当您发现未熟绿色桃子的颜色和质地都达到了理想状态时，就可以准备采摘了。\n如果未熟绿色桃子的颜色和质地都表明它已经成熟，那么就可以放心地采摘了。\n当您发现未熟绿色桃子的颜色和质地都达到了理想状态时，就可以准备采摘了。\n在采摘未熟绿色桃子时，尽量避免直接暴露在强烈的阳光下，以保护您的皮肤。\n摘取未熟绿色桃子时，避免用力过猛以免对果实造成不必要的伤害。"
        },
        {
            "category": "半熟桃子",
            "bbox": [
                528.0,
                501.0,
                80.0,
                130.0
            ],
            "caption": "摘取未熟绿色桃子时，避免用力过猛以免对果实造成不必要的伤害。\n当您发现未熟绿色桃子的颜色和质地都达到了理想状态时，就可以准备采摘了。\n如果未熟绿色桃子的颜色和质地都表明它已经成熟，那么就可以放心地采摘了。\n当您发现未熟绿色桃子的颜色和质地都达到了理想状态时，就可以准备采摘了。\n在采摘未熟绿色桃子时，尽量避免直接暴露在强烈的阳光下，以保护您的皮肤。\n摘取未熟绿色桃子时，避免用力过猛以免对果实造成不必要的伤害。"
        }
    ]
}