{
    "image_id": "07_0503_143106.jpg",
    "annotations": [
        {
            "category": "半熟桃子",
            "bbox": [
                369.0,
                105.0,
                252.0,
                315.0
            ],
            "caption": "如果发现未熟绿色桃子上有害虫迹象，请及时采取措施，如隔离或使用生物防治。\n在采摘未熟绿色桃子时，请确保所有工具都是干净无菌的，以避免交叉感染。\n在果园巡查时，请优先摘取那些完全成熟、颜色鲜艳且轻轻一碰就会自然掉落的未熟绿色桃子。\n对于那些颜色和质地都表现出良好特征的未熟绿色桃子，可以优先考虑用于加工。"
        },
        {
            "category": "半熟桃子",
            "bbox": [
                455.0,
                267.0,
                328.0,
                379.0
            ],
            "caption": "如果发现未熟绿色桃子上有害虫迹象，请及时采取措施，如隔离或使用生物防治。\n在采摘未熟绿色桃子时，请确保所有工具都是干净无菌的，以避免交叉感染。\n在果园巡查时，请优先摘取那些完全成熟、颜色鲜艳且轻轻一碰就会自然掉落的未熟绿色桃子。\n对于那些颜色和质地都表现出良好特征的未熟绿色桃子，可以优先考虑用于加工。"
        },
        {
            "category": "半熟桃子",
            "bbox": [
                667.0,
                506.9999999999999,
                154.0,
                101.00000000000011
            ],
            "caption": "如果发现未熟绿色桃子上有害虫迹象，请及时采取措施，如隔离或使用生物防治。\n在采摘未熟绿色桃子时，请确保所有工具都是干净无菌的，以避免交叉感染。\n在果园巡查时，请优先摘取那些完全成熟、颜色鲜艳且轻轻一碰就会自然掉落的未熟绿色桃子。\n对于那些颜色和质地都表现出良好特征的未熟绿色桃子，可以优先考虑用于加工。"
        },
        {
            "category": "半熟桃子",
            "bbox": [
                609.0,
                0.0,
                153.0,
                91.0
            ],
            "caption": "如果发现未熟绿色桃子上有害虫迹象，请及时采取措施，如隔离或使用生物防治。\n在采摘未熟绿色桃子时，请确保所有工具都是干净无菌的，以避免交叉感染。\n在果园巡查时，请优先摘取那些完全成熟、颜色鲜艳且轻轻一碰就会自然掉落的未熟绿色桃子。\n对于那些颜色和质地都表现出良好特征的未熟绿色桃子，可以优先考虑用于加工。"
        }
    ]
}