{
    "image_id": "07_0503_144306.jpg",
    "annotations": [
        {
            "category": "半熟桃子",
            "bbox": [
                245.0,
                277.0,
                308.0,
                203.0
            ],
            "caption": "尽量采用多样化的采摘方式，根据不同种类的未熟绿色桃子特点选择最适合的方法。\n请确保所有用于采摘未熟绿色桃子的工具都已消毒，以防止病菌传播。\n在采摘未熟绿色桃子之前，确保所有必要的工具都已经准备好并且处于良好状态。\n在处理那些靠近地面或容易受到病虫害影响的未熟绿色桃子时，要格外小心，优先选择健康无损的未熟绿色桃子进行采摘。"
        },
        {
            "category": "半熟桃子",
            "bbox": [
                480.0,
                232.99999999999997,
                29.0,
                37.00000000000003
            ],
            "caption": "尽量采用多样化的采摘方式，根据不同种类的未熟绿色桃子特点选择最适合的方法。\n请确保所有用于采摘未熟绿色桃子的工具都已消毒，以防止病菌传播。\n在采摘未熟绿色桃子之前，确保所有必要的工具都已经准备好并且处于良好状态。\n在处理那些靠近地面或容易受到病虫害影响的未熟绿色桃子时，要格外小心，优先选择健康无损的未熟绿色桃子进行采摘。"
        },
        {
            "category": "半熟桃子",
            "bbox": [
                647.0,
                331.0,
                82.0,
                95.99999999999994
            ],
            "caption": "尽量采用多样化的采摘方式，根据不同种类的未熟绿色桃子特点选择最适合的方法。\n请确保所有用于采摘未熟绿色桃子的工具都已消毒，以防止病菌传播。\n在采摘未熟绿色桃子之前，确保所有必要的工具都已经准备好并且处于良好状态。\n在处理那些靠近地面或容易受到病虫害影响的未熟绿色桃子时，要格外小心，优先选择健康无损的未熟绿色桃子进行采摘。"
        },
        {
            "category": "半熟桃子",
            "bbox": [
                570.0,
                564.0,
                75.0,
                63.0
            ],
            "caption": "尽量采用多样化的采摘方式，根据不同种类的未熟绿色桃子特点选择最适合的方法。\n请确保所有用于采摘未熟绿色桃子的工具都已消毒，以防止病菌传播。\n在采摘未熟绿色桃子之前，确保所有必要的工具都已经准备好并且处于良好状态。\n在处理那些靠近地面或容易受到病虫害影响的未熟绿色桃子时，要格外小心，优先选择健康无损的未熟绿色桃子进行采摘。"
        }
    ]
}