{
    "image_id": "07_0530_161207.jpg",
    "annotations": [
        {
            "category": "半熟桃子",
            "bbox": [
                412.0,
                219.0,
                160.0,
                150.0
            ],
            "caption": "当您发现未熟绿色桃子的颜色和质地都达到了理想状态时，就可以准备采摘了。\n当您发现未熟绿色桃子的颜色和质地都达到了理想状态时，就可以准备采摘了。"
        },
        {
            "category": "半熟桃子",
            "bbox": [
                392.0,
                420.99999999999994,
                135.0,
                146.00000000000006
            ],
            "caption": "当您发现未熟绿色桃子的颜色和质地都达到了理想状态时，就可以准备采摘了。\n当您发现未熟绿色桃子的颜色和质地都达到了理想状态时，就可以准备采摘了。"
        }
    ]
}