{
    "image_id": "07_0530_160204.jpg",
    "annotations": [
        {
            "category": "半熟桃子",
            "bbox": [
                550.0,
                328.0,
                139.0,
                134.0
            ],
            "caption": "对于那些颜色和质地都表现出成熟特征的未熟绿色桃子，可以优先考虑用于出口。\n当您发现未熟绿色桃子的颜色和质地都符合预期时，就可以准备采摘了。\n对于那些颜色和质地都表现出良好特征的未熟绿色桃子，可以优先考虑用于加工。"
        },
        {
            "category": "半熟桃子",
            "bbox": [
                506.0,
                482.0,
                115.0,
                135.0
            ],
            "caption": "对于那些颜色和质地都表现出成熟特征的未熟绿色桃子，可以优先考虑用于出口。\n当您发现未熟绿色桃子的颜色和质地都符合预期时，就可以准备采摘了。\n对于那些颜色和质地都表现出良好特征的未熟绿色桃子，可以优先考虑用于加工。"
        },
        {
            "category": "半熟桃子",
            "bbox": [
                444.0,
                404.0,
                84.0,
                125.0
            ],
            "caption": "对于那些颜色和质地都表现出成熟特征的未熟绿色桃子，可以优先考虑用于出口。\n当您发现未熟绿色桃子的颜色和质地都符合预期时，就可以准备采摘了。\n对于那些颜色和质地都表现出良好特征的未熟绿色桃子，可以优先考虑用于加工。"
        }
    ]
}