{
    "image_id": "07_0621_164947.jpg",
    "annotations": [
        {
            "category": "半熟桃子",
            "bbox": [
                621.0,
                398.0,
                181.0,
                186.9999999999999
            ],
            "caption": "对于那些颜色和质地都表现出良好特征的未熟绿色桃子，可以优先考虑用于展示。\n当您发现未熟绿色桃子的颜色和质地都达到了理想状态时，就可以准备采摘了。\n在采摘过程中，请保持果园清洁，及时清理掉落在地上的腐烂未熟绿色桃子。"
        },
        {
            "category": "半熟桃子",
            "bbox": [
                383.0,
                376.0,
                166.0,
                188.0
            ],
            "caption": "对于那些颜色和质地都表现出良好特征的未熟绿色桃子，可以优先考虑用于展示。\n当您发现未熟绿色桃子的颜色和质地都达到了理想状态时，就可以准备采摘了。\n在采摘过程中，请保持果园清洁，及时清理掉落在地上的腐烂未熟绿色桃子。"
        },
        {
            "category": "半熟桃子",
            "bbox": [
                462.0,
                307.0,
                72.0,
                82.0
            ],
            "caption": "对于那些颜色和质地都表现出良好特征的未熟绿色桃子，可以优先考虑用于展示。\n当您发现未熟绿色桃子的颜色和质地都达到了理想状态时，就可以准备采摘了。\n在采摘过程中，请保持果园清洁，及时清理掉落在地上的腐烂未熟绿色桃子。"
        }
    ]
}