{
    "image_id": "07_0605_164320.jpg",
    "annotations": [
        {
            "category": "半熟桃子",
            "bbox": [
                544.0,
                262.0,
                246.0,
                250.0
            ],
            "caption": "当您发现未熟绿色桃子的颜色和质地都达到了理想状态时，就可以准备采摘了。\n当您发现未熟绿色桃子的颜色和质地都表现出良好的成熟特征时，就可以准备采摘了。\n在采摘未熟绿色桃子时，尽量避免过度劳累，以保持高效的工作状态。\n对于那些颜色和质地都表现出成熟特征的未熟绿色桃子，可以优先考虑用于直接销售给消费者。"
        },
        {
            "category": "半熟桃子",
            "bbox": [
                162.0,
                449.0,
                110.0,
                117.99999999999989
            ],
            "caption": "当您发现未熟绿色桃子的颜色和质地都达到了理想状态时，就可以准备采摘了。\n当您发现未熟绿色桃子的颜色和质地都表现出良好的成熟特征时，就可以准备采摘了。\n在采摘未熟绿色桃子时，尽量避免过度劳累，以保持高效的工作状态。\n对于那些颜色和质地都表现出成熟特征的未熟绿色桃子，可以优先考虑用于直接销售给消费者。"
        },
        {
            "category": "半熟桃子",
            "bbox": [
                841.0,
                232.0,
                181.0,
                275.0
            ],
            "caption": "当您发现未熟绿色桃子的颜色和质地都达到了理想状态时，就可以准备采摘了。\n当您发现未熟绿色桃子的颜色和质地都表现出良好的成熟特征时，就可以准备采摘了。\n在采摘未熟绿色桃子时，尽量避免过度劳累，以保持高效的工作状态。\n对于那些颜色和质地都表现出成熟特征的未熟绿色桃子，可以优先考虑用于直接销售给消费者。"
        },
        {
            "category": "半熟桃子",
            "bbox": [
                704.0,
                246.0,
                78.0,
                38.0
            ],
            "caption": "当您发现未熟绿色桃子的颜色和质地都达到了理想状态时，就可以准备采摘了。\n当您发现未熟绿色桃子的颜色和质地都表现出良好的成熟特征时，就可以准备采摘了。\n在采摘未熟绿色桃子时，尽量避免过度劳累，以保持高效的工作状态。\n对于那些颜色和质地都表现出成熟特征的未熟绿色桃子，可以优先考虑用于直接销售给消费者。"
        }
    ]
}