{
    "image_id": "07_0605_165919.jpg",
    "annotations": [
        {
            "category": "半熟桃子",
            "bbox": [
                296.0,
                402.0,
                267.0,
                310.0
            ],
            "caption": "请确保所有用于采摘未熟绿色桃子的工具都已消毒，以防止病菌传播。\n在采摘未熟绿色桃子时，确保所有采摘下来的果实都被妥善处理和储存。"
        },
        {
            "category": "半熟桃子",
            "bbox": [
                594.0,
                117.0,
                326.0,
                351.0
            ],
            "caption": "请确保所有用于采摘未熟绿色桃子的工具都已消毒，以防止病菌传播。\n在采摘未熟绿色桃子时，确保所有采摘下来的果实都被妥善处理和储存。"
        }
    ]
}