{
    "image_id": "07_0621_165751.jpg",
    "annotations": [
        {
            "category": "全熟桃子",
            "bbox": [
                353.0,
                375.0,
                304.0,
                313.0
            ],
            "caption": "在采摘半熟桃子时，请确保所有采摘工具都已消毒。\n当您发现半熟桃子的颜色和质地都符合预期标准时，就可以准备采摘了。"
        },
        {
            "category": "全熟桃子",
            "bbox": [
                562.0,
                231.0,
                268.0,
                272.0
            ],
            "caption": "在采摘半熟桃子时，请确保所有采摘工具都已消毒。\n当您发现半熟桃子的颜色和质地都符合预期标准时，就可以准备采摘了。"
        }
    ]
}