{
    "image_id": "07_0530_155824.jpg",
    "annotations": [
        {
            "category": "半熟桃子",
            "bbox": [
                722.0,
                354.99999999999994,
                195.0,
                225.00000000000006
            ],
            "caption": "当您发现未熟绿色桃子的颜色和质地都达到了理想状态时，就可以准备采摘了。\n在采摘未熟绿色桃子时，请确保所有工具都是干净无菌的，以避免交叉感染。\n尽量保持对细节的关注，即使是微小的变化也可能影响到最终的采摘效果。\n当您发现未熟绿色桃子的颜色和质地都达到了理想状态时，就可以准备采摘了。"
        },
        {
            "category": "半熟桃子",
            "bbox": [
                595.0,
                368.0,
                141.0,
                174.9999999999999
            ],
            "caption": "当您发现未熟绿色桃子的颜色和质地都达到了理想状态时，就可以准备采摘了。\n在采摘未熟绿色桃子时，请确保所有工具都是干净无菌的，以避免交叉感染。\n尽量保持对细节的关注，即使是微小的变化也可能影响到最终的采摘效果。\n当您发现未熟绿色桃子的颜色和质地都达到了理想状态时，就可以准备采摘了。"
        },
        {
            "category": "半熟桃子",
            "bbox": [
                641.0,
                220.99999999999997,
                194.0,
                159.00000000000003
            ],
            "caption": "当您发现未熟绿色桃子的颜色和质地都达到了理想状态时，就可以准备采摘了。\n在采摘未熟绿色桃子时，请确保所有工具都是干净无菌的，以避免交叉感染。\n尽量保持对细节的关注，即使是微小的变化也可能影响到最终的采摘效果。\n当您发现未熟绿色桃子的颜色和质地都达到了理想状态时，就可以准备采摘了。"
        },
        {
            "category": "半熟桃子",
            "bbox": [
                243.0,
                325.0,
                118.0,
                130.0
            ],
            "caption": "当您发现未熟绿色桃子的颜色和质地都达到了理想状态时，就可以准备采摘了。\n在采摘未熟绿色桃子时，请确保所有工具都是干净无菌的，以避免交叉感染。\n尽量保持对细节的关注，即使是微小的变化也可能影响到最终的采摘效果。\n当您发现未熟绿色桃子的颜色和质地都达到了理想状态时，就可以准备采摘了。"
        }
    ]
}