{
    "image_id": "07_0503_143259.jpg",
    "annotations": [
        {
            "category": "半熟桃子",
            "bbox": [
                309.0,
                422.00000000000006,
                183.0,
                217.99999999999994
            ],
            "caption": "在采摘时，尽量保持双手干净，避免将污垢或细菌带到未熟绿色桃子上；这对于维持采摘后的保鲜非常重要。\n如果未熟绿色桃子的颜色和质地都表明它已经成熟，那么就可以放心地采摘了。\n对于那些颜色和质地都表现出良好特征的未熟绿色桃子，可以优先考虑用于展示。\n当您发现未熟绿色桃子的颜色和质地都表现出良好的成熟特征时，就可以准备采摘了。"
        },
        {
            "category": "半熟桃子",
            "bbox": [
                541.0,
                244.0,
                207.0,
                185.99999999999994
            ],
            "caption": "在采摘时，尽量保持双手干净，避免将污垢或细菌带到未熟绿色桃子上；这对于维持采摘后的保鲜非常重要。\n如果未熟绿色桃子的颜色和质地都表明它已经成熟，那么就可以放心地采摘了。\n对于那些颜色和质地都表现出良好特征的未熟绿色桃子，可以优先考虑用于展示。\n当您发现未熟绿色桃子的颜色和质地都表现出良好的成熟特征时，就可以准备采摘了。"
        },
        {
            "category": "半熟桃子",
            "bbox": [
                555.0,
                392.0,
                141.0,
                102.0
            ],
            "caption": "在采摘时，尽量保持双手干净，避免将污垢或细菌带到未熟绿色桃子上；这对于维持采摘后的保鲜非常重要。\n如果未熟绿色桃子的颜色和质地都表明它已经成熟，那么就可以放心地采摘了。\n对于那些颜色和质地都表现出良好特征的未熟绿色桃子，可以优先考虑用于展示。\n当您发现未熟绿色桃子的颜色和质地都表现出良好的成熟特征时，就可以准备采摘了。"
        },
        {
            "category": "半熟桃子",
            "bbox": [
                218.0,
                441.0,
                90.0,
                100.0
            ],
            "caption": "在采摘时，尽量保持双手干净，避免将污垢或细菌带到未熟绿色桃子上；这对于维持采摘后的保鲜非常重要。\n如果未熟绿色桃子的颜色和质地都表明它已经成熟，那么就可以放心地采摘了。\n对于那些颜色和质地都表现出良好特征的未熟绿色桃子，可以优先考虑用于展示。\n当您发现未熟绿色桃子的颜色和质地都表现出良好的成熟特征时，就可以准备采摘了。"
        }
    ]
}