{
    "image_id": "07_0611_161334.jpg",
    "annotations": [
        {
            "category": "半熟桃子",
            "bbox": [
                541.0,
                338.99999999999994,
                266.0,
                259.99999999999994
            ],
            "caption": "在采摘未熟绿色桃子时，尽量避免过度劳累，以保持高效的工作状态。\n对于那些颜色已经开始转变的未熟绿色桃子，可以在早晨或傍晚时段进行采摘。\n如果发现有新的栽培技术或管理经验，可以尝试应用到实际工作中，提高未熟绿色桃子的产量和质量。\n如果您发现未熟绿色桃子中有特别大的个体，可以将其单独存放，以便特殊处理。"
        },
        {
            "category": "半熟桃子",
            "bbox": [
                512.0,
                526.0,
                208.0,
                168.0
            ],
            "caption": "在采摘未熟绿色桃子时，尽量避免过度劳累，以保持高效的工作状态。\n对于那些颜色已经开始转变的未熟绿色桃子，可以在早晨或傍晚时段进行采摘。\n如果发现有新的栽培技术或管理经验，可以尝试应用到实际工作中，提高未熟绿色桃子的产量和质量。\n如果您发现未熟绿色桃子中有特别大的个体，可以将其单独存放，以便特殊处理。"
        },
        {
            "category": "半熟桃子",
            "bbox": [
                571.0,
                687.0,
                128.0,
                79.0
            ],
            "caption": "在采摘未熟绿色桃子时，尽量避免过度劳累，以保持高效的工作状态。\n对于那些颜色已经开始转变的未熟绿色桃子，可以在早晨或傍晚时段进行采摘。\n如果发现有新的栽培技术或管理经验，可以尝试应用到实际工作中，提高未熟绿色桃子的产量和质量。\n如果您发现未熟绿色桃子中有特别大的个体，可以将其单独存放，以便特殊处理。"
        },
        {
            "category": "半熟桃子",
            "bbox": [
                563.0,
                262.0,
                66.0,
                125.99999999999994
            ],
            "caption": "在采摘未熟绿色桃子时，尽量避免过度劳累，以保持高效的工作状态。\n对于那些颜色已经开始转变的未熟绿色桃子，可以在早晨或傍晚时段进行采摘。\n如果发现有新的栽培技术或管理经验，可以尝试应用到实际工作中，提高未熟绿色桃子的产量和质量。\n如果您发现未熟绿色桃子中有特别大的个体，可以将其单独存放，以便特殊处理。"
        }
    ]
}