{
    "image_id": "07_0611_160219.jpg",
    "annotations": [
        {
            "category": "半熟桃子",
            "bbox": [
                524.0,
                228.0,
                225.0,
                270.0
            ],
            "caption": "如果发现采摘下来的未熟绿色桃子中有特别适合加工的个体，可以考虑开发相关的衍生产品。\n在果园巡查时，请优先摘取那些完全成熟、颜色鲜艳且轻轻一碰就会自然掉落的未熟绿色桃子。\n尽量采用多样化的采摘方式，根据不同种类的未熟绿色桃子特点选择最适合的方法。"
        },
        {
            "category": "半熟桃子",
            "bbox": [
                247.0,
                0.0,
                176.0,
                166.0
            ],
            "caption": "如果发现采摘下来的未熟绿色桃子中有特别适合加工的个体，可以考虑开发相关的衍生产品。\n在果园巡查时，请优先摘取那些完全成熟、颜色鲜艳且轻轻一碰就会自然掉落的未熟绿色桃子。\n尽量采用多样化的采摘方式，根据不同种类的未熟绿色桃子特点选择最适合的方法。"
        },
        {
            "category": "半熟桃子",
            "bbox": [
                0.0,
                437.0,
                80.0,
                152.0
            ],
            "caption": "如果发现采摘下来的未熟绿色桃子中有特别适合加工的个体，可以考虑开发相关的衍生产品。\n在果园巡查时，请优先摘取那些完全成熟、颜色鲜艳且轻轻一碰就会自然掉落的未熟绿色桃子。\n尽量采用多样化的采摘方式，根据不同种类的未熟绿色桃子特点选择最适合的方法。"
        }
    ]
}