{
    "image_id": "07_0530_160343.jpg",
    "annotations": [
        {
            "category": "半熟桃子",
            "bbox": [
                327.0,
                0.0,
                361.0,
                220.99999999999997
            ],
            "caption": "对于那些颜色特别鲜艳且质地柔软的未熟绿色桃子，可以优先考虑采摘。\n对于那些颜色和质地都表现出良好特征的未熟绿色桃子，可以优先考虑用于加工。\n在采摘未熟绿色桃子时，请确保每次采摘后的果实都被迅速运往冷藏设施。\n当您发现未熟绿色桃子的颜色和质地都达到了理想状态时，就可以准备采摘了。\n当未熟绿色桃子的颜色开始从绿色变为红色时，表示它们已经接近成熟，可以准备采摘了。\n如果天气预报显示即将有恶劣天气，请尽快采摘所有已经成熟的未熟绿色桃子，以防止它们受到损害；对于那些还未成熟的未熟绿色桃子，可以用防护措施保护起来。\n对于那些颜色和质地都表现出成熟特征的未熟绿色桃子，可以优先考虑用于出口。"
        },
        {
            "category": "半熟桃子",
            "bbox": [
                688.0,
                0.0,
                263.0,
                102.99999999999999
            ],
            "caption": "对于那些颜色特别鲜艳且质地柔软的未熟绿色桃子，可以优先考虑采摘。\n对于那些颜色和质地都表现出良好特征的未熟绿色桃子，可以优先考虑用于加工。\n在采摘未熟绿色桃子时，请确保每次采摘后的果实都被迅速运往冷藏设施。\n当您发现未熟绿色桃子的颜色和质地都达到了理想状态时，就可以准备采摘了。\n当未熟绿色桃子的颜色开始从绿色变为红色时，表示它们已经接近成熟，可以准备采摘了。\n如果天气预报显示即将有恶劣天气，请尽快采摘所有已经成熟的未熟绿色桃子，以防止它们受到损害；对于那些还未成熟的未熟绿色桃子，可以用防护措施保护起来。\n对于那些颜色和质地都表现出成熟特征的未熟绿色桃子，可以优先考虑用于出口。"
        },
        {
            "category": "半熟桃子",
            "bbox": [
                64.0,
                591.0,
                340.0,
                175.0
            ],
            "caption": "对于那些颜色特别鲜艳且质地柔软的未熟绿色桃子，可以优先考虑采摘。\n对于那些颜色和质地都表现出良好特征的未熟绿色桃子，可以优先考虑用于加工。\n在采摘未熟绿色桃子时，请确保每次采摘后的果实都被迅速运往冷藏设施。\n当您发现未熟绿色桃子的颜色和质地都达到了理想状态时，就可以准备采摘了。\n当未熟绿色桃子的颜色开始从绿色变为红色时，表示它们已经接近成熟，可以准备采摘了。\n如果天气预报显示即将有恶劣天气，请尽快采摘所有已经成熟的未熟绿色桃子，以防止它们受到损害；对于那些还未成熟的未熟绿色桃子，可以用防护措施保护起来。\n对于那些颜色和质地都表现出成熟特征的未熟绿色桃子，可以优先考虑用于出口。"
        },
        {
            "category": "半熟桃子",
            "bbox": [
                318.0,
                238.99999999999997,
                314.0,
                342.0
            ],
            "caption": "对于那些颜色特别鲜艳且质地柔软的未熟绿色桃子，可以优先考虑采摘。\n对于那些颜色和质地都表现出良好特征的未熟绿色桃子，可以优先考虑用于加工。\n在采摘未熟绿色桃子时，请确保每次采摘后的果实都被迅速运往冷藏设施。\n当您发现未熟绿色桃子的颜色和质地都达到了理想状态时，就可以准备采摘了。\n当未熟绿色桃子的颜色开始从绿色变为红色时，表示它们已经接近成熟，可以准备采摘了。\n如果天气预报显示即将有恶劣天气，请尽快采摘所有已经成熟的未熟绿色桃子，以防止它们受到损害；对于那些还未成熟的未熟绿色桃子，可以用防护措施保护起来。\n对于那些颜色和质地都表现出成熟特征的未熟绿色桃子，可以优先考虑用于出口。"
        },
        {
            "category": "半熟桃子",
            "bbox": [
                324.0,
                126.99999999999999,
                238.0,
                177.0
            ],
            "caption": "对于那些颜色特别鲜艳且质地柔软的未熟绿色桃子，可以优先考虑采摘。\n对于那些颜色和质地都表现出良好特征的未熟绿色桃子，可以优先考虑用于加工。\n在采摘未熟绿色桃子时，请确保每次采摘后的果实都被迅速运往冷藏设施。\n当您发现未熟绿色桃子的颜色和质地都达到了理想状态时，就可以准备采摘了。\n当未熟绿色桃子的颜色开始从绿色变为红色时，表示它们已经接近成熟，可以准备采摘了。\n如果天气预报显示即将有恶劣天气，请尽快采摘所有已经成熟的未熟绿色桃子，以防止它们受到损害；对于那些还未成熟的未熟绿色桃子，可以用防护措施保护起来。\n对于那些颜色和质地都表现出成熟特征的未熟绿色桃子，可以优先考虑用于出口。"
        },
        {
            "category": "半熟桃子",
            "bbox": [
                803.0,
                715.0,
                108.0,
                51.0
            ],
            "caption": "对于那些颜色特别鲜艳且质地柔软的未熟绿色桃子，可以优先考虑采摘。\n对于那些颜色和质地都表现出良好特征的未熟绿色桃子，可以优先考虑用于加工。\n在采摘未熟绿色桃子时，请确保每次采摘后的果实都被迅速运往冷藏设施。\n当您发现未熟绿色桃子的颜色和质地都达到了理想状态时，就可以准备采摘了。\n当未熟绿色桃子的颜色开始从绿色变为红色时，表示它们已经接近成熟，可以准备采摘了。\n如果天气预报显示即将有恶劣天气，请尽快采摘所有已经成熟的未熟绿色桃子，以防止它们受到损害；对于那些还未成熟的未熟绿色桃子，可以用防护措施保护起来。\n对于那些颜色和质地都表现出成熟特征的未熟绿色桃子，可以优先考虑用于出口。"
        },
        {
            "category": "半熟桃子",
            "bbox": [
                674.0,
                52.99999999999999,
                168.0,
                111.99999999999997
            ],
            "caption": "对于那些颜色特别鲜艳且质地柔软的未熟绿色桃子，可以优先考虑采摘。\n对于那些颜色和质地都表现出良好特征的未熟绿色桃子，可以优先考虑用于加工。\n在采摘未熟绿色桃子时，请确保每次采摘后的果实都被迅速运往冷藏设施。\n当您发现未熟绿色桃子的颜色和质地都达到了理想状态时，就可以准备采摘了。\n当未熟绿色桃子的颜色开始从绿色变为红色时，表示它们已经接近成熟，可以准备采摘了。\n如果天气预报显示即将有恶劣天气，请尽快采摘所有已经成熟的未熟绿色桃子，以防止它们受到损害；对于那些还未成熟的未熟绿色桃子，可以用防护措施保护起来。\n对于那些颜色和质地都表现出成熟特征的未熟绿色桃子，可以优先考虑用于出口。"
        }
    ]
}