{
    "image_id": "07_0530_155514.jpg",
    "annotations": [
        {
            "category": "全熟桃子",
            "bbox": [
                553.0,
                253.00000000000003,
                223.0,
                174.99999999999997
            ],
            "caption": "对于那些颜色变化不均的半熟桃子，可以选择性地只采摘那些最成熟的部分。\n使用剪刀或专用工具来摘取半熟桃子，以减少对树枝和其他未成熟果实的潜在损害。\n在采摘未熟绿色桃子之前，确保所有必要的工具都已经准备好并且处于良好状态。"
        },
        {
            "category": "全熟桃子",
            "bbox": [
                427.0,
                391.0,
                161.0,
                154.0
            ],
            "caption": "对于那些颜色变化不均的半熟桃子，可以选择性地只采摘那些最成熟的部分。\n使用剪刀或专用工具来摘取半熟桃子，以减少对树枝和其他未成熟果实的潜在损害。\n在采摘未熟绿色桃子之前，确保所有必要的工具都已经准备好并且处于良好状态。"
        },
        {
            "category": "半熟桃子",
            "bbox": [
                42.0,
                278.0,
                110.0,
                90.0
            ],
            "caption": "对于那些颜色变化不均的半熟桃子，可以选择性地只采摘那些最成熟的部分。\n使用剪刀或专用工具来摘取半熟桃子，以减少对树枝和其他未成熟果实的潜在损害。\n在采摘未熟绿色桃子之前，确保所有必要的工具都已经准备好并且处于良好状态。"
        }
    ]
}