{
    "image_id": "07_0503_142735.jpg",
    "annotations": [
        {
            "category": "全熟桃子",
            "bbox": [
                465.0,
                162.0,
                263.0,
                218.0
            ],
            "caption": "清理一下周围环境，移除任何可能妨碍工作的障碍物；这样可以让你更高效地采摘到成熟的半熟桃子。\n在采摘未熟绿色桃子之前，确保所有必要的工具都已经准备好并且处于良好状态。"
        },
        {
            "category": "半熟桃子",
            "bbox": [
                599.0,
                300.0,
                174.0,
                186.99999999999994
            ],
            "caption": "清理一下周围环境，移除任何可能妨碍工作的障碍物；这样可以让你更高效地采摘到成熟的半熟桃子。\n在采摘未熟绿色桃子之前，确保所有必要的工具都已经准备好并且处于良好状态。"
        }
    ]
}