{
    "image_id": "07_0605_164511.jpg",
    "annotations": [
        {
            "category": "半熟桃子",
            "bbox": [
                497.0,
                235.0,
                269.0,
                278.0
            ],
            "caption": "在采摘未熟绿色桃子时，尽量避免直接暴露在强烈的阳光下，以保护您的皮肤。\n定期休息一下不仅可以恢复体力，也有助于更好地评估哪些未熟绿色桃子已经成熟可以采摘。"
        },
        {
            "category": "半熟桃子",
            "bbox": [
                814.0,
                69.99999999999999,
                208.0,
                231.0
            ],
            "caption": "在采摘未熟绿色桃子时，尽量避免直接暴露在强烈的阳光下，以保护您的皮肤。\n定期休息一下不仅可以恢复体力，也有助于更好地评估哪些未熟绿色桃子已经成熟可以采摘。"
        }
    ]
}