{
    "image_id": "07_0621_164914.jpg",
    "annotations": [
        {
            "category": "全熟桃子",
            "bbox": [
                567.0,
                302.0,
                171.0,
                183.0
            ],
            "caption": "对于那些长势较好的植株，可以适当多采摘一些成熟的半熟桃子；而对于长势较差的，则要谨慎行事，给予更多的恢复时间。\n在采摘半熟桃子时，请确保工作环境整洁，避免对作物造成不必要的污染。\n在采摘未熟绿色桃子时，尽量选择那些没有受到风雨侵袭的健康植株。\n当未熟绿色桃子的颜色开始从绿色变为红色时，表示它们已经接近成熟，可以准备采摘了。"
        },
        {
            "category": "全熟桃子",
            "bbox": [
                382.0,
                220.0,
                167.0,
                188.0
            ],
            "caption": "对于那些长势较好的植株，可以适当多采摘一些成熟的半熟桃子；而对于长势较差的，则要谨慎行事，给予更多的恢复时间。\n在采摘半熟桃子时，请确保工作环境整洁，避免对作物造成不必要的污染。\n在采摘未熟绿色桃子时，尽量选择那些没有受到风雨侵袭的健康植株。\n当未熟绿色桃子的颜色开始从绿色变为红色时，表示它们已经接近成熟，可以准备采摘了。"
        },
        {
            "category": "半熟桃子",
            "bbox": [
                426.0,
                498.99999999999994,
                54.0,
                60.00000000000006
            ],
            "caption": "对于那些长势较好的植株，可以适当多采摘一些成熟的半熟桃子；而对于长势较差的，则要谨慎行事，给予更多的恢复时间。\n在采摘半熟桃子时，请确保工作环境整洁，避免对作物造成不必要的污染。\n在采摘未熟绿色桃子时，尽量选择那些没有受到风雨侵袭的健康植株。\n当未熟绿色桃子的颜色开始从绿色变为红色时，表示它们已经接近成熟，可以准备采摘了。"
        },
        {
            "category": "半熟桃子",
            "bbox": [
                482.0,
                514.0,
                49.0,
                58.0
            ],
            "caption": "对于那些长势较好的植株，可以适当多采摘一些成熟的半熟桃子；而对于长势较差的，则要谨慎行事，给予更多的恢复时间。\n在采摘半熟桃子时，请确保工作环境整洁，避免对作物造成不必要的污染。\n在采摘未熟绿色桃子时，尽量选择那些没有受到风雨侵袭的健康植株。\n当未熟绿色桃子的颜色开始从绿色变为红色时，表示它们已经接近成熟，可以准备采摘了。"
        }
    ]
}