{
    "image_id": "07_0530_155517.jpg",
    "annotations": [
        {
            "category": "全熟桃子",
            "bbox": [
                309.0,
                643.0,
                146.0,
                104.0
            ],
            "caption": "如果发现采摘下来的半熟桃子中有特别适合加工的个体，可以考虑开发相关的衍生产品。\n在采摘半熟桃子时，请确保所有采摘工具都已消毒。\n遇到一些几乎快要脱落的未熟绿色桃子，这可能意味着它们已经到了最佳采摘期；但对于那些依然牢固地挂在枝上的未熟绿色桃子，可能还需要一点时间。\n检查每个未熟绿色桃子的颜色、质地和气味，这些都是判断其是否成熟的良好指标；对于那些不确定的未熟绿色桃子，可以稍后再做决定。"
        },
        {
            "category": "全熟桃子",
            "bbox": [
                551.0,
                317.0,
                150.0,
                129.0
            ],
            "caption": "如果发现采摘下来的半熟桃子中有特别适合加工的个体，可以考虑开发相关的衍生产品。\n在采摘半熟桃子时，请确保所有采摘工具都已消毒。\n遇到一些几乎快要脱落的未熟绿色桃子，这可能意味着它们已经到了最佳采摘期；但对于那些依然牢固地挂在枝上的未熟绿色桃子，可能还需要一点时间。\n检查每个未熟绿色桃子的颜色、质地和气味，这些都是判断其是否成熟的良好指标；对于那些不确定的未熟绿色桃子，可以稍后再做决定。"
        },
        {
            "category": "半熟桃子",
            "bbox": [
                527.0,
                335.99999999999994,
                51.0,
                88.0
            ],
            "caption": "如果发现采摘下来的半熟桃子中有特别适合加工的个体，可以考虑开发相关的衍生产品。\n在采摘半熟桃子时，请确保所有采摘工具都已消毒。\n遇到一些几乎快要脱落的未熟绿色桃子，这可能意味着它们已经到了最佳采摘期；但对于那些依然牢固地挂在枝上的未熟绿色桃子，可能还需要一点时间。\n检查每个未熟绿色桃子的颜色、质地和气味，这些都是判断其是否成熟的良好指标；对于那些不确定的未熟绿色桃子，可以稍后再做决定。"
        },
        {
            "category": "半熟桃子",
            "bbox": [
                638.0,
                258.0,
                130.0,
                117.0
            ],
            "caption": "如果发现采摘下来的半熟桃子中有特别适合加工的个体，可以考虑开发相关的衍生产品。\n在采摘半熟桃子时，请确保所有采摘工具都已消毒。\n遇到一些几乎快要脱落的未熟绿色桃子，这可能意味着它们已经到了最佳采摘期；但对于那些依然牢固地挂在枝上的未熟绿色桃子，可能还需要一点时间。\n检查每个未熟绿色桃子的颜色、质地和气味，这些都是判断其是否成熟的良好指标；对于那些不确定的未熟绿色桃子，可以稍后再做决定。"
        }
    ]
}