{
    "image_id": "07_0605_165349.jpg",
    "annotations": [
        {
            "category": "半熟桃子",
            "bbox": [
                583.0,
                299.0,
                270.0,
                299.0
            ],
            "caption": "如果发现某些未熟绿色桃子的颜色特别鲜艳，可能是由于光照充足，这类果实往往口感更好。\n请仔细检查每一棵桃树，仅选择那些颜色达到最佳状态、表皮光滑且无瑕疵的未熟绿色桃子进行采摘。"
        },
        {
            "category": "半熟桃子",
            "bbox": [
                336.0,
                261.0,
                254.0,
                256.0
            ],
            "caption": "如果发现某些未熟绿色桃子的颜色特别鲜艳，可能是由于光照充足，这类果实往往口感更好。\n请仔细检查每一棵桃树，仅选择那些颜色达到最佳状态、表皮光滑且无瑕疵的未熟绿色桃子进行采摘。"
        }
    ]
}