{
    "image_id": "07_0503_144406.jpg",
    "annotations": [
        {
            "category": "半熟桃子",
            "bbox": [
                378.0,
                158.99999999999997,
                440.0,
                343.0
            ],
            "caption": "如果天气预报显示即将有恶劣天气，请尽快采摘所有已经成熟的未熟绿色桃子，以防止它们受到损害；对于那些还未成熟的未熟绿色桃子，可以用防护措施保护起来。\n如果未熟绿色桃子的颜色和质地都表明它已经成熟，那么就可以放心地采摘了。"
        },
        {
            "category": "半熟桃子",
            "bbox": [
                946.0,
                332.0,
                77.0,
                269.0
            ],
            "caption": "如果天气预报显示即将有恶劣天气，请尽快采摘所有已经成熟的未熟绿色桃子，以防止它们受到损害；对于那些还未成熟的未熟绿色桃子，可以用防护措施保护起来。\n如果未熟绿色桃子的颜色和质地都表明它已经成熟，那么就可以放心地采摘了。"
        }
    ]
}