{
    "image_id": "07_0611_160449.jpg",
    "annotations": [
        {
            "category": "全熟桃子",
            "bbox": [
                442.0,
                495.0,
                195.0,
                205.0
            ],
            "caption": "如果发现有新的栽培技术或管理经验，可以尝试应用到实际工作中，提高半熟桃子的产量和质量。\n当半熟桃子的颜色变化均匀一致时，意味着它已经达到了理想的成熟度。\n在采摘半熟桃子时，请小心不要折断树枝，以免影响未来的生长。"
        },
        {
            "category": "全熟桃子",
            "bbox": [
                621.0,
                401.9999999999999,
                161.0,
                167.0000000000001
            ],
            "caption": "如果发现有新的栽培技术或管理经验，可以尝试应用到实际工作中，提高半熟桃子的产量和质量。\n当半熟桃子的颜色变化均匀一致时，意味着它已经达到了理想的成熟度。\n在采摘半熟桃子时，请小心不要折断树枝，以免影响未来的生长。"
        },
        {
            "category": "全熟桃子",
            "bbox": [
                605.0,
                166.99999999999997,
                166.0,
                162.00000000000003
            ],
            "caption": "如果发现有新的栽培技术或管理经验，可以尝试应用到实际工作中，提高半熟桃子的产量和质量。\n当半熟桃子的颜色变化均匀一致时，意味着它已经达到了理想的成熟度。\n在采摘半熟桃子时，请小心不要折断树枝，以免影响未来的生长。"
        }
    ]
}