{
    "images": [
        {
            "id": 1,
            "file_name": "\u65b0\u7c7b\u522b_182.jpg",
            "width": 550,
            "height": 355
        },
        {
            "id": 2,
            "file_name": "\u65b0\u7c7b\u522b_189.jpg",
            "width": 700,
            "height": 486
        },
        {
            "id": 3,
            "file_name": "\u65b0\u7c7b\u522b_196.jpg",
            "width": 640,
            "height": 444
        },
        {
            "id": 4,
            "file_name": "\u65b0\u7c7b\u522b_239.jpg",
            "width": 240,
            "height": 320
        },
        {
            "id": 5,
            "file_name": "\u65b0\u7c7b\u522b_254.jpg",
            "width": 690,
            "height": 518
        },
        {
            "id": 6,
            "file_name": "\u65b0\u7c7b\u522b_278.jpg",
            "width": 670,
            "height": 444
        },
        {
            "id": 7,
            "file_name": "\u65b0\u7c7b\u522b_313.jpg",
            "width": 690,
            "height": 518
        },
        {
            "id": 8,
            "file_name": "\u65b0\u7c7b\u522b_319.jpg",
            "width": 1200,
            "height": 803
        },
        {
            "id": 9,
            "file_name": "\u65b0\u7c7b\u522b_347.jpg",
            "width": 1000,
            "height": 976
        },
        {
            "id": 10,
            "file_name": "\u65b0\u7c7b\u522b_355.jpg",
            "width": 965,
            "height": 1000
        },
        {
            "id": 11,
            "file_name": "\u65b0\u7c7b\u522b_356.jpg",
            "width": 1280,
            "height": 800
        },
        {
            "id": 12,
            "file_name": "\u65b0\u7c7b\u522b_357.jpg",
            "width": 1024,
            "height": 768
        },
        {
            "id": 13,
            "file_name": "\u65b0\u7c7b\u522b_358.jpg",
            "width": 1024,
            "height": 680
        },
        {
            "id": 14,
            "file_name": "\u65b0\u7c7b\u522b_362.jpg",
            "width": 600,
            "height": 400
        },
        {
            "id": 15,
            "file_name": "\u65b0\u7c7b\u522b_364.jpg",
            "width": 1080,
            "height": 608
        },
        {
            "id": 16,
            "file_name": "\u65b0\u7c7b\u522b_365.jpg",
            "width": 3550,
            "height": 2020
        },
        {
            "id": 17,
            "file_name": "\u65b0\u7c7b\u522b_366.jpg",
            "width": 900,
            "height": 600
        },
        {
            "id": 18,
            "file_name": "\u65b0\u7c7b\u522b_378.jpg",
            "width": 1024,
            "height": 682
        },
        {
            "id": 19,
            "file_name": "\u65b0\u7c7b\u522b_380.jpg",
            "width": 480,
            "height": 360
        },
        {
            "id": 20,
            "file_name": "\u65b0\u7c7b\u522b_383.jpg",
            "width": 718,
            "height": 486
        },
        {
            "id": 21,
            "file_name": "\u65b0\u7c7b\u522b_398.jpg",
            "width": 1088,
            "height": 816
        },
        {
            "id": 22,
            "file_name": "\u65b0\u7c7b\u522b_405.jpg",
            "width": 1024,
            "height": 683
        },
        {
            "id": 23,
            "file_name": "\u65b0\u7c7b\u522b_407.jpg",
            "width": 730,
            "height": 490
        },
        {
            "id": 24,
            "file_name": "\u65b0\u7c7b\u522b_409.jpg",
            "width": 800,
            "height": 700
        },
        {
            "id": 25,
            "file_name": "\u65b0\u7c7b\u522b_428.jpg",
            "width": 600,
            "height": 450
        },
        {
            "id": 26,
            "file_name": "\u65b0\u7c7b\u522b_429.jpg",
            "width": 640,
            "height": 458
        },
        {
            "id": 27,
            "file_name": "\u65b0\u7c7b\u522b_433.jpg",
            "width": 400,
            "height": 300
        },
        {
            "id": 28,
            "file_name": "\u65b0\u7c7b\u522b_434.jpg",
            "width": 1093,
            "height": 792
        },
        {
            "id": 29,
            "file_name": "\u65b0\u7c7b\u522b_435.jpg",
            "width": 1024,
            "height": 683
        },
        {
            "id": 30,
            "file_name": "\u65b0\u7c7b\u522b_561.jpg",
            "width": 500,
            "height": 400
        },
        {
            "id": 31,
            "file_name": "\u65b0\u7c7b\u522b_570.jpg",
            "width": 800,
            "height": 1066
        },
        {
            "id": 32,
            "file_name": "\u65b0\u7c7b\u522b_577.jpg",
            "width": 1000,
            "height": 750
        },
        {
            "id": 33,
            "file_name": "\u65b0\u7c7b\u522b_58.jpg",
            "width": 800,
            "height": 800
        },
        {
            "id": 34,
            "file_name": "\u65b0\u7c7b\u522b_581.jpg",
            "width": 900,
            "height": 602
        },
        {
            "id": 35,
            "file_name": "\u65b0\u7c7b\u522b_586.jpg",
            "width": 600,
            "height": 450
        },
        {
            "id": 36,
            "file_name": "\u65b0\u7c7b\u522b_606.jpg",
            "width": 792,
            "height": 534
        },
        {
            "id": 37,
            "file_name": "\u65b0\u7c7b\u522b_609.jpg",
            "width": 500,
            "height": 375
        },
        {
            "id": 38,
            "file_name": "\u65b0\u7c7b\u522b_61.jpg",
            "width": 754,
            "height": 533
        },
        {
            "id": 39,
            "file_name": "\u65b0\u7c7b\u522b_620.jpg",
            "width": 500,
            "height": 352
        },
        {
            "id": 40,
            "file_name": "\u65b0\u7c7b\u522b_63.jpg",
            "width": 290,
            "height": 290
        },
        {
            "id": 41,
            "file_name": "\u65b0\u7c7b\u522b_633.jpg",
            "width": 531,
            "height": 459
        },
        {
            "id": 42,
            "file_name": "\u65b0\u7c7b\u522b_641.jpg",
            "width": 300,
            "height": 225
        },
        {
            "id": 43,
            "file_name": "\u65b0\u7c7b\u522b_642.jpg",
            "width": 300,
            "height": 286
        },
        {
            "id": 44,
            "file_name": "\u65b0\u7c7b\u522b_658.jpg",
            "width": 2048,
            "height": 1536
        },
        {
            "id": 45,
            "file_name": "\u65b0\u7c7b\u522b_659.jpg",
            "width": 800,
            "height": 600
        },
        {
            "id": 46,
            "file_name": "\u65b0\u7c7b\u522b_667.jpg",
            "width": 450,
            "height": 300
        },
        {
            "id": 47,
            "file_name": "\u65b0\u7c7b\u522b_670.jpg",
            "width": 750,
            "height": 563
        },
        {
            "id": 48,
            "file_name": "\u65b0\u7c7b\u522b_69.jpg",
            "width": 281,
            "height": 300
        },
        {
            "id": 49,
            "file_name": "\u65b0\u7c7b\u522b_74.jpg",
            "width": 1024,
            "height": 726
        },
        {
            "id": 50,
            "file_name": "\u65b0\u7c7b\u522b_76.jpg",
            "width": 500,
            "height": 500
        },
        {
            "id": 51,
            "file_name": "\u65b0\u7c7b\u522b_80.jpg",
            "width": 480,
            "height": 321
        },
        {
            "id": 52,
            "file_name": "\u65b0\u7c7b\u522b_81.jpg",
            "width": 900,
            "height": 600
        },
        {
            "id": 53,
            "file_name": "\u65b0\u7c7b\u522b_fresh_tomato35_jpg.rf.a82f065662d2e931f117b30d6be48b76.jpg",
            "width": 640,
            "height": 640
        },
        {
            "id": 54,
            "file_name": "\u65b0\u7c7b\u522b_fresh_tomato48_jpg.rf.2a7e987171db27ea3ca905b9880ee9fa.jpg",
            "width": 640,
            "height": 640
        },
        {
            "id": 55,
            "file_name": "\u65b0\u7c7b\u522b_orange_21_jpg.rf.491db3a1a91906df0fb13ddf0152b900.jpg",
            "width": 640,
            "height": 640
        },
        {
            "id": 56,
            "file_name": "\u65b0\u7c7b\u522b_orange_27_jpg.rf.ec9626413092beda9a0598022d142ffd.jpg",
            "width": 640,
            "height": 640
        },
        {
            "id": 57,
            "file_name": "\u65b0\u7c7b\u522b_orange_34_jpg.rf.666d065e8ae81b3c6e2ec0696d00a258.jpg",
            "width": 640,
            "height": 640
        },
        {
            "id": 58,
            "file_name": "\u65b0\u7c7b\u522b_orange_40_jpg.rf.35ed56805030338d47f55107a1feb11a.jpg",
            "width": 640,
            "height": 640
        },
        {
            "id": 59,
            "file_name": "\u65b0\u7c7b\u522b_orange_44_jpg.rf.9f6c3b6399bfe00c916712e658c0c206.jpg",
            "width": 640,
            "height": 640
        },
        {
            "id": 60,
            "file_name": "\u65b0\u7c7b\u522b_orange_52_jpg.rf.a857c783c1249c1cf316ebd87b9eb4e5.jpg",
            "width": 640,
            "height": 640
        },
        {
            "id": 61,
            "file_name": "\u65b0\u7c7b\u522b_orange_55_jpg.rf.beb0689bbbe3694cb297b9c9117db62d.jpg",
            "width": 640,
            "height": 640
        },
        {
            "id": 62,
            "file_name": "\u65b0\u7c7b\u522b_orange_57_jpg.rf.7dea74e64be6d4dac2465724a03ab13b.jpg",
            "width": 640,
            "height": 640
        },
        {
            "id": 63,
            "file_name": "\u65b0\u7c7b\u522b_orange_7_jpg.rf.0ae451901f6773613d484cf874be9491.jpg",
            "width": 640,
            "height": 640
        }
    ],
    "annotations": [],
    "categories": [
        {
            "id": "\u7ea2\u82f9\u679c",
            "name": 1
        },
        {
            "id": "\u534a\u719f\u82f9\u679c",
            "name": 2
        },
        {
            "id": "\u9752\u82f9\u679c",
            "name": 3
        },
        {
            "id": "\u5168\u719f\u9999\u8549",
            "name": 4
        },
        {
            "id": "\u534a\u719f\u9999\u8549",
            "name": 5
        },
        {
            "id": "\u9752\u9999\u8549",
            "name": 6
        },
        {
            "id": "\u5de8\u5cf0\u8461\u8404",
            "name": 7
        },
        {
            "id": "\u7d2b\u8461\u8404",
            "name": 8
        },
        {
            "id": "\u9752\u8461\u8404\u672a\u719f",
            "name": 9
        },
        {
            "id": "\u5168\u719f\u8349\u8393",
            "name": 10
        },
        {
            "id": "\u534a\u719f\u8349\u8393",
            "name": 11
        },
        {
            "id": "\u9752\u8349\u8393",
            "name": 12
        },
        {
            "id": "\u719f\u67ff\u5b50",
            "name": 13
        },
        {
            "id": "\u534a\u719f\u67ff\u5b50",
            "name": 14
        },
        {
            "id": "\u9752\u67ff\u5b50",
            "name": 15
        },
        {
            "id": "\u5168\u719f\u6843\u5b50",
            "name": 16
        },
        {
            "id": "\u534a\u719f\u6843\u5b50",
            "name": 17
        },
        {
            "id": "\u672a\u719f\u7eff\u8272\u6843\u5b50",
            "name": 18
        },
        {
            "id": "\u5168\u719f\u767e\u9999\u679c",
            "name": 19
        },
        {
            "id": "\u534a\u719f\u767e\u9999\u679c",
            "name": 20
        },
        {
            "id": "\u672a\u719f\u767e\u9999\u679c",
            "name": 21
        },
        {
            "id": "\u674f",
            "name": 22
        },
        {
            "id": "\u8354\u679d",
            "name": 23
        },
        {
            "id": "\u67e0\u6aac",
            "name": 24
        },
        {
            "id": "\u68a8",
            "name": 25
        },
        {
            "id": "\u897f\u7ea2\u67ff",
            "name": 26
        },
        {
            "id": "\u8292\u679c",
            "name": 27
        }
    ]
}