{
    "images": [
        {
            "id": 1,
            "file_name": "\u91cd\u5ea6\u906e\u6321_01_0530_154240.jpg",
            "width": 1024,
            "height": 768
        },
        {
            "id": 2,
            "file_name": "\u91cd\u5ea6\u906e\u6321_01_0605_162656.jpg",
            "width": 1024,
            "height": 768
        },
        {
            "id": 3,
            "file_name": "\u91cd\u5ea6\u906e\u6321_02_0501_151919.jpg",
            "width": 1024,
            "height": 768
        },
        {
            "id": 4,
            "file_name": "\u91cd\u5ea6\u906e\u6321_02_0501_153641.jpg",
            "width": 1024,
            "height": 768
        },
        {
            "id": 5,
            "file_name": "\u91cd\u5ea6\u906e\u6321_04_0501_161431.jpg",
            "width": 1024,
            "height": 768
        },
        {
            "id": 6,
            "file_name": "\u91cd\u5ea6\u906e\u6321_04_0501_161736.jpg",
            "width": 1024,
            "height": 768
        },
        {
            "id": 7,
            "file_name": "\u91cd\u5ea6\u906e\u6321_04_0501_161801.jpg",
            "width": 1024,
            "height": 768
        },
        {
            "id": 8,
            "file_name": "\u91cd\u5ea6\u906e\u6321_06_0503_154936.jpg",
            "width": 1024,
            "height": 768
        },
        {
            "id": 9,
            "file_name": "\u91cd\u5ea6\u906e\u6321_07_0503_144226.jpg",
            "width": 1024,
            "height": 768
        },
        {
            "id": 10,
            "file_name": "\u91cd\u5ea6\u906e\u6321_08_0605_171815.jpg",
            "width": 1024,
            "height": 768
        },
        {
            "id": 11,
            "file_name": "\u91cd\u5ea6\u906e\u6321_09_0605_161104.jpg",
            "width": 1024,
            "height": 768
        }
    ],
    "annotations": [],
    "categories": [
        {
            "id": "\u7ea2\u82f9\u679c",
            "name": 1
        },
        {
            "id": "\u534a\u719f\u82f9\u679c",
            "name": 2
        },
        {
            "id": "\u9752\u82f9\u679c",
            "name": 3
        },
        {
            "id": "\u5168\u719f\u9999\u8549",
            "name": 4
        },
        {
            "id": "\u534a\u719f\u9999\u8549",
            "name": 5
        },
        {
            "id": "\u9752\u9999\u8549",
            "name": 6
        },
        {
            "id": "\u5de8\u5cf0\u8461\u8404",
            "name": 7
        },
        {
            "id": "\u7d2b\u8461\u8404",
            "name": 8
        },
        {
            "id": "\u9752\u8461\u8404\u672a\u719f",
            "name": 9
        },
        {
            "id": "\u5168\u719f\u8349\u8393",
            "name": 10
        },
        {
            "id": "\u534a\u719f\u8349\u8393",
            "name": 11
        },
        {
            "id": "\u9752\u8349\u8393",
            "name": 12
        },
        {
            "id": "\u719f\u67ff\u5b50",
            "name": 13
        },
        {
            "id": "\u534a\u719f\u67ff\u5b50",
            "name": 14
        },
        {
            "id": "\u9752\u67ff\u5b50",
            "name": 15
        },
        {
            "id": "\u5168\u719f\u6843\u5b50",
            "name": 16
        },
        {
            "id": "\u534a\u719f\u6843\u5b50",
            "name": 17
        },
        {
            "id": "\u672a\u719f\u7eff\u8272\u6843\u5b50",
            "name": 18
        },
        {
            "id": "\u5168\u719f\u767e\u9999\u679c",
            "name": 19
        },
        {
            "id": "\u534a\u719f\u767e\u9999\u679c",
            "name": 20
        },
        {
            "id": "\u672a\u719f\u767e\u9999\u679c",
            "name": 21
        },
        {
            "id": "\u674f",
            "name": 22
        },
        {
            "id": "\u8354\u679d",
            "name": 23
        },
        {
            "id": "\u67e0\u6aac",
            "name": 24
        },
        {
            "id": "\u68a8",
            "name": 25
        },
        {
            "id": "\u897f\u7ea2\u67ff",
            "name": 26
        },
        {
            "id": "\u8292\u679c",
            "name": 27
        }
    ]
}