{
    "image_id": "01_0605_163751.jpg",
    "annotations": [
        {
            "category": "半熟桃子",
            "bbox": [
                547.0,
                313.0,
                227.0,
                182.0
            ],
            "caption": "在采摘未熟绿色桃子时，确保每次采摘的数量适中，不要一次性摘得太多。\n在采摘半熟桃子时，尽量避免过度劳累，以保持高效的工作状态。\n在采摘半熟桃子时，请确保每次采摘后的果实都被迅速运往冷藏设施。"
        },
        {
            "category": "全熟桃子",
            "bbox": [
                583.0,
                167.0,
                312.0,
                292.99999999999994
            ],
            "caption": "在采摘未熟绿色桃子时，确保每次采摘的数量适中，不要一次性摘得太多。\n在采摘半熟桃子时，尽量避免过度劳累，以保持高效的工作状态。\n在采摘半熟桃子时，请确保每次采摘后的果实都被迅速运往冷藏设施。"
        },
        {
            "category": "全熟桃子",
            "bbox": [
                393.0,
                402.99999999999994,
                277.0,
                261.00000000000006
            ],
            "caption": "在采摘未熟绿色桃子时，确保每次采摘的数量适中，不要一次性摘得太多。\n在采摘半熟桃子时，尽量避免过度劳累，以保持高效的工作状态。\n在采摘半熟桃子时，请确保每次采摘后的果实都被迅速运往冷藏设施。"
        }
    ]
}