{
    "image_id": "01_0611_163037.jpg",
    "annotations": [
        {
            "category": "青柿子",
            "bbox": [
                425.0,
                447.99999999999994,
                386.0,
                318.00000000000006
            ],
            "caption": "如果发现采摘下来的全熟桃子中有次品，应单独放置，以便后续处理或加工利用。\n当您发现全熟桃子的颜色和质地都达到了理想状态时，就可以准备采摘了。\n避免在强风或雨天采摘全熟桃子，以免影响果实品质。\n当您发现全熟桃子的颜色和质地都符合预期时，就可以准备采摘了。\n对于那些颜色已经开始转变的全熟桃子，可以在早晨或傍晚时段进行采摘。\n采摘全熟桃子时，尽量让果实连着一小段枝条一起摘下，有助于保持新鲜。"
        },
        {
            "category": "青柿子",
            "bbox": [
                762.0,
                0.0,
                260.0,
                136.0
            ],
            "caption": "如果发现采摘下来的全熟桃子中有次品，应单独放置，以便后续处理或加工利用。\n当您发现全熟桃子的颜色和质地都达到了理想状态时，就可以准备采摘了。\n避免在强风或雨天采摘全熟桃子，以免影响果实品质。\n当您发现全熟桃子的颜色和质地都符合预期时，就可以准备采摘了。\n对于那些颜色已经开始转变的全熟桃子，可以在早晨或傍晚时段进行采摘。\n采摘全熟桃子时，尽量让果实连着一小段枝条一起摘下，有助于保持新鲜。"
        },
        {
            "category": "青柿子",
            "bbox": [
                546.0,
                104.00000000000001,
                444.0,
                394.0
            ],
            "caption": "如果发现采摘下来的全熟桃子中有次品，应单独放置，以便后续处理或加工利用。\n当您发现全熟桃子的颜色和质地都达到了理想状态时，就可以准备采摘了。\n避免在强风或雨天采摘全熟桃子，以免影响果实品质。\n当您发现全熟桃子的颜色和质地都符合预期时，就可以准备采摘了。\n对于那些颜色已经开始转变的全熟桃子，可以在早晨或傍晚时段进行采摘。\n采摘全熟桃子时，尽量让果实连着一小段枝条一起摘下，有助于保持新鲜。"
        },
        {
            "category": "青柿子",
            "bbox": [
                3.0,
                219.99999999999994,
                491.0,
                486.00000000000006
            ],
            "caption": "如果发现采摘下来的全熟桃子中有次品，应单独放置，以便后续处理或加工利用。\n当您发现全熟桃子的颜色和质地都达到了理想状态时，就可以准备采摘了。\n避免在强风或雨天采摘全熟桃子，以免影响果实品质。\n当您发现全熟桃子的颜色和质地都符合预期时，就可以准备采摘了。\n对于那些颜色已经开始转变的全熟桃子，可以在早晨或傍晚时段进行采摘。\n采摘全熟桃子时，尽量让果实连着一小段枝条一起摘下，有助于保持新鲜。"
        },
        {
            "category": "青柿子",
            "bbox": [
                456.0,
                0.0,
                286.0,
                111.0
            ],
            "caption": "如果发现采摘下来的全熟桃子中有次品，应单独放置，以便后续处理或加工利用。\n当您发现全熟桃子的颜色和质地都达到了理想状态时，就可以准备采摘了。\n避免在强风或雨天采摘全熟桃子，以免影响果实品质。\n当您发现全熟桃子的颜色和质地都符合预期时，就可以准备采摘了。\n对于那些颜色已经开始转变的全熟桃子，可以在早晨或傍晚时段进行采摘。\n采摘全熟桃子时，尽量让果实连着一小段枝条一起摘下，有助于保持新鲜。"
        },
        {
            "category": "青柿子",
            "bbox": [
                305.0,
                98.0,
                134.0,
                101.99999999999997
            ],
            "caption": "如果发现采摘下来的全熟桃子中有次品，应单独放置，以便后续处理或加工利用。\n当您发现全熟桃子的颜色和质地都达到了理想状态时，就可以准备采摘了。\n避免在强风或雨天采摘全熟桃子，以免影响果实品质。\n当您发现全熟桃子的颜色和质地都符合预期时，就可以准备采摘了。\n对于那些颜色已经开始转变的全熟桃子，可以在早晨或傍晚时段进行采摘。\n采摘全熟桃子时，尽量让果实连着一小段枝条一起摘下，有助于保持新鲜。"
        }
    ]
}