{
    "image_id": "01_0611_162941.jpg",
    "annotations": [
        {
            "category": "青柿子",
            "bbox": [
                956.0,
                324.0,
                66.0,
                250.0
            ],
            "caption": "如果全熟桃子的颜色和质地都表明它已经成熟，那么就可以放心地采摘了。\n在采摘全熟桃子时，确保每次采摘的数量适中，不要一次性摘得太多。\n在采摘全熟桃子时，尽量避免过度劳累，以保持高效的工作状态。"
        },
        {
            "category": "青柿子",
            "bbox": [
                397.0,
                309.0,
                350.0,
                340.0
            ],
            "caption": "如果全熟桃子的颜色和质地都表明它已经成熟，那么就可以放心地采摘了。\n在采摘全熟桃子时，确保每次采摘的数量适中，不要一次性摘得太多。\n在采摘全熟桃子时，尽量避免过度劳累，以保持高效的工作状态。"
        },
        {
            "category": "青柿子",
            "bbox": [
                670.0,
                257.0,
                282.0,
                278.0
            ],
            "caption": "如果全熟桃子的颜色和质地都表明它已经成熟，那么就可以放心地采摘了。\n在采摘全熟桃子时，确保每次采摘的数量适中，不要一次性摘得太多。\n在采摘全熟桃子时，尽量避免过度劳累，以保持高效的工作状态。"
        }
    ]
}