{
    "image_id": "01_0501_163856.jpg",
    "annotations": [
        {
            "category": "半熟桃子",
            "bbox": [
                489.0,
                207.0,
                258.0,
                234.99999999999994
            ],
            "caption": "在采摘未熟绿色桃子时，请确保所有采摘下的果实都没有受到任何损害。\n当您发现未熟绿色桃子的颜色和香气都达到了顶峰时，这就是采摘的最佳时机。"
        },
        {
            "category": "半熟桃子",
            "bbox": [
                162.0,
                0.0,
                289.0,
                99.99999999999999
            ],
            "caption": "在采摘未熟绿色桃子时，请确保所有采摘下的果实都没有受到任何损害。\n当您发现未熟绿色桃子的颜色和香气都达到了顶峰时，这就是采摘的最佳时机。"
        }
    ]
}