{
    "image_id": "01_0501_165038.jpg",
    "annotations": [
        {
            "category": "全熟桃子",
            "bbox": [
                321.0,
                320.0,
                152.0,
                140.0
            ],
            "caption": "对于那些颜色已经开始变化但还未完全成熟的半熟桃子，可以稍微延迟采摘。\n当您发现未熟绿色桃子的颜色和质地都达到了理想状态时，就可以准备采摘了。\n在采摘时，尽量保持双手干净，避免将污垢或细菌带到半熟桃子上；这对于维持采摘后的保鲜非常重要。\n对于那些颜色和质地都表现出成熟特征的未熟绿色桃子，可以优先考虑用于制作干果。\n避免在强风或雨天采摘半熟桃子，以免影响果实品质。\n对于那些颜色和质地都表现出成熟特征的未熟绿色桃子，可以优先考虑用于加工产品。"
        },
        {
            "category": "半熟桃子",
            "bbox": [
                523.0,
                590.0,
                116.0,
                114.99999999999989
            ],
            "caption": "对于那些颜色已经开始变化但还未完全成熟的半熟桃子，可以稍微延迟采摘。\n当您发现未熟绿色桃子的颜色和质地都达到了理想状态时，就可以准备采摘了。\n在采摘时，尽量保持双手干净，避免将污垢或细菌带到半熟桃子上；这对于维持采摘后的保鲜非常重要。\n对于那些颜色和质地都表现出成熟特征的未熟绿色桃子，可以优先考虑用于制作干果。\n避免在强风或雨天采摘半熟桃子，以免影响果实品质。\n对于那些颜色和质地都表现出成熟特征的未熟绿色桃子，可以优先考虑用于加工产品。"
        },
        {
            "category": "全熟桃子",
            "bbox": [
                437.0,
                63.0,
                165.0,
                159.0
            ],
            "caption": "对于那些颜色已经开始变化但还未完全成熟的半熟桃子，可以稍微延迟采摘。\n当您发现未熟绿色桃子的颜色和质地都达到了理想状态时，就可以准备采摘了。\n在采摘时，尽量保持双手干净，避免将污垢或细菌带到半熟桃子上；这对于维持采摘后的保鲜非常重要。\n对于那些颜色和质地都表现出成熟特征的未熟绿色桃子，可以优先考虑用于制作干果。\n避免在强风或雨天采摘半熟桃子，以免影响果实品质。\n对于那些颜色和质地都表现出成熟特征的未熟绿色桃子，可以优先考虑用于加工产品。"
        },
        {
            "category": "半熟桃子",
            "bbox": [
                384.0,
                378.99999999999994,
                137.0,
                159.00000000000006
            ],
            "caption": "对于那些颜色已经开始变化但还未完全成熟的半熟桃子，可以稍微延迟采摘。\n当您发现未熟绿色桃子的颜色和质地都达到了理想状态时，就可以准备采摘了。\n在采摘时，尽量保持双手干净，避免将污垢或细菌带到半熟桃子上；这对于维持采摘后的保鲜非常重要。\n对于那些颜色和质地都表现出成熟特征的未熟绿色桃子，可以优先考虑用于制作干果。\n避免在强风或雨天采摘半熟桃子，以免影响果实品质。\n对于那些颜色和质地都表现出成熟特征的未熟绿色桃子，可以优先考虑用于加工产品。"
        },
        {
            "category": "全熟桃子",
            "bbox": [
                292.0,
                0.0,
                200.0,
                151.0
            ],
            "caption": "对于那些颜色已经开始变化但还未完全成熟的半熟桃子，可以稍微延迟采摘。\n当您发现未熟绿色桃子的颜色和质地都达到了理想状态时，就可以准备采摘了。\n在采摘时，尽量保持双手干净，避免将污垢或细菌带到半熟桃子上；这对于维持采摘后的保鲜非常重要。\n对于那些颜色和质地都表现出成熟特征的未熟绿色桃子，可以优先考虑用于制作干果。\n避免在强风或雨天采摘半熟桃子，以免影响果实品质。\n对于那些颜色和质地都表现出成熟特征的未熟绿色桃子，可以优先考虑用于加工产品。"
        },
        {
            "category": "半熟桃子",
            "bbox": [
                510.0,
                80.0,
                105.0,
                151.0
            ],
            "caption": "对于那些颜色已经开始变化但还未完全成熟的半熟桃子，可以稍微延迟采摘。\n当您发现未熟绿色桃子的颜色和质地都达到了理想状态时，就可以准备采摘了。\n在采摘时，尽量保持双手干净，避免将污垢或细菌带到半熟桃子上；这对于维持采摘后的保鲜非常重要。\n对于那些颜色和质地都表现出成熟特征的未熟绿色桃子，可以优先考虑用于制作干果。\n避免在强风或雨天采摘半熟桃子，以免影响果实品质。\n对于那些颜色和质地都表现出成熟特征的未熟绿色桃子，可以优先考虑用于加工产品。"
        }
    ]
}