{
    "image_id": "01_0530_154124.jpg",
    "annotations": [
        {
            "category": "全熟桃子",
            "bbox": [
                545.0,
                175.0,
                282.0,
                310.0
            ],
            "caption": "对于那些颜色和质地都表现出成熟特征的半熟桃子，可以优先考虑用于出口。\n对于那些生长在树枝末端的未熟绿色桃子，务必小心不要折断树枝。\n对于那些颜色和质地都表现出成熟特征的未熟绿色桃子，可以优先考虑用于参加农业展览。"
        },
        {
            "category": "半熟桃子",
            "bbox": [
                767.0,
                528.0,
                117.0,
                183.0
            ],
            "caption": "对于那些颜色和质地都表现出成熟特征的半熟桃子，可以优先考虑用于出口。\n对于那些生长在树枝末端的未熟绿色桃子，务必小心不要折断树枝。\n对于那些颜色和质地都表现出成熟特征的未熟绿色桃子，可以优先考虑用于参加农业展览。"
        },
        {
            "category": "半熟桃子",
            "bbox": [
                39.0,
                406.0,
                222.0,
                187.0
            ],
            "caption": "对于那些颜色和质地都表现出成熟特征的半熟桃子，可以优先考虑用于出口。\n对于那些生长在树枝末端的未熟绿色桃子，务必小心不要折断树枝。\n对于那些颜色和质地都表现出成熟特征的未熟绿色桃子，可以优先考虑用于参加农业展览。"
        }
    ]
}