{
    "image_id": "01_0605_162426.jpg",
    "annotations": [
        {
            "category": "全熟桃子",
            "bbox": [
                457.0,
                195.0,
                370.0,
                371.0
            ],
            "caption": "当发现有部分半熟桃子已经开始泛出诱人的光泽，并且质地变得柔软时，可以立即进行采摘，以保证其新鲜度和口感。\n对于那些颜色已经开始变化但还未完全成熟的半熟桃子，可以稍微延迟采摘。"
        },
        {
            "category": "全熟桃子",
            "bbox": [
                427.0,
                606.0,
                93.0,
                87.0
            ],
            "caption": "当发现有部分半熟桃子已经开始泛出诱人的光泽，并且质地变得柔软时，可以立即进行采摘，以保证其新鲜度和口感。\n对于那些颜色已经开始变化但还未完全成熟的半熟桃子，可以稍微延迟采摘。"
        }
    ]
}