{
    "image_id": "01_0501_164533.jpg",
    "annotations": [
        {
            "category": "半熟桃子",
            "bbox": [
                322.0,
                304.0,
                259.0,
                262.0
            ],
            "caption": "当您注意到未熟绿色桃子的颜色变得非常吸引人时，这是采摘的好时机。\n在采摘未熟绿色桃子之前，确保所有必要的工具都已经准备好并且处于良好状态。\n在采摘未熟绿色桃子之前，确保所有必要的工具都已经准备好并且处于良好状态。"
        },
        {
            "category": "半熟桃子",
            "bbox": [
                553.0,
                69.99999999999999,
                336.0,
                291.0
            ],
            "caption": "当您注意到未熟绿色桃子的颜色变得非常吸引人时，这是采摘的好时机。\n在采摘未熟绿色桃子之前，确保所有必要的工具都已经准备好并且处于良好状态。\n在采摘未熟绿色桃子之前，确保所有必要的工具都已经准备好并且处于良好状态。"
        },
        {
            "category": "半熟桃子",
            "bbox": [
                298.0,
                46.99999999999999,
                252.0,
                262.0
            ],
            "caption": "当您注意到未熟绿色桃子的颜色变得非常吸引人时，这是采摘的好时机。\n在采摘未熟绿色桃子之前，确保所有必要的工具都已经准备好并且处于良好状态。\n在采摘未熟绿色桃子之前，确保所有必要的工具都已经准备好并且处于良好状态。"
        }
    ]
}