{
    "image_id": "01_0501_164525.jpg",
    "annotations": [
        {
            "category": "半熟桃子",
            "bbox": [
                512.0,
                201.0,
                305.0,
                314.0
            ],
            "caption": "当未熟绿色桃子的颜色开始从绿色变为红色时，表示它们已经接近成熟，可以准备采摘了。\n对于那些颜色已经开始变化但还未完全成熟的未熟绿色桃子，可以稍微延迟采摘。\n当发现有部分未熟绿色桃子已经开始变黄但顶端还是绿色的话，现在还不是最佳采摘时机；等到整串未熟绿色桃子都变成金黄色再行动。"
        },
        {
            "category": "半熟桃子",
            "bbox": [
                281.0,
                157.0,
                253.0,
                257.99999999999994
            ],
            "caption": "当未熟绿色桃子的颜色开始从绿色变为红色时，表示它们已经接近成熟，可以准备采摘了。\n对于那些颜色已经开始变化但还未完全成熟的未熟绿色桃子，可以稍微延迟采摘。\n当发现有部分未熟绿色桃子已经开始变黄但顶端还是绿色的话，现在还不是最佳采摘时机；等到整串未熟绿色桃子都变成金黄色再行动。"
        },
        {
            "category": "半熟桃子",
            "bbox": [
                329.0,
                372.0,
                226.0,
                207.0
            ],
            "caption": "当未熟绿色桃子的颜色开始从绿色变为红色时，表示它们已经接近成熟，可以准备采摘了。\n对于那些颜色已经开始变化但还未完全成熟的未熟绿色桃子，可以稍微延迟采摘。\n当发现有部分未熟绿色桃子已经开始变黄但顶端还是绿色的话，现在还不是最佳采摘时机；等到整串未熟绿色桃子都变成金黄色再行动。"
        }
    ]
}