{
    "image_id": "01_0611_162846.jpg",
    "annotations": [
        {
            "category": "青柿子",
            "bbox": [
                443.0,
                366.0,
                279.0,
                289.0
            ],
            "caption": "当您发现全熟桃子的颜色变得非常鲜艳时，说明它已经到了最佳采摘期。\n对于那些颜色和质地都表现出良好特征的全熟桃子，可以优先考虑用于加工。\n在采摘半熟桃子之前，确保所有必要的工具都已经准备好并且处于良好状态。\n对于那些颜色和质地都表现出成熟特征的半熟桃子，可以优先考虑用于制作果冻。\n在采摘全熟桃子时，请确保每个工人负责的区域清晰明确。\n对于那些颜色和质地都表现出成熟特征的全熟桃子，可以优先考虑用于制作果冻。\n对于那些色泽饱满、大小适中且成熟的全熟桃子，可以优先考虑采摘；而忽略那些未完全成熟的小个或颜色浅的全熟桃子。\n在采摘半熟桃子时，请小心不要折断树枝，以免影响未来的生长。"
        },
        {
            "category": "青柿子",
            "bbox": [
                512.0,
                81.99999999999999,
                267.0,
                277.99999999999994
            ],
            "caption": "当您发现全熟桃子的颜色变得非常鲜艳时，说明它已经到了最佳采摘期。\n对于那些颜色和质地都表现出良好特征的全熟桃子，可以优先考虑用于加工。\n在采摘半熟桃子之前，确保所有必要的工具都已经准备好并且处于良好状态。\n对于那些颜色和质地都表现出成熟特征的半熟桃子，可以优先考虑用于制作果冻。\n在采摘全熟桃子时，请确保每个工人负责的区域清晰明确。\n对于那些颜色和质地都表现出成熟特征的全熟桃子，可以优先考虑用于制作果冻。\n对于那些色泽饱满、大小适中且成熟的全熟桃子，可以优先考虑采摘；而忽略那些未完全成熟的小个或颜色浅的全熟桃子。\n在采摘半熟桃子时，请小心不要折断树枝，以免影响未来的生长。"
        },
        {
            "category": "全熟桃子",
            "bbox": [
                754.0,
                492.99999999999994,
                48.0,
                42.00000000000006
            ],
            "caption": "当您发现全熟桃子的颜色变得非常鲜艳时，说明它已经到了最佳采摘期。\n对于那些颜色和质地都表现出良好特征的全熟桃子，可以优先考虑用于加工。\n在采摘半熟桃子之前，确保所有必要的工具都已经准备好并且处于良好状态。\n对于那些颜色和质地都表现出成熟特征的半熟桃子，可以优先考虑用于制作果冻。\n在采摘全熟桃子时，请确保每个工人负责的区域清晰明确。\n对于那些颜色和质地都表现出成熟特征的全熟桃子，可以优先考虑用于制作果冻。\n对于那些色泽饱满、大小适中且成熟的全熟桃子，可以优先考虑采摘；而忽略那些未完全成熟的小个或颜色浅的全熟桃子。\n在采摘半熟桃子时，请小心不要折断树枝，以免影响未来的生长。"
        },
        {
            "category": "全熟桃子",
            "bbox": [
                765.0,
                538.0,
                51.0,
                39.0
            ],
            "caption": "当您发现全熟桃子的颜色变得非常鲜艳时，说明它已经到了最佳采摘期。\n对于那些颜色和质地都表现出良好特征的全熟桃子，可以优先考虑用于加工。\n在采摘半熟桃子之前，确保所有必要的工具都已经准备好并且处于良好状态。\n对于那些颜色和质地都表现出成熟特征的半熟桃子，可以优先考虑用于制作果冻。\n在采摘全熟桃子时，请确保每个工人负责的区域清晰明确。\n对于那些颜色和质地都表现出成熟特征的全熟桃子，可以优先考虑用于制作果冻。\n对于那些色泽饱满、大小适中且成熟的全熟桃子，可以优先考虑采摘；而忽略那些未完全成熟的小个或颜色浅的全熟桃子。\n在采摘半熟桃子时，请小心不要折断树枝，以免影响未来的生长。"
        },
        {
            "category": "青柿子",
            "bbox": [
                821.0,
                548.9999999999999,
                49.0,
                50.000000000000114
            ],
            "caption": "当您发现全熟桃子的颜色变得非常鲜艳时，说明它已经到了最佳采摘期。\n对于那些颜色和质地都表现出良好特征的全熟桃子，可以优先考虑用于加工。\n在采摘半熟桃子之前，确保所有必要的工具都已经准备好并且处于良好状态。\n对于那些颜色和质地都表现出成熟特征的半熟桃子，可以优先考虑用于制作果冻。\n在采摘全熟桃子时，请确保每个工人负责的区域清晰明确。\n对于那些颜色和质地都表现出成熟特征的全熟桃子，可以优先考虑用于制作果冻。\n对于那些色泽饱满、大小适中且成熟的全熟桃子，可以优先考虑采摘；而忽略那些未完全成熟的小个或颜色浅的全熟桃子。\n在采摘半熟桃子时，请小心不要折断树枝，以免影响未来的生长。"
        },
        {
            "category": "青柿子",
            "bbox": [
                799.0,
                599.0,
                37.0,
                51.999999999999886
            ],
            "caption": "当您发现全熟桃子的颜色变得非常鲜艳时，说明它已经到了最佳采摘期。\n对于那些颜色和质地都表现出良好特征的全熟桃子，可以优先考虑用于加工。\n在采摘半熟桃子之前，确保所有必要的工具都已经准备好并且处于良好状态。\n对于那些颜色和质地都表现出成熟特征的半熟桃子，可以优先考虑用于制作果冻。\n在采摘全熟桃子时，请确保每个工人负责的区域清晰明确。\n对于那些颜色和质地都表现出成熟特征的全熟桃子，可以优先考虑用于制作果冻。\n对于那些色泽饱满、大小适中且成熟的全熟桃子，可以优先考虑采摘；而忽略那些未完全成熟的小个或颜色浅的全熟桃子。\n在采摘半熟桃子时，请小心不要折断树枝，以免影响未来的生长。"
        },
        {
            "category": "青柿子",
            "bbox": [
                842.0,
                419.0,
                45.0,
                48.999999999999886
            ],
            "caption": "当您发现全熟桃子的颜色变得非常鲜艳时，说明它已经到了最佳采摘期。\n对于那些颜色和质地都表现出良好特征的全熟桃子，可以优先考虑用于加工。\n在采摘半熟桃子之前，确保所有必要的工具都已经准备好并且处于良好状态。\n对于那些颜色和质地都表现出成熟特征的半熟桃子，可以优先考虑用于制作果冻。\n在采摘全熟桃子时，请确保每个工人负责的区域清晰明确。\n对于那些颜色和质地都表现出成熟特征的全熟桃子，可以优先考虑用于制作果冻。\n对于那些色泽饱满、大小适中且成熟的全熟桃子，可以优先考虑采摘；而忽略那些未完全成熟的小个或颜色浅的全熟桃子。\n在采摘半熟桃子时，请小心不要折断树枝，以免影响未来的生长。"
        },
        {
            "category": "全熟桃子",
            "bbox": [
                735.0,
                365.0,
                40.0,
                38.0
            ],
            "caption": "当您发现全熟桃子的颜色变得非常鲜艳时，说明它已经到了最佳采摘期。\n对于那些颜色和质地都表现出良好特征的全熟桃子，可以优先考虑用于加工。\n在采摘半熟桃子之前，确保所有必要的工具都已经准备好并且处于良好状态。\n对于那些颜色和质地都表现出成熟特征的半熟桃子，可以优先考虑用于制作果冻。\n在采摘全熟桃子时，请确保每个工人负责的区域清晰明确。\n对于那些颜色和质地都表现出成熟特征的全熟桃子，可以优先考虑用于制作果冻。\n对于那些色泽饱满、大小适中且成熟的全熟桃子，可以优先考虑采摘；而忽略那些未完全成熟的小个或颜色浅的全熟桃子。\n在采摘半熟桃子时，请小心不要折断树枝，以免影响未来的生长。"
        }
    ]
}