{
    "image_id": "01_0530_153645.jpg",
    "annotations": [
        {
            "category": "全熟桃子",
            "bbox": [
                803.0,
                266.0,
                213.0,
                279.0
            ],
            "caption": "对于那些颜色已经开始转变的半熟桃子，可以在早晨或傍晚时段进行采摘。\n在采摘半熟桃子时，记得标记好每一批次的采摘日期，方便后续追踪。\n对于那些颜色和质地都表现出成熟特征的半熟桃子，可以优先考虑用于出口。\n在采摘未熟绿色桃子时，尽量避免直接暴露在强烈的阳光下，以保护您的皮肤。\n如果发现采摘下来的半熟桃子中有特别适合加工的个体，可以考虑开发相关的衍生产品。\n清理一下周围环境，移除任何可能妨碍工作的障碍物；这样可以让你更高效地采摘到成熟的未熟绿色桃子。\n如果半熟桃子的颜色已经达到了理想的状态，但质地还不够软，可以多等几天。\n如果发现采摘下来的半熟桃子中有次品，应单独放置，以便后续处理或加工利用。\n对于那些颜色特别鲜艳的半熟桃子，可以优先考虑作为礼品包装出售。\n尽量保持工作节奏稳定，避免因过度劳累而影响采摘质量和效率。"
        },
        {
            "category": "全熟桃子",
            "bbox": [
                564.0,
                114.0,
                207.0,
                239.0
            ],
            "caption": "对于那些颜色已经开始转变的半熟桃子，可以在早晨或傍晚时段进行采摘。\n在采摘半熟桃子时，记得标记好每一批次的采摘日期，方便后续追踪。\n对于那些颜色和质地都表现出成熟特征的半熟桃子，可以优先考虑用于出口。\n在采摘未熟绿色桃子时，尽量避免直接暴露在强烈的阳光下，以保护您的皮肤。\n如果发现采摘下来的半熟桃子中有特别适合加工的个体，可以考虑开发相关的衍生产品。\n清理一下周围环境，移除任何可能妨碍工作的障碍物；这样可以让你更高效地采摘到成熟的未熟绿色桃子。\n如果半熟桃子的颜色已经达到了理想的状态，但质地还不够软，可以多等几天。\n如果发现采摘下来的半熟桃子中有次品，应单独放置，以便后续处理或加工利用。\n对于那些颜色特别鲜艳的半熟桃子，可以优先考虑作为礼品包装出售。\n尽量保持工作节奏稳定，避免因过度劳累而影响采摘质量和效率。"
        },
        {
            "category": "全熟桃子",
            "bbox": [
                411.0,
                92.0,
                100.0,
                152.99999999999997
            ],
            "caption": "对于那些颜色已经开始转变的半熟桃子，可以在早晨或傍晚时段进行采摘。\n在采摘半熟桃子时，记得标记好每一批次的采摘日期，方便后续追踪。\n对于那些颜色和质地都表现出成熟特征的半熟桃子，可以优先考虑用于出口。\n在采摘未熟绿色桃子时，尽量避免直接暴露在强烈的阳光下，以保护您的皮肤。\n如果发现采摘下来的半熟桃子中有特别适合加工的个体，可以考虑开发相关的衍生产品。\n清理一下周围环境，移除任何可能妨碍工作的障碍物；这样可以让你更高效地采摘到成熟的未熟绿色桃子。\n如果半熟桃子的颜色已经达到了理想的状态，但质地还不够软，可以多等几天。\n如果发现采摘下来的半熟桃子中有次品，应单独放置，以便后续处理或加工利用。\n对于那些颜色特别鲜艳的半熟桃子，可以优先考虑作为礼品包装出售。\n尽量保持工作节奏稳定，避免因过度劳累而影响采摘质量和效率。"
        },
        {
            "category": "半熟桃子",
            "bbox": [
                288.0,
                488.9999999999999,
                227.0,
                146.0000000000001
            ],
            "caption": "对于那些颜色已经开始转变的半熟桃子，可以在早晨或傍晚时段进行采摘。\n在采摘半熟桃子时，记得标记好每一批次的采摘日期，方便后续追踪。\n对于那些颜色和质地都表现出成熟特征的半熟桃子，可以优先考虑用于出口。\n在采摘未熟绿色桃子时，尽量避免直接暴露在强烈的阳光下，以保护您的皮肤。\n如果发现采摘下来的半熟桃子中有特别适合加工的个体，可以考虑开发相关的衍生产品。\n清理一下周围环境，移除任何可能妨碍工作的障碍物；这样可以让你更高效地采摘到成熟的未熟绿色桃子。\n如果半熟桃子的颜色已经达到了理想的状态，但质地还不够软，可以多等几天。\n如果发现采摘下来的半熟桃子中有次品，应单独放置，以便后续处理或加工利用。\n对于那些颜色特别鲜艳的半熟桃子，可以优先考虑作为礼品包装出售。\n尽量保持工作节奏稳定，避免因过度劳累而影响采摘质量和效率。"
        },
        {
            "category": "全熟桃子",
            "bbox": [
                0.0,
                36.0,
                109.0,
                168.0
            ],
            "caption": "对于那些颜色已经开始转变的半熟桃子，可以在早晨或傍晚时段进行采摘。\n在采摘半熟桃子时，记得标记好每一批次的采摘日期，方便后续追踪。\n对于那些颜色和质地都表现出成熟特征的半熟桃子，可以优先考虑用于出口。\n在采摘未熟绿色桃子时，尽量避免直接暴露在强烈的阳光下，以保护您的皮肤。\n如果发现采摘下来的半熟桃子中有特别适合加工的个体，可以考虑开发相关的衍生产品。\n清理一下周围环境，移除任何可能妨碍工作的障碍物；这样可以让你更高效地采摘到成熟的未熟绿色桃子。\n如果半熟桃子的颜色已经达到了理想的状态，但质地还不够软，可以多等几天。\n如果发现采摘下来的半熟桃子中有次品，应单独放置，以便后续处理或加工利用。\n对于那些颜色特别鲜艳的半熟桃子，可以优先考虑作为礼品包装出售。\n尽量保持工作节奏稳定，避免因过度劳累而影响采摘质量和效率。"
        },
        {
            "category": "半熟桃子",
            "bbox": [
                87.0,
                520.0,
                210.0,
                225.0
            ],
            "caption": "对于那些颜色已经开始转变的半熟桃子，可以在早晨或傍晚时段进行采摘。\n在采摘半熟桃子时，记得标记好每一批次的采摘日期，方便后续追踪。\n对于那些颜色和质地都表现出成熟特征的半熟桃子，可以优先考虑用于出口。\n在采摘未熟绿色桃子时，尽量避免直接暴露在强烈的阳光下，以保护您的皮肤。\n如果发现采摘下来的半熟桃子中有特别适合加工的个体，可以考虑开发相关的衍生产品。\n清理一下周围环境，移除任何可能妨碍工作的障碍物；这样可以让你更高效地采摘到成熟的未熟绿色桃子。\n如果半熟桃子的颜色已经达到了理想的状态，但质地还不够软，可以多等几天。\n如果发现采摘下来的半熟桃子中有次品，应单独放置，以便后续处理或加工利用。\n对于那些颜色特别鲜艳的半熟桃子，可以优先考虑作为礼品包装出售。\n尽量保持工作节奏稳定，避免因过度劳累而影响采摘质量和效率。"
        },
        {
            "category": "全熟桃子",
            "bbox": [
                570.0,
                282.0,
                302.0,
                364.0
            ],
            "caption": "对于那些颜色已经开始转变的半熟桃子，可以在早晨或傍晚时段进行采摘。\n在采摘半熟桃子时，记得标记好每一批次的采摘日期，方便后续追踪。\n对于那些颜色和质地都表现出成熟特征的半熟桃子，可以优先考虑用于出口。\n在采摘未熟绿色桃子时，尽量避免直接暴露在强烈的阳光下，以保护您的皮肤。\n如果发现采摘下来的半熟桃子中有特别适合加工的个体，可以考虑开发相关的衍生产品。\n清理一下周围环境，移除任何可能妨碍工作的障碍物；这样可以让你更高效地采摘到成熟的未熟绿色桃子。\n如果半熟桃子的颜色已经达到了理想的状态，但质地还不够软，可以多等几天。\n如果发现采摘下来的半熟桃子中有次品，应单独放置，以便后续处理或加工利用。\n对于那些颜色特别鲜艳的半熟桃子，可以优先考虑作为礼品包装出售。\n尽量保持工作节奏稳定，避免因过度劳累而影响采摘质量和效率。"
        },
        {
            "category": "全熟桃子",
            "bbox": [
                284.0,
                248.0,
                298.0,
                293.0
            ],
            "caption": "对于那些颜色已经开始转变的半熟桃子，可以在早晨或傍晚时段进行采摘。\n在采摘半熟桃子时，记得标记好每一批次的采摘日期，方便后续追踪。\n对于那些颜色和质地都表现出成熟特征的半熟桃子，可以优先考虑用于出口。\n在采摘未熟绿色桃子时，尽量避免直接暴露在强烈的阳光下，以保护您的皮肤。\n如果发现采摘下来的半熟桃子中有特别适合加工的个体，可以考虑开发相关的衍生产品。\n清理一下周围环境，移除任何可能妨碍工作的障碍物；这样可以让你更高效地采摘到成熟的未熟绿色桃子。\n如果半熟桃子的颜色已经达到了理想的状态，但质地还不够软，可以多等几天。\n如果发现采摘下来的半熟桃子中有次品，应单独放置，以便后续处理或加工利用。\n对于那些颜色特别鲜艳的半熟桃子，可以优先考虑作为礼品包装出售。\n尽量保持工作节奏稳定，避免因过度劳累而影响采摘质量和效率。"
        },
        {
            "category": "全熟桃子",
            "bbox": [
                210.0,
                239.0,
                164.0,
                223.99999999999994
            ],
            "caption": "对于那些颜色已经开始转变的半熟桃子，可以在早晨或傍晚时段进行采摘。\n在采摘半熟桃子时，记得标记好每一批次的采摘日期，方便后续追踪。\n对于那些颜色和质地都表现出成熟特征的半熟桃子，可以优先考虑用于出口。\n在采摘未熟绿色桃子时，尽量避免直接暴露在强烈的阳光下，以保护您的皮肤。\n如果发现采摘下来的半熟桃子中有特别适合加工的个体，可以考虑开发相关的衍生产品。\n清理一下周围环境，移除任何可能妨碍工作的障碍物；这样可以让你更高效地采摘到成熟的未熟绿色桃子。\n如果半熟桃子的颜色已经达到了理想的状态，但质地还不够软，可以多等几天。\n如果发现采摘下来的半熟桃子中有次品，应单独放置，以便后续处理或加工利用。\n对于那些颜色特别鲜艳的半熟桃子，可以优先考虑作为礼品包装出售。\n尽量保持工作节奏稳定，避免因过度劳累而影响采摘质量和效率。"
        },
        {
            "category": "半熟桃子",
            "bbox": [
                149.0,
                453.99999999999994,
                96.0,
                62.00000000000006
            ],
            "caption": "对于那些颜色已经开始转变的半熟桃子，可以在早晨或傍晚时段进行采摘。\n在采摘半熟桃子时，记得标记好每一批次的采摘日期，方便后续追踪。\n对于那些颜色和质地都表现出成熟特征的半熟桃子，可以优先考虑用于出口。\n在采摘未熟绿色桃子时，尽量避免直接暴露在强烈的阳光下，以保护您的皮肤。\n如果发现采摘下来的半熟桃子中有特别适合加工的个体，可以考虑开发相关的衍生产品。\n清理一下周围环境，移除任何可能妨碍工作的障碍物；这样可以让你更高效地采摘到成熟的未熟绿色桃子。\n如果半熟桃子的颜色已经达到了理想的状态，但质地还不够软，可以多等几天。\n如果发现采摘下来的半熟桃子中有次品，应单独放置，以便后续处理或加工利用。\n对于那些颜色特别鲜艳的半熟桃子，可以优先考虑作为礼品包装出售。\n尽量保持工作节奏稳定，避免因过度劳累而影响采摘质量和效率。"
        }
    ]
}