{
    "image_id": "01_0530_154021.jpg",
    "annotations": [
        {
            "category": "全熟桃子",
            "bbox": [
                485.0,
                477.0,
                153.0,
                124.0
            ],
            "caption": "分批采摘，先摘那些最成熟的半熟桃子，给其他时间让它们继续发育。\n在采摘半熟桃子时，尽量避免直接暴露在强烈的阳光下，以保护您的皮肤。\n在采摘未熟绿色桃子时，确保工作环境整洁，避免对作物造成不必要的污染。"
        },
        {
            "category": "全熟桃子",
            "bbox": [
                449.0,
                193.0,
                252.0,
                330.0
            ],
            "caption": "分批采摘，先摘那些最成熟的半熟桃子，给其他时间让它们继续发育。\n在采摘半熟桃子时，尽量避免直接暴露在强烈的阳光下，以保护您的皮肤。\n在采摘未熟绿色桃子时，确保工作环境整洁，避免对作物造成不必要的污染。"
        },
        {
            "category": "半熟桃子",
            "bbox": [
                863.0,
                696.0,
                117.0,
                70.0
            ],
            "caption": "分批采摘，先摘那些最成熟的半熟桃子，给其他时间让它们继续发育。\n在采摘半熟桃子时，尽量避免直接暴露在强烈的阳光下，以保护您的皮肤。\n在采摘未熟绿色桃子时，确保工作环境整洁，避免对作物造成不必要的污染。"
        }
    ]
}