{
    "image_id": "01_0605_163402.jpg",
    "annotations": [
        {
            "category": "半熟桃子",
            "bbox": [
                616.0,
                0.0,
                83.0,
                85.0
            ],
            "caption": "当您发现未熟绿色桃子的颜色和质地都达到了理想状态时，就可以准备采摘了。\n避免在强风或雨天采摘未熟绿色桃子，以免影响果实品质。\n在采摘半熟桃子时，请确保每个工人负责的区域清晰明确。\n对于那些颜色和质地都表现出良好特征的半熟桃子，可以优先考虑用于加工。\n在采摘半熟桃子时，请确保所有采摘工具都已消毒。\n如果发现半熟桃子周围有鸟类活动，请及时采取措施防止它们啄食。\n摘取时要轻拿轻放，特别是对于那些皮薄易损的未熟绿色桃子。\n如果发现未熟绿色桃子上有害虫迹象，请及时采取措施，如隔离或使用生物防治。\n在采摘未熟绿色桃子时，请使用专用的手套以保护果实表皮不受损伤。\n保持一定的节奏和效率很重要，但也不要因为急于求成而忽视了对每个未熟绿色桃子的细致检查。\n当您发现半熟桃子的颜色和质地都达到了理想状态时，就可以准备采摘了。\n对于生长在树冠下层的未熟绿色桃子，建议使用长臂工具进行安全采摘。"
        },
        {
            "category": "半熟桃子",
            "bbox": [
                439.0,
                0.0,
                79.0,
                51.0
            ],
            "caption": "当您发现未熟绿色桃子的颜色和质地都达到了理想状态时，就可以准备采摘了。\n避免在强风或雨天采摘未熟绿色桃子，以免影响果实品质。\n在采摘半熟桃子时，请确保每个工人负责的区域清晰明确。\n对于那些颜色和质地都表现出良好特征的半熟桃子，可以优先考虑用于加工。\n在采摘半熟桃子时，请确保所有采摘工具都已消毒。\n如果发现半熟桃子周围有鸟类活动，请及时采取措施防止它们啄食。\n摘取时要轻拿轻放，特别是对于那些皮薄易损的未熟绿色桃子。\n如果发现未熟绿色桃子上有害虫迹象，请及时采取措施，如隔离或使用生物防治。\n在采摘未熟绿色桃子时，请使用专用的手套以保护果实表皮不受损伤。\n保持一定的节奏和效率很重要，但也不要因为急于求成而忽视了对每个未熟绿色桃子的细致检查。\n当您发现半熟桃子的颜色和质地都达到了理想状态时，就可以准备采摘了。\n对于生长在树冠下层的未熟绿色桃子，建议使用长臂工具进行安全采摘。"
        },
        {
            "category": "全熟桃子",
            "bbox": [
                433.0,
                345.0,
                236.0,
                223.0
            ],
            "caption": "当您发现未熟绿色桃子的颜色和质地都达到了理想状态时，就可以准备采摘了。\n避免在强风或雨天采摘未熟绿色桃子，以免影响果实品质。\n在采摘半熟桃子时，请确保每个工人负责的区域清晰明确。\n对于那些颜色和质地都表现出良好特征的半熟桃子，可以优先考虑用于加工。\n在采摘半熟桃子时，请确保所有采摘工具都已消毒。\n如果发现半熟桃子周围有鸟类活动，请及时采取措施防止它们啄食。\n摘取时要轻拿轻放，特别是对于那些皮薄易损的未熟绿色桃子。\n如果发现未熟绿色桃子上有害虫迹象，请及时采取措施，如隔离或使用生物防治。\n在采摘未熟绿色桃子时，请使用专用的手套以保护果实表皮不受损伤。\n保持一定的节奏和效率很重要，但也不要因为急于求成而忽视了对每个未熟绿色桃子的细致检查。\n当您发现半熟桃子的颜色和质地都达到了理想状态时，就可以准备采摘了。\n对于生长在树冠下层的未熟绿色桃子，建议使用长臂工具进行安全采摘。"
        },
        {
            "category": "全熟桃子",
            "bbox": [
                8.0,
                7.000000000000007,
                319.0,
                290.0
            ],
            "caption": "当您发现未熟绿色桃子的颜色和质地都达到了理想状态时，就可以准备采摘了。\n避免在强风或雨天采摘未熟绿色桃子，以免影响果实品质。\n在采摘半熟桃子时，请确保每个工人负责的区域清晰明确。\n对于那些颜色和质地都表现出良好特征的半熟桃子，可以优先考虑用于加工。\n在采摘半熟桃子时，请确保所有采摘工具都已消毒。\n如果发现半熟桃子周围有鸟类活动，请及时采取措施防止它们啄食。\n摘取时要轻拿轻放，特别是对于那些皮薄易损的未熟绿色桃子。\n如果发现未熟绿色桃子上有害虫迹象，请及时采取措施，如隔离或使用生物防治。\n在采摘未熟绿色桃子时，请使用专用的手套以保护果实表皮不受损伤。\n保持一定的节奏和效率很重要，但也不要因为急于求成而忽视了对每个未熟绿色桃子的细致检查。\n当您发现半熟桃子的颜色和质地都达到了理想状态时，就可以准备采摘了。\n对于生长在树冠下层的未熟绿色桃子，建议使用长臂工具进行安全采摘。"
        },
        {
            "category": "全熟桃子",
            "bbox": [
                947.0,
                81.0,
                54.0,
                39.999999999999986
            ],
            "caption": "当您发现未熟绿色桃子的颜色和质地都达到了理想状态时，就可以准备采摘了。\n避免在强风或雨天采摘未熟绿色桃子，以免影响果实品质。\n在采摘半熟桃子时，请确保每个工人负责的区域清晰明确。\n对于那些颜色和质地都表现出良好特征的半熟桃子，可以优先考虑用于加工。\n在采摘半熟桃子时，请确保所有采摘工具都已消毒。\n如果发现半熟桃子周围有鸟类活动，请及时采取措施防止它们啄食。\n摘取时要轻拿轻放，特别是对于那些皮薄易损的未熟绿色桃子。\n如果发现未熟绿色桃子上有害虫迹象，请及时采取措施，如隔离或使用生物防治。\n在采摘未熟绿色桃子时，请使用专用的手套以保护果实表皮不受损伤。\n保持一定的节奏和效率很重要，但也不要因为急于求成而忽视了对每个未熟绿色桃子的细致检查。\n当您发现半熟桃子的颜色和质地都达到了理想状态时，就可以准备采摘了。\n对于生长在树冠下层的未熟绿色桃子，建议使用长臂工具进行安全采摘。"
        },
        {
            "category": "全熟桃子",
            "bbox": [
                302.0,
                556.0,
                38.0,
                33.0
            ],
            "caption": "当您发现未熟绿色桃子的颜色和质地都达到了理想状态时，就可以准备采摘了。\n避免在强风或雨天采摘未熟绿色桃子，以免影响果实品质。\n在采摘半熟桃子时，请确保每个工人负责的区域清晰明确。\n对于那些颜色和质地都表现出良好特征的半熟桃子，可以优先考虑用于加工。\n在采摘半熟桃子时，请确保所有采摘工具都已消毒。\n如果发现半熟桃子周围有鸟类活动，请及时采取措施防止它们啄食。\n摘取时要轻拿轻放，特别是对于那些皮薄易损的未熟绿色桃子。\n如果发现未熟绿色桃子上有害虫迹象，请及时采取措施，如隔离或使用生物防治。\n在采摘未熟绿色桃子时，请使用专用的手套以保护果实表皮不受损伤。\n保持一定的节奏和效率很重要，但也不要因为急于求成而忽视了对每个未熟绿色桃子的细致检查。\n当您发现半熟桃子的颜色和质地都达到了理想状态时，就可以准备采摘了。\n对于生长在树冠下层的未熟绿色桃子，建议使用长臂工具进行安全采摘。"
        },
        {
            "category": "半熟桃子",
            "bbox": [
                269.0,
                549.0,
                35.0,
                24.0
            ],
            "caption": "当您发现未熟绿色桃子的颜色和质地都达到了理想状态时，就可以准备采摘了。\n避免在强风或雨天采摘未熟绿色桃子，以免影响果实品质。\n在采摘半熟桃子时，请确保每个工人负责的区域清晰明确。\n对于那些颜色和质地都表现出良好特征的半熟桃子，可以优先考虑用于加工。\n在采摘半熟桃子时，请确保所有采摘工具都已消毒。\n如果发现半熟桃子周围有鸟类活动，请及时采取措施防止它们啄食。\n摘取时要轻拿轻放，特别是对于那些皮薄易损的未熟绿色桃子。\n如果发现未熟绿色桃子上有害虫迹象，请及时采取措施，如隔离或使用生物防治。\n在采摘未熟绿色桃子时，请使用专用的手套以保护果实表皮不受损伤。\n保持一定的节奏和效率很重要，但也不要因为急于求成而忽视了对每个未熟绿色桃子的细致检查。\n当您发现半熟桃子的颜色和质地都达到了理想状态时，就可以准备采摘了。\n对于生长在树冠下层的未熟绿色桃子，建议使用长臂工具进行安全采摘。"
        },
        {
            "category": "半熟桃子",
            "bbox": [
                276.0,
                437.0,
                37.0,
                39.0
            ],
            "caption": "当您发现未熟绿色桃子的颜色和质地都达到了理想状态时，就可以准备采摘了。\n避免在强风或雨天采摘未熟绿色桃子，以免影响果实品质。\n在采摘半熟桃子时，请确保每个工人负责的区域清晰明确。\n对于那些颜色和质地都表现出良好特征的半熟桃子，可以优先考虑用于加工。\n在采摘半熟桃子时，请确保所有采摘工具都已消毒。\n如果发现半熟桃子周围有鸟类活动，请及时采取措施防止它们啄食。\n摘取时要轻拿轻放，特别是对于那些皮薄易损的未熟绿色桃子。\n如果发现未熟绿色桃子上有害虫迹象，请及时采取措施，如隔离或使用生物防治。\n在采摘未熟绿色桃子时，请使用专用的手套以保护果实表皮不受损伤。\n保持一定的节奏和效率很重要，但也不要因为急于求成而忽视了对每个未熟绿色桃子的细致检查。\n当您发现半熟桃子的颜色和质地都达到了理想状态时，就可以准备采摘了。\n对于生长在树冠下层的未熟绿色桃子，建议使用长臂工具进行安全采摘。"
        },
        {
            "category": "半熟桃子",
            "bbox": [
                801.0,
                175.0,
                49.0,
                55.99999999999994
            ],
            "caption": "当您发现未熟绿色桃子的颜色和质地都达到了理想状态时，就可以准备采摘了。\n避免在强风或雨天采摘未熟绿色桃子，以免影响果实品质。\n在采摘半熟桃子时，请确保每个工人负责的区域清晰明确。\n对于那些颜色和质地都表现出良好特征的半熟桃子，可以优先考虑用于加工。\n在采摘半熟桃子时，请确保所有采摘工具都已消毒。\n如果发现半熟桃子周围有鸟类活动，请及时采取措施防止它们啄食。\n摘取时要轻拿轻放，特别是对于那些皮薄易损的未熟绿色桃子。\n如果发现未熟绿色桃子上有害虫迹象，请及时采取措施，如隔离或使用生物防治。\n在采摘未熟绿色桃子时，请使用专用的手套以保护果实表皮不受损伤。\n保持一定的节奏和效率很重要，但也不要因为急于求成而忽视了对每个未熟绿色桃子的细致检查。\n当您发现半熟桃子的颜色和质地都达到了理想状态时，就可以准备采摘了。\n对于生长在树冠下层的未熟绿色桃子，建议使用长臂工具进行安全采摘。"
        },
        {
            "category": "半熟桃子",
            "bbox": [
                261.0,
                269.0,
                17.0,
                18.0
            ],
            "caption": "当您发现未熟绿色桃子的颜色和质地都达到了理想状态时，就可以准备采摘了。\n避免在强风或雨天采摘未熟绿色桃子，以免影响果实品质。\n在采摘半熟桃子时，请确保每个工人负责的区域清晰明确。\n对于那些颜色和质地都表现出良好特征的半熟桃子，可以优先考虑用于加工。\n在采摘半熟桃子时，请确保所有采摘工具都已消毒。\n如果发现半熟桃子周围有鸟类活动，请及时采取措施防止它们啄食。\n摘取时要轻拿轻放，特别是对于那些皮薄易损的未熟绿色桃子。\n如果发现未熟绿色桃子上有害虫迹象，请及时采取措施，如隔离或使用生物防治。\n在采摘未熟绿色桃子时，请使用专用的手套以保护果实表皮不受损伤。\n保持一定的节奏和效率很重要，但也不要因为急于求成而忽视了对每个未熟绿色桃子的细致检查。\n当您发现半熟桃子的颜色和质地都达到了理想状态时，就可以准备采摘了。\n对于生长在树冠下层的未熟绿色桃子，建议使用长臂工具进行安全采摘。"
        },
        {
            "category": "全熟桃子",
            "bbox": [
                344.0,
                235.0,
                25.0,
                28.0
            ],
            "caption": "当您发现未熟绿色桃子的颜色和质地都达到了理想状态时，就可以准备采摘了。\n避免在强风或雨天采摘未熟绿色桃子，以免影响果实品质。\n在采摘半熟桃子时，请确保每个工人负责的区域清晰明确。\n对于那些颜色和质地都表现出良好特征的半熟桃子，可以优先考虑用于加工。\n在采摘半熟桃子时，请确保所有采摘工具都已消毒。\n如果发现半熟桃子周围有鸟类活动，请及时采取措施防止它们啄食。\n摘取时要轻拿轻放，特别是对于那些皮薄易损的未熟绿色桃子。\n如果发现未熟绿色桃子上有害虫迹象，请及时采取措施，如隔离或使用生物防治。\n在采摘未熟绿色桃子时，请使用专用的手套以保护果实表皮不受损伤。\n保持一定的节奏和效率很重要，但也不要因为急于求成而忽视了对每个未熟绿色桃子的细致检查。\n当您发现半熟桃子的颜色和质地都达到了理想状态时，就可以准备采摘了。\n对于生长在树冠下层的未熟绿色桃子，建议使用长臂工具进行安全采摘。"
        },
        {
            "category": "半熟桃子",
            "bbox": [
                418.0,
                223.0,
                22.0,
                25.0
            ],
            "caption": "当您发现未熟绿色桃子的颜色和质地都达到了理想状态时，就可以准备采摘了。\n避免在强风或雨天采摘未熟绿色桃子，以免影响果实品质。\n在采摘半熟桃子时，请确保每个工人负责的区域清晰明确。\n对于那些颜色和质地都表现出良好特征的半熟桃子，可以优先考虑用于加工。\n在采摘半熟桃子时，请确保所有采摘工具都已消毒。\n如果发现半熟桃子周围有鸟类活动，请及时采取措施防止它们啄食。\n摘取时要轻拿轻放，特别是对于那些皮薄易损的未熟绿色桃子。\n如果发现未熟绿色桃子上有害虫迹象，请及时采取措施，如隔离或使用生物防治。\n在采摘未熟绿色桃子时，请使用专用的手套以保护果实表皮不受损伤。\n保持一定的节奏和效率很重要，但也不要因为急于求成而忽视了对每个未熟绿色桃子的细致检查。\n当您发现半熟桃子的颜色和质地都达到了理想状态时，就可以准备采摘了。\n对于生长在树冠下层的未熟绿色桃子，建议使用长臂工具进行安全采摘。"
        }
    ]
}