{
    "image_id": "01_0501_164350.jpg",
    "annotations": [
        {
            "category": "半熟桃子",
            "bbox": [
                457.0,
                363.0,
                160.0,
                184.0
            ],
            "caption": "在采摘未熟绿色桃子时，确保每次采摘的数量适中，不要一次性摘得太多。\n对于那些颜色变化不均的未熟绿色桃子，可以选择性地只采摘那些最成熟的部分。"
        },
        {
            "category": "半熟桃子",
            "bbox": [
                552.0,
                384.99999999999994,
                316.0,
                348.00000000000006
            ],
            "caption": "在采摘未熟绿色桃子时，确保每次采摘的数量适中，不要一次性摘得太多。\n对于那些颜色变化不均的未熟绿色桃子，可以选择性地只采摘那些最成熟的部分。"
        }
    ]
}