{
    "image_id": "01_0611_162905.jpg",
    "annotations": [
        {
            "category": "青柿子",
            "bbox": [
                486.0,
                120.99999999999999,
                426.0,
                471.0
            ],
            "caption": "在采摘全熟桃子时，请确保每个工人负责的区域清晰明确。\n对于那些颜色鲜艳且表皮光滑无瑕疵的全熟桃子，可以优先考虑用于高端市场。\n对于那些颜色和质地都表现出良好特征的全熟桃子，可以优先考虑用于加工。"
        },
        {
            "category": "青柿子",
            "bbox": [
                846.0,
                87.0,
                168.0,
                203.0
            ],
            "caption": "在采摘全熟桃子时，请确保每个工人负责的区域清晰明确。\n对于那些颜色鲜艳且表皮光滑无瑕疵的全熟桃子，可以优先考虑用于高端市场。\n对于那些颜色和质地都表现出良好特征的全熟桃子，可以优先考虑用于加工。"
        },
        {
            "category": "青柿子",
            "bbox": [
                781.0,
                94.0,
                65.0,
                86.0
            ],
            "caption": "在采摘全熟桃子时，请确保每个工人负责的区域清晰明确。\n对于那些颜色鲜艳且表皮光滑无瑕疵的全熟桃子，可以优先考虑用于高端市场。\n对于那些颜色和质地都表现出良好特征的全熟桃子，可以优先考虑用于加工。"
        }
    ]
}