{
    "image_id": "01_0605_162532.jpg",
    "annotations": [
        {
            "category": "全熟桃子",
            "bbox": [
                428.0,
                232.00000000000003,
                430.0,
                442.0
            ],
            "caption": "对于那些颜色和质地都表现出成熟特征的半熟桃子，可以优先考虑用于出口。\n对于生长在树冠下层的半熟桃子，建议使用长臂工具进行安全采摘。\n尝试用手指轻轻按压半熟桃子，感受其硬度，以此判断是否达到最佳采摘时机。\n确保采摘的未熟绿色桃子没有病虫害迹象，保持健康状态。"
        },
        {
            "category": "全熟桃子",
            "bbox": [
                119.0,
                659.0,
                269.0,
                107.0
            ],
            "caption": "对于那些颜色和质地都表现出成熟特征的半熟桃子，可以优先考虑用于出口。\n对于生长在树冠下层的半熟桃子，建议使用长臂工具进行安全采摘。\n尝试用手指轻轻按压半熟桃子，感受其硬度，以此判断是否达到最佳采摘时机。\n确保采摘的未熟绿色桃子没有病虫害迹象，保持健康状态。"
        },
        {
            "category": "全熟桃子",
            "bbox": [
                693.0,
                690.0,
                114.0,
                76.0
            ],
            "caption": "对于那些颜色和质地都表现出成熟特征的半熟桃子，可以优先考虑用于出口。\n对于生长在树冠下层的半熟桃子，建议使用长臂工具进行安全采摘。\n尝试用手指轻轻按压半熟桃子，感受其硬度，以此判断是否达到最佳采摘时机。\n确保采摘的未熟绿色桃子没有病虫害迹象，保持健康状态。"
        },
        {
            "category": "半熟桃子",
            "bbox": [
                608.0,
                671.9999999999999,
                59.0,
                74.00000000000011
            ],
            "caption": "对于那些颜色和质地都表现出成熟特征的半熟桃子，可以优先考虑用于出口。\n对于生长在树冠下层的半熟桃子，建议使用长臂工具进行安全采摘。\n尝试用手指轻轻按压半熟桃子，感受其硬度，以此判断是否达到最佳采摘时机。\n确保采摘的未熟绿色桃子没有病虫害迹象，保持健康状态。"
        }
    ]
}