{
    "image_id": "01_0530_153346.jpg",
    "annotations": [
        {
            "category": "全熟桃子",
            "bbox": [
                756.0,
                277.0,
                108.0,
                182.0
            ],
            "caption": "在采摘半熟桃子时，尽量避免直接暴露在强烈的阳光下，以保护您的皮肤。\n对于那些颜色和质地都表现出成熟特征的半熟桃子，可以优先考虑用于鲜食市场。\n当您发现半熟桃子的颜色和质地都达到了理想状态时，就可以准备采摘了。\n当您发现半熟桃子的颜色和质地都符合预期时，就可以准备采摘了。\n如果发现采摘下来的半熟桃子中有特别大的个体，可以作为展示或宣传用途，提升农场的形象。\n当您发现半熟桃子的颜色和质地都达到了理想状态时，就可以准备采摘了。\n当您注意到半熟桃子的颜色变得非常吸引人时，这是采摘的好时机。\n对于那些生长在树冠下层的半熟桃子，可以考虑使用长臂剪刀进行安全采摘。\n当您发现半熟桃子的颜色和质地都表现出良好的成熟特征时，就可以准备采摘了。\n在采摘未熟绿色桃子时，请确保所有采摘下的果实都放置在阴凉处。\n定期休息一下不仅可以恢复体力，也有助于更好地评估哪些未熟绿色桃子已经成熟可以采摘。\n尽量保持对细节的关注，即使是微小的变化也可能影响到最终的采摘效果。\n当您发现未熟绿色桃子的颜色逐渐加深，质地也变得更加柔软时，就可以开始采摘了。\n在采摘未熟绿色桃子时，请确保所有采摘下的果实都没有受到任何损害。\n检查半熟桃子是否有自然裂口，如果有，应尽快采摘以减少损失。"
        },
        {
            "category": "全熟桃子",
            "bbox": [
                571.0,
                285.99999999999994,
                211.0,
                216.0
            ],
            "caption": "在采摘半熟桃子时，尽量避免直接暴露在强烈的阳光下，以保护您的皮肤。\n对于那些颜色和质地都表现出成熟特征的半熟桃子，可以优先考虑用于鲜食市场。\n当您发现半熟桃子的颜色和质地都达到了理想状态时，就可以准备采摘了。\n当您发现半熟桃子的颜色和质地都符合预期时，就可以准备采摘了。\n如果发现采摘下来的半熟桃子中有特别大的个体，可以作为展示或宣传用途，提升农场的形象。\n当您发现半熟桃子的颜色和质地都达到了理想状态时，就可以准备采摘了。\n当您注意到半熟桃子的颜色变得非常吸引人时，这是采摘的好时机。\n对于那些生长在树冠下层的半熟桃子，可以考虑使用长臂剪刀进行安全采摘。\n当您发现半熟桃子的颜色和质地都表现出良好的成熟特征时，就可以准备采摘了。\n在采摘未熟绿色桃子时，请确保所有采摘下的果实都放置在阴凉处。\n定期休息一下不仅可以恢复体力，也有助于更好地评估哪些未熟绿色桃子已经成熟可以采摘。\n尽量保持对细节的关注，即使是微小的变化也可能影响到最终的采摘效果。\n当您发现未熟绿色桃子的颜色逐渐加深，质地也变得更加柔软时，就可以开始采摘了。\n在采摘未熟绿色桃子时，请确保所有采摘下的果实都没有受到任何损害。\n检查半熟桃子是否有自然裂口，如果有，应尽快采摘以减少损失。"
        },
        {
            "category": "全熟桃子",
            "bbox": [
                897.0,
                325.0,
                65.0,
                65.0
            ],
            "caption": "在采摘半熟桃子时，尽量避免直接暴露在强烈的阳光下，以保护您的皮肤。\n对于那些颜色和质地都表现出成熟特征的半熟桃子，可以优先考虑用于鲜食市场。\n当您发现半熟桃子的颜色和质地都达到了理想状态时，就可以准备采摘了。\n当您发现半熟桃子的颜色和质地都符合预期时，就可以准备采摘了。\n如果发现采摘下来的半熟桃子中有特别大的个体，可以作为展示或宣传用途，提升农场的形象。\n当您发现半熟桃子的颜色和质地都达到了理想状态时，就可以准备采摘了。\n当您注意到半熟桃子的颜色变得非常吸引人时，这是采摘的好时机。\n对于那些生长在树冠下层的半熟桃子，可以考虑使用长臂剪刀进行安全采摘。\n当您发现半熟桃子的颜色和质地都表现出良好的成熟特征时，就可以准备采摘了。\n在采摘未熟绿色桃子时，请确保所有采摘下的果实都放置在阴凉处。\n定期休息一下不仅可以恢复体力，也有助于更好地评估哪些未熟绿色桃子已经成熟可以采摘。\n尽量保持对细节的关注，即使是微小的变化也可能影响到最终的采摘效果。\n当您发现未熟绿色桃子的颜色逐渐加深，质地也变得更加柔软时，就可以开始采摘了。\n在采摘未熟绿色桃子时，请确保所有采摘下的果实都没有受到任何损害。\n检查半熟桃子是否有自然裂口，如果有，应尽快采摘以减少损失。"
        },
        {
            "category": "全熟桃子",
            "bbox": [
                850.0,
                377.99999999999994,
                172.0,
                220.99999999999994
            ],
            "caption": "在采摘半熟桃子时，尽量避免直接暴露在强烈的阳光下，以保护您的皮肤。\n对于那些颜色和质地都表现出成熟特征的半熟桃子，可以优先考虑用于鲜食市场。\n当您发现半熟桃子的颜色和质地都达到了理想状态时，就可以准备采摘了。\n当您发现半熟桃子的颜色和质地都符合预期时，就可以准备采摘了。\n如果发现采摘下来的半熟桃子中有特别大的个体，可以作为展示或宣传用途，提升农场的形象。\n当您发现半熟桃子的颜色和质地都达到了理想状态时，就可以准备采摘了。\n当您注意到半熟桃子的颜色变得非常吸引人时，这是采摘的好时机。\n对于那些生长在树冠下层的半熟桃子，可以考虑使用长臂剪刀进行安全采摘。\n当您发现半熟桃子的颜色和质地都表现出良好的成熟特征时，就可以准备采摘了。\n在采摘未熟绿色桃子时，请确保所有采摘下的果实都放置在阴凉处。\n定期休息一下不仅可以恢复体力，也有助于更好地评估哪些未熟绿色桃子已经成熟可以采摘。\n尽量保持对细节的关注，即使是微小的变化也可能影响到最终的采摘效果。\n当您发现未熟绿色桃子的颜色逐渐加深，质地也变得更加柔软时，就可以开始采摘了。\n在采摘未熟绿色桃子时，请确保所有采摘下的果实都没有受到任何损害。\n检查半熟桃子是否有自然裂口，如果有，应尽快采摘以减少损失。"
        },
        {
            "category": "全熟桃子",
            "bbox": [
                0.0,
                208.99999999999997,
                114.0,
                109.00000000000003
            ],
            "caption": "在采摘半熟桃子时，尽量避免直接暴露在强烈的阳光下，以保护您的皮肤。\n对于那些颜色和质地都表现出成熟特征的半熟桃子，可以优先考虑用于鲜食市场。\n当您发现半熟桃子的颜色和质地都达到了理想状态时，就可以准备采摘了。\n当您发现半熟桃子的颜色和质地都符合预期时，就可以准备采摘了。\n如果发现采摘下来的半熟桃子中有特别大的个体，可以作为展示或宣传用途，提升农场的形象。\n当您发现半熟桃子的颜色和质地都达到了理想状态时，就可以准备采摘了。\n当您注意到半熟桃子的颜色变得非常吸引人时，这是采摘的好时机。\n对于那些生长在树冠下层的半熟桃子，可以考虑使用长臂剪刀进行安全采摘。\n当您发现半熟桃子的颜色和质地都表现出良好的成熟特征时，就可以准备采摘了。\n在采摘未熟绿色桃子时，请确保所有采摘下的果实都放置在阴凉处。\n定期休息一下不仅可以恢复体力，也有助于更好地评估哪些未熟绿色桃子已经成熟可以采摘。\n尽量保持对细节的关注，即使是微小的变化也可能影响到最终的采摘效果。\n当您发现未熟绿色桃子的颜色逐渐加深，质地也变得更加柔软时，就可以开始采摘了。\n在采摘未熟绿色桃子时，请确保所有采摘下的果实都没有受到任何损害。\n检查半熟桃子是否有自然裂口，如果有，应尽快采摘以减少损失。"
        },
        {
            "category": "全熟桃子",
            "bbox": [
                667.0,
                465.0,
                251.0,
                289.9999999999999
            ],
            "caption": "在采摘半熟桃子时，尽量避免直接暴露在强烈的阳光下，以保护您的皮肤。\n对于那些颜色和质地都表现出成熟特征的半熟桃子，可以优先考虑用于鲜食市场。\n当您发现半熟桃子的颜色和质地都达到了理想状态时，就可以准备采摘了。\n当您发现半熟桃子的颜色和质地都符合预期时，就可以准备采摘了。\n如果发现采摘下来的半熟桃子中有特别大的个体，可以作为展示或宣传用途，提升农场的形象。\n当您发现半熟桃子的颜色和质地都达到了理想状态时，就可以准备采摘了。\n当您注意到半熟桃子的颜色变得非常吸引人时，这是采摘的好时机。\n对于那些生长在树冠下层的半熟桃子，可以考虑使用长臂剪刀进行安全采摘。\n当您发现半熟桃子的颜色和质地都表现出良好的成熟特征时，就可以准备采摘了。\n在采摘未熟绿色桃子时，请确保所有采摘下的果实都放置在阴凉处。\n定期休息一下不仅可以恢复体力，也有助于更好地评估哪些未熟绿色桃子已经成熟可以采摘。\n尽量保持对细节的关注，即使是微小的变化也可能影响到最终的采摘效果。\n当您发现未熟绿色桃子的颜色逐渐加深，质地也变得更加柔软时，就可以开始采摘了。\n在采摘未熟绿色桃子时，请确保所有采摘下的果实都没有受到任何损害。\n检查半熟桃子是否有自然裂口，如果有，应尽快采摘以减少损失。"
        },
        {
            "category": "全熟桃子",
            "bbox": [
                0.0,
                38.999999999999986,
                169.0,
                191.0
            ],
            "caption": "在采摘半熟桃子时，尽量避免直接暴露在强烈的阳光下，以保护您的皮肤。\n对于那些颜色和质地都表现出成熟特征的半熟桃子，可以优先考虑用于鲜食市场。\n当您发现半熟桃子的颜色和质地都达到了理想状态时，就可以准备采摘了。\n当您发现半熟桃子的颜色和质地都符合预期时，就可以准备采摘了。\n如果发现采摘下来的半熟桃子中有特别大的个体，可以作为展示或宣传用途，提升农场的形象。\n当您发现半熟桃子的颜色和质地都达到了理想状态时，就可以准备采摘了。\n当您注意到半熟桃子的颜色变得非常吸引人时，这是采摘的好时机。\n对于那些生长在树冠下层的半熟桃子，可以考虑使用长臂剪刀进行安全采摘。\n当您发现半熟桃子的颜色和质地都表现出良好的成熟特征时，就可以准备采摘了。\n在采摘未熟绿色桃子时，请确保所有采摘下的果实都放置在阴凉处。\n定期休息一下不仅可以恢复体力，也有助于更好地评估哪些未熟绿色桃子已经成熟可以采摘。\n尽量保持对细节的关注，即使是微小的变化也可能影响到最终的采摘效果。\n当您发现未熟绿色桃子的颜色逐渐加深，质地也变得更加柔软时，就可以开始采摘了。\n在采摘未熟绿色桃子时，请确保所有采摘下的果实都没有受到任何损害。\n检查半熟桃子是否有自然裂口，如果有，应尽快采摘以减少损失。"
        },
        {
            "category": "全熟桃子",
            "bbox": [
                292.0,
                289.0,
                264.0,
                296.0
            ],
            "caption": "在采摘半熟桃子时，尽量避免直接暴露在强烈的阳光下，以保护您的皮肤。\n对于那些颜色和质地都表现出成熟特征的半熟桃子，可以优先考虑用于鲜食市场。\n当您发现半熟桃子的颜色和质地都达到了理想状态时，就可以准备采摘了。\n当您发现半熟桃子的颜色和质地都符合预期时，就可以准备采摘了。\n如果发现采摘下来的半熟桃子中有特别大的个体，可以作为展示或宣传用途，提升农场的形象。\n当您发现半熟桃子的颜色和质地都达到了理想状态时，就可以准备采摘了。\n当您注意到半熟桃子的颜色变得非常吸引人时，这是采摘的好时机。\n对于那些生长在树冠下层的半熟桃子，可以考虑使用长臂剪刀进行安全采摘。\n当您发现半熟桃子的颜色和质地都表现出良好的成熟特征时，就可以准备采摘了。\n在采摘未熟绿色桃子时，请确保所有采摘下的果实都放置在阴凉处。\n定期休息一下不仅可以恢复体力，也有助于更好地评估哪些未熟绿色桃子已经成熟可以采摘。\n尽量保持对细节的关注，即使是微小的变化也可能影响到最终的采摘效果。\n当您发现未熟绿色桃子的颜色逐渐加深，质地也变得更加柔软时，就可以开始采摘了。\n在采摘未熟绿色桃子时，请确保所有采摘下的果实都没有受到任何损害。\n检查半熟桃子是否有自然裂口，如果有，应尽快采摘以减少损失。"
        },
        {
            "category": "全熟桃子",
            "bbox": [
                447.0,
                288.0,
                125.0,
                126.0
            ],
            "caption": "在采摘半熟桃子时，尽量避免直接暴露在强烈的阳光下，以保护您的皮肤。\n对于那些颜色和质地都表现出成熟特征的半熟桃子，可以优先考虑用于鲜食市场。\n当您发现半熟桃子的颜色和质地都达到了理想状态时，就可以准备采摘了。\n当您发现半熟桃子的颜色和质地都符合预期时，就可以准备采摘了。\n如果发现采摘下来的半熟桃子中有特别大的个体，可以作为展示或宣传用途，提升农场的形象。\n当您发现半熟桃子的颜色和质地都达到了理想状态时，就可以准备采摘了。\n当您注意到半熟桃子的颜色变得非常吸引人时，这是采摘的好时机。\n对于那些生长在树冠下层的半熟桃子，可以考虑使用长臂剪刀进行安全采摘。\n当您发现半熟桃子的颜色和质地都表现出良好的成熟特征时，就可以准备采摘了。\n在采摘未熟绿色桃子时，请确保所有采摘下的果实都放置在阴凉处。\n定期休息一下不仅可以恢复体力，也有助于更好地评估哪些未熟绿色桃子已经成熟可以采摘。\n尽量保持对细节的关注，即使是微小的变化也可能影响到最终的采摘效果。\n当您发现未熟绿色桃子的颜色逐渐加深，质地也变得更加柔软时，就可以开始采摘了。\n在采摘未熟绿色桃子时，请确保所有采摘下的果实都没有受到任何损害。\n检查半熟桃子是否有自然裂口，如果有，应尽快采摘以减少损失。"
        },
        {
            "category": "半熟桃子",
            "bbox": [
                0.0,
                306.0,
                67.0,
                93.0
            ],
            "caption": "在采摘半熟桃子时，尽量避免直接暴露在强烈的阳光下，以保护您的皮肤。\n对于那些颜色和质地都表现出成熟特征的半熟桃子，可以优先考虑用于鲜食市场。\n当您发现半熟桃子的颜色和质地都达到了理想状态时，就可以准备采摘了。\n当您发现半熟桃子的颜色和质地都符合预期时，就可以准备采摘了。\n如果发现采摘下来的半熟桃子中有特别大的个体，可以作为展示或宣传用途，提升农场的形象。\n当您发现半熟桃子的颜色和质地都达到了理想状态时，就可以准备采摘了。\n当您注意到半熟桃子的颜色变得非常吸引人时，这是采摘的好时机。\n对于那些生长在树冠下层的半熟桃子，可以考虑使用长臂剪刀进行安全采摘。\n当您发现半熟桃子的颜色和质地都表现出良好的成熟特征时，就可以准备采摘了。\n在采摘未熟绿色桃子时，请确保所有采摘下的果实都放置在阴凉处。\n定期休息一下不仅可以恢复体力，也有助于更好地评估哪些未熟绿色桃子已经成熟可以采摘。\n尽量保持对细节的关注，即使是微小的变化也可能影响到最终的采摘效果。\n当您发现未熟绿色桃子的颜色逐渐加深，质地也变得更加柔软时，就可以开始采摘了。\n在采摘未熟绿色桃子时，请确保所有采摘下的果实都没有受到任何损害。\n检查半熟桃子是否有自然裂口，如果有，应尽快采摘以减少损失。"
        },
        {
            "category": "半熟桃子",
            "bbox": [
                110.0,
                173.0,
                63.0,
                76.0
            ],
            "caption": "在采摘半熟桃子时，尽量避免直接暴露在强烈的阳光下，以保护您的皮肤。\n对于那些颜色和质地都表现出成熟特征的半熟桃子，可以优先考虑用于鲜食市场。\n当您发现半熟桃子的颜色和质地都达到了理想状态时，就可以准备采摘了。\n当您发现半熟桃子的颜色和质地都符合预期时，就可以准备采摘了。\n如果发现采摘下来的半熟桃子中有特别大的个体，可以作为展示或宣传用途，提升农场的形象。\n当您发现半熟桃子的颜色和质地都达到了理想状态时，就可以准备采摘了。\n当您注意到半熟桃子的颜色变得非常吸引人时，这是采摘的好时机。\n对于那些生长在树冠下层的半熟桃子，可以考虑使用长臂剪刀进行安全采摘。\n当您发现半熟桃子的颜色和质地都表现出良好的成熟特征时，就可以准备采摘了。\n在采摘未熟绿色桃子时，请确保所有采摘下的果实都放置在阴凉处。\n定期休息一下不仅可以恢复体力，也有助于更好地评估哪些未熟绿色桃子已经成熟可以采摘。\n尽量保持对细节的关注，即使是微小的变化也可能影响到最终的采摘效果。\n当您发现未熟绿色桃子的颜色逐渐加深，质地也变得更加柔软时，就可以开始采摘了。\n在采摘未熟绿色桃子时，请确保所有采摘下的果实都没有受到任何损害。\n检查半熟桃子是否有自然裂口，如果有，应尽快采摘以减少损失。"
        },
        {
            "category": "半熟桃子",
            "bbox": [
                188.0,
                310.0,
                60.0,
                73.0
            ],
            "caption": "在采摘半熟桃子时，尽量避免直接暴露在强烈的阳光下，以保护您的皮肤。\n对于那些颜色和质地都表现出成熟特征的半熟桃子，可以优先考虑用于鲜食市场。\n当您发现半熟桃子的颜色和质地都达到了理想状态时，就可以准备采摘了。\n当您发现半熟桃子的颜色和质地都符合预期时，就可以准备采摘了。\n如果发现采摘下来的半熟桃子中有特别大的个体，可以作为展示或宣传用途，提升农场的形象。\n当您发现半熟桃子的颜色和质地都达到了理想状态时，就可以准备采摘了。\n当您注意到半熟桃子的颜色变得非常吸引人时，这是采摘的好时机。\n对于那些生长在树冠下层的半熟桃子，可以考虑使用长臂剪刀进行安全采摘。\n当您发现半熟桃子的颜色和质地都表现出良好的成熟特征时，就可以准备采摘了。\n在采摘未熟绿色桃子时，请确保所有采摘下的果实都放置在阴凉处。\n定期休息一下不仅可以恢复体力，也有助于更好地评估哪些未熟绿色桃子已经成熟可以采摘。\n尽量保持对细节的关注，即使是微小的变化也可能影响到最终的采摘效果。\n当您发现未熟绿色桃子的颜色逐渐加深，质地也变得更加柔软时，就可以开始采摘了。\n在采摘未熟绿色桃子时，请确保所有采摘下的果实都没有受到任何损害。\n检查半熟桃子是否有自然裂口，如果有，应尽快采摘以减少损失。"
        },
        {
            "category": "半熟桃子",
            "bbox": [
                355.0,
                126.0,
                93.0,
                67.0
            ],
            "caption": "在采摘半熟桃子时，尽量避免直接暴露在强烈的阳光下，以保护您的皮肤。\n对于那些颜色和质地都表现出成熟特征的半熟桃子，可以优先考虑用于鲜食市场。\n当您发现半熟桃子的颜色和质地都达到了理想状态时，就可以准备采摘了。\n当您发现半熟桃子的颜色和质地都符合预期时，就可以准备采摘了。\n如果发现采摘下来的半熟桃子中有特别大的个体，可以作为展示或宣传用途，提升农场的形象。\n当您发现半熟桃子的颜色和质地都达到了理想状态时，就可以准备采摘了。\n当您注意到半熟桃子的颜色变得非常吸引人时，这是采摘的好时机。\n对于那些生长在树冠下层的半熟桃子，可以考虑使用长臂剪刀进行安全采摘。\n当您发现半熟桃子的颜色和质地都表现出良好的成熟特征时，就可以准备采摘了。\n在采摘未熟绿色桃子时，请确保所有采摘下的果实都放置在阴凉处。\n定期休息一下不仅可以恢复体力，也有助于更好地评估哪些未熟绿色桃子已经成熟可以采摘。\n尽量保持对细节的关注，即使是微小的变化也可能影响到最终的采摘效果。\n当您发现未熟绿色桃子的颜色逐渐加深，质地也变得更加柔软时，就可以开始采摘了。\n在采摘未熟绿色桃子时，请确保所有采摘下的果实都没有受到任何损害。\n检查半熟桃子是否有自然裂口，如果有，应尽快采摘以减少损失。"
        },
        {
            "category": "半熟桃子",
            "bbox": [
                444.0,
                202.99999999999997,
                50.0,
                48.0
            ],
            "caption": "在采摘半熟桃子时，尽量避免直接暴露在强烈的阳光下，以保护您的皮肤。\n对于那些颜色和质地都表现出成熟特征的半熟桃子，可以优先考虑用于鲜食市场。\n当您发现半熟桃子的颜色和质地都达到了理想状态时，就可以准备采摘了。\n当您发现半熟桃子的颜色和质地都符合预期时，就可以准备采摘了。\n如果发现采摘下来的半熟桃子中有特别大的个体，可以作为展示或宣传用途，提升农场的形象。\n当您发现半熟桃子的颜色和质地都达到了理想状态时，就可以准备采摘了。\n当您注意到半熟桃子的颜色变得非常吸引人时，这是采摘的好时机。\n对于那些生长在树冠下层的半熟桃子，可以考虑使用长臂剪刀进行安全采摘。\n当您发现半熟桃子的颜色和质地都表现出良好的成熟特征时，就可以准备采摘了。\n在采摘未熟绿色桃子时，请确保所有采摘下的果实都放置在阴凉处。\n定期休息一下不仅可以恢复体力，也有助于更好地评估哪些未熟绿色桃子已经成熟可以采摘。\n尽量保持对细节的关注，即使是微小的变化也可能影响到最终的采摘效果。\n当您发现未熟绿色桃子的颜色逐渐加深，质地也变得更加柔软时，就可以开始采摘了。\n在采摘未熟绿色桃子时，请确保所有采摘下的果实都没有受到任何损害。\n检查半熟桃子是否有自然裂口，如果有，应尽快采摘以减少损失。"
        },
        {
            "category": "全熟桃子",
            "bbox": [
                465.0,
                235.0,
                82.0,
                70.0
            ],
            "caption": "在采摘半熟桃子时，尽量避免直接暴露在强烈的阳光下，以保护您的皮肤。\n对于那些颜色和质地都表现出成熟特征的半熟桃子，可以优先考虑用于鲜食市场。\n当您发现半熟桃子的颜色和质地都达到了理想状态时，就可以准备采摘了。\n当您发现半熟桃子的颜色和质地都符合预期时，就可以准备采摘了。\n如果发现采摘下来的半熟桃子中有特别大的个体，可以作为展示或宣传用途，提升农场的形象。\n当您发现半熟桃子的颜色和质地都达到了理想状态时，就可以准备采摘了。\n当您注意到半熟桃子的颜色变得非常吸引人时，这是采摘的好时机。\n对于那些生长在树冠下层的半熟桃子，可以考虑使用长臂剪刀进行安全采摘。\n当您发现半熟桃子的颜色和质地都表现出良好的成熟特征时，就可以准备采摘了。\n在采摘未熟绿色桃子时，请确保所有采摘下的果实都放置在阴凉处。\n定期休息一下不仅可以恢复体力，也有助于更好地评估哪些未熟绿色桃子已经成熟可以采摘。\n尽量保持对细节的关注，即使是微小的变化也可能影响到最终的采摘效果。\n当您发现未熟绿色桃子的颜色逐渐加深，质地也变得更加柔软时，就可以开始采摘了。\n在采摘未熟绿色桃子时，请确保所有采摘下的果实都没有受到任何损害。\n检查半熟桃子是否有自然裂口，如果有，应尽快采摘以减少损失。"
        }
    ]
}