{
    "image_id": "01_0501_164159.jpg",
    "annotations": [
        {
            "category": "半熟桃子",
            "bbox": [
                480.0,
                91.00000000000003,
                372.0,
                451.0
            ],
            "caption": "在采摘未熟绿色桃子时，请使用专用的手套以保护果实表皮不受损伤。\n在采摘未熟绿色桃子时，确保每次采摘的数量适中，不要一次性摘得太多。"
        },
        {
            "category": "半熟桃子",
            "bbox": [
                631.0,
                465.0,
                226.0,
                196.9999999999999
            ],
            "caption": "在采摘未熟绿色桃子时，请使用专用的手套以保护果实表皮不受损伤。\n在采摘未熟绿色桃子时，确保每次采摘的数量适中，不要一次性摘得太多。"
        }
    ]
}