{
    "image_id": "01_0605_162350.jpg",
    "annotations": [
        {
            "category": "全熟桃子",
            "bbox": [
                545.0,
                337.0,
                377.0,
                323.0
            ],
            "caption": "当您发现半熟桃子的颜色和形状都非常完美时，这通常是采摘的最佳时机。\n采摘过程中，请小心处理每一个半熟桃子，以避免任何可能造成的损伤。\n如果发现有新的栽培技术或管理经验，可以尝试应用到实际工作中，提高半熟桃子的产量和质量。\n遇到一些几乎快要脱落的半熟桃子，这可能意味着它们已经到了最佳采摘期；但对于那些依然牢固地挂在枝上的半熟桃子，可能还需要一点时间。\n对于那些颜色已经开始转变的半熟桃子，可以在早晨或傍晚时段进行采摘。\n对于那些色泽饱满、大小适中且成熟的半熟桃子，可以优先考虑采摘；而忽略那些未完全成熟的小个或颜色浅的半熟桃子。\n对于生长在树冠下层的半熟桃子，建议使用长臂工具进行安全采摘。\n在果园巡查时，请优先摘取那些完全成熟、颜色鲜艳且轻轻一碰就会自然掉落的半熟桃子。"
        },
        {
            "category": "全熟桃子",
            "bbox": [
                868.0,
                371.0,
                154.0,
                270.9999999999999
            ],
            "caption": "当您发现半熟桃子的颜色和形状都非常完美时，这通常是采摘的最佳时机。\n采摘过程中，请小心处理每一个半熟桃子，以避免任何可能造成的损伤。\n如果发现有新的栽培技术或管理经验，可以尝试应用到实际工作中，提高半熟桃子的产量和质量。\n遇到一些几乎快要脱落的半熟桃子，这可能意味着它们已经到了最佳采摘期；但对于那些依然牢固地挂在枝上的半熟桃子，可能还需要一点时间。\n对于那些颜色已经开始转变的半熟桃子，可以在早晨或傍晚时段进行采摘。\n对于那些色泽饱满、大小适中且成熟的半熟桃子，可以优先考虑采摘；而忽略那些未完全成熟的小个或颜色浅的半熟桃子。\n对于生长在树冠下层的半熟桃子，建议使用长臂工具进行安全采摘。\n在果园巡查时，请优先摘取那些完全成熟、颜色鲜艳且轻轻一碰就会自然掉落的半熟桃子。"
        },
        {
            "category": "全熟桃子",
            "bbox": [
                937.0,
                145.0,
                85.0,
                144.0
            ],
            "caption": "当您发现半熟桃子的颜色和形状都非常完美时，这通常是采摘的最佳时机。\n采摘过程中，请小心处理每一个半熟桃子，以避免任何可能造成的损伤。\n如果发现有新的栽培技术或管理经验，可以尝试应用到实际工作中，提高半熟桃子的产量和质量。\n遇到一些几乎快要脱落的半熟桃子，这可能意味着它们已经到了最佳采摘期；但对于那些依然牢固地挂在枝上的半熟桃子，可能还需要一点时间。\n对于那些颜色已经开始转变的半熟桃子，可以在早晨或傍晚时段进行采摘。\n对于那些色泽饱满、大小适中且成熟的半熟桃子，可以优先考虑采摘；而忽略那些未完全成熟的小个或颜色浅的半熟桃子。\n对于生长在树冠下层的半熟桃子，建议使用长臂工具进行安全采摘。\n在果园巡查时，请优先摘取那些完全成熟、颜色鲜艳且轻轻一碰就会自然掉落的半熟桃子。"
        },
        {
            "category": "全熟桃子",
            "bbox": [
                709.0,
                1.9999999999999982,
                69.0,
                84.0
            ],
            "caption": "当您发现半熟桃子的颜色和形状都非常完美时，这通常是采摘的最佳时机。\n采摘过程中，请小心处理每一个半熟桃子，以避免任何可能造成的损伤。\n如果发现有新的栽培技术或管理经验，可以尝试应用到实际工作中，提高半熟桃子的产量和质量。\n遇到一些几乎快要脱落的半熟桃子，这可能意味着它们已经到了最佳采摘期；但对于那些依然牢固地挂在枝上的半熟桃子，可能还需要一点时间。\n对于那些颜色已经开始转变的半熟桃子，可以在早晨或傍晚时段进行采摘。\n对于那些色泽饱满、大小适中且成熟的半熟桃子，可以优先考虑采摘；而忽略那些未完全成熟的小个或颜色浅的半熟桃子。\n对于生长在树冠下层的半熟桃子，建议使用长臂工具进行安全采摘。\n在果园巡查时，请优先摘取那些完全成熟、颜色鲜艳且轻轻一碰就会自然掉落的半熟桃子。"
        },
        {
            "category": "全熟桃子",
            "bbox": [
                432.0,
                9.0,
                291.0,
                276.0
            ],
            "caption": "当您发现半熟桃子的颜色和形状都非常完美时，这通常是采摘的最佳时机。\n采摘过程中，请小心处理每一个半熟桃子，以避免任何可能造成的损伤。\n如果发现有新的栽培技术或管理经验，可以尝试应用到实际工作中，提高半熟桃子的产量和质量。\n遇到一些几乎快要脱落的半熟桃子，这可能意味着它们已经到了最佳采摘期；但对于那些依然牢固地挂在枝上的半熟桃子，可能还需要一点时间。\n对于那些颜色已经开始转变的半熟桃子，可以在早晨或傍晚时段进行采摘。\n对于那些色泽饱满、大小适中且成熟的半熟桃子，可以优先考虑采摘；而忽略那些未完全成熟的小个或颜色浅的半熟桃子。\n对于生长在树冠下层的半熟桃子，建议使用长臂工具进行安全采摘。\n在果园巡查时，请优先摘取那些完全成熟、颜色鲜艳且轻轻一碰就会自然掉落的半熟桃子。"
        },
        {
            "category": "全熟桃子",
            "bbox": [
                240.0,
                54.0,
                68.0,
                60.0
            ],
            "caption": "当您发现半熟桃子的颜色和形状都非常完美时，这通常是采摘的最佳时机。\n采摘过程中，请小心处理每一个半熟桃子，以避免任何可能造成的损伤。\n如果发现有新的栽培技术或管理经验，可以尝试应用到实际工作中，提高半熟桃子的产量和质量。\n遇到一些几乎快要脱落的半熟桃子，这可能意味着它们已经到了最佳采摘期；但对于那些依然牢固地挂在枝上的半熟桃子，可能还需要一点时间。\n对于那些颜色已经开始转变的半熟桃子，可以在早晨或傍晚时段进行采摘。\n对于那些色泽饱满、大小适中且成熟的半熟桃子，可以优先考虑采摘；而忽略那些未完全成熟的小个或颜色浅的半熟桃子。\n对于生长在树冠下层的半熟桃子，建议使用长臂工具进行安全采摘。\n在果园巡查时，请优先摘取那些完全成熟、颜色鲜艳且轻轻一碰就会自然掉落的半熟桃子。"
        },
        {
            "category": "全熟桃子",
            "bbox": [
                309.0,
                65.0,
                87.0,
                78.0
            ],
            "caption": "当您发现半熟桃子的颜色和形状都非常完美时，这通常是采摘的最佳时机。\n采摘过程中，请小心处理每一个半熟桃子，以避免任何可能造成的损伤。\n如果发现有新的栽培技术或管理经验，可以尝试应用到实际工作中，提高半熟桃子的产量和质量。\n遇到一些几乎快要脱落的半熟桃子，这可能意味着它们已经到了最佳采摘期；但对于那些依然牢固地挂在枝上的半熟桃子，可能还需要一点时间。\n对于那些颜色已经开始转变的半熟桃子，可以在早晨或傍晚时段进行采摘。\n对于那些色泽饱满、大小适中且成熟的半熟桃子，可以优先考虑采摘；而忽略那些未完全成熟的小个或颜色浅的半熟桃子。\n对于生长在树冠下层的半熟桃子，建议使用长臂工具进行安全采摘。\n在果园巡查时，请优先摘取那些完全成熟、颜色鲜艳且轻轻一碰就会自然掉落的半熟桃子。"
        },
        {
            "category": "全熟桃子",
            "bbox": [
                0.0,
                454.0,
                31.0,
                88.0
            ],
            "caption": "当您发现半熟桃子的颜色和形状都非常完美时，这通常是采摘的最佳时机。\n采摘过程中，请小心处理每一个半熟桃子，以避免任何可能造成的损伤。\n如果发现有新的栽培技术或管理经验，可以尝试应用到实际工作中，提高半熟桃子的产量和质量。\n遇到一些几乎快要脱落的半熟桃子，这可能意味着它们已经到了最佳采摘期；但对于那些依然牢固地挂在枝上的半熟桃子，可能还需要一点时间。\n对于那些颜色已经开始转变的半熟桃子，可以在早晨或傍晚时段进行采摘。\n对于那些色泽饱满、大小适中且成熟的半熟桃子，可以优先考虑采摘；而忽略那些未完全成熟的小个或颜色浅的半熟桃子。\n对于生长在树冠下层的半熟桃子，建议使用长臂工具进行安全采摘。\n在果园巡查时，请优先摘取那些完全成熟、颜色鲜艳且轻轻一碰就会自然掉落的半熟桃子。"
        }
    ]
}