{
    "image_id": "01_0501_163654.jpg",
    "annotations": [
        {
            "category": "半熟桃子",
            "bbox": [
                296.0,
                308.99999999999994,
                175.0,
                167.00000000000006
            ],
            "caption": "当您发现未熟绿色桃子的颜色和质地都达到了理想状态时，就可以准备采摘了。\n如果发现有新的栽培技术或管理经验，可以尝试应用到实际工作中，提高未熟绿色桃子的产量和质量。\n如果发现采摘下来的未熟绿色桃子中有特别受欢迎的品种，可以加大种植面积或改进栽培技术。\n当您发现未熟绿色桃子的颜色和质地都达到了理想状态时，就可以准备采摘了。"
        },
        {
            "category": "半熟桃子",
            "bbox": [
                317.0,
                459.0,
                214.0,
                256.9999999999999
            ],
            "caption": "当您发现未熟绿色桃子的颜色和质地都达到了理想状态时，就可以准备采摘了。\n如果发现有新的栽培技术或管理经验，可以尝试应用到实际工作中，提高未熟绿色桃子的产量和质量。\n如果发现采摘下来的未熟绿色桃子中有特别受欢迎的品种，可以加大种植面积或改进栽培技术。\n当您发现未熟绿色桃子的颜色和质地都达到了理想状态时，就可以准备采摘了。"
        },
        {
            "category": "半熟桃子",
            "bbox": [
                160.0,
                15.0,
                256.0,
                272.0
            ],
            "caption": "当您发现未熟绿色桃子的颜色和质地都达到了理想状态时，就可以准备采摘了。\n如果发现有新的栽培技术或管理经验，可以尝试应用到实际工作中，提高未熟绿色桃子的产量和质量。\n如果发现采摘下来的未熟绿色桃子中有特别受欢迎的品种，可以加大种植面积或改进栽培技术。\n当您发现未熟绿色桃子的颜色和质地都达到了理想状态时，就可以准备采摘了。"
        },
        {
            "category": "半熟桃子",
            "bbox": [
                449.0,
                0.0,
                75.0,
                61.0
            ],
            "caption": "当您发现未熟绿色桃子的颜色和质地都达到了理想状态时，就可以准备采摘了。\n如果发现有新的栽培技术或管理经验，可以尝试应用到实际工作中，提高未熟绿色桃子的产量和质量。\n如果发现采摘下来的未熟绿色桃子中有特别受欢迎的品种，可以加大种植面积或改进栽培技术。\n当您发现未熟绿色桃子的颜色和质地都达到了理想状态时，就可以准备采摘了。"
        }
    ]
}