{
    "image_id": "01_0501_163930.jpg",
    "annotations": [
        {
            "category": "半熟桃子",
            "bbox": [
                519.0,
                42.999999999999986,
                377.0,
                377.0
            ],
            "caption": "对于那些颜色和质地都表现出成熟特征的未熟绿色桃子，可以优先考虑用于加工产品。\n当您发现未熟绿色桃子的颜色和形状都非常完美时，这通常是采摘的最佳时机。\n尽量采用科学的方法，如通过检测仪器确定未熟绿色桃子的成熟度，提高采摘精度。"
        },
        {
            "category": "半熟桃子",
            "bbox": [
                167.0,
                432.0,
                374.0,
                289.9999999999999
            ],
            "caption": "对于那些颜色和质地都表现出成熟特征的未熟绿色桃子，可以优先考虑用于加工产品。\n当您发现未熟绿色桃子的颜色和形状都非常完美时，这通常是采摘的最佳时机。\n尽量采用科学的方法，如通过检测仪器确定未熟绿色桃子的成熟度，提高采摘精度。"
        },
        {
            "category": "半熟桃子",
            "bbox": [
                0.0,
                592.0,
                177.0,
                156.0
            ],
            "caption": "对于那些颜色和质地都表现出成熟特征的未熟绿色桃子，可以优先考虑用于加工产品。\n当您发现未熟绿色桃子的颜色和形状都非常完美时，这通常是采摘的最佳时机。\n尽量采用科学的方法，如通过检测仪器确定未熟绿色桃子的成熟度，提高采摘精度。"
        }
    ]
}