{
    "image_id": "01_0530_154344.jpg",
    "annotations": [
        {
            "category": "半熟桃子",
            "bbox": [
                611.0,
                255.0,
                257.0,
                276.0
            ],
            "caption": "请确保所有采摘下来的未熟绿色桃子都被妥善存放，避免日晒雨淋，以延长其新鲜度和保存期限。\n对于那些颜色和质地都表现出良好特征的未熟绿色桃子，可以优先考虑用于加工。\n在采摘未熟绿色桃子时，请确保所有工具都是干净无菌的，以避免交叉感染。\n采摘后，立即将未熟绿色桃子放入冷藏设备中保存，以延长保鲜期。\n在处理那些靠近地面或容易受到病虫害影响的未熟绿色桃子时，要格外小心，优先选择健康无损的未熟绿色桃子进行采摘。\n对于那些颜色已经开始变化但还未完全成熟的未熟绿色桃子，可以稍微延迟采摘。"
        },
        {
            "category": "半熟桃子",
            "bbox": [
                722.0,
                630.0,
                49.0,
                52.0
            ],
            "caption": "请确保所有采摘下来的未熟绿色桃子都被妥善存放，避免日晒雨淋，以延长其新鲜度和保存期限。\n对于那些颜色和质地都表现出良好特征的未熟绿色桃子，可以优先考虑用于加工。\n在采摘未熟绿色桃子时，请确保所有工具都是干净无菌的，以避免交叉感染。\n采摘后，立即将未熟绿色桃子放入冷藏设备中保存，以延长保鲜期。\n在处理那些靠近地面或容易受到病虫害影响的未熟绿色桃子时，要格外小心，优先选择健康无损的未熟绿色桃子进行采摘。\n对于那些颜色已经开始变化但还未完全成熟的未熟绿色桃子，可以稍微延迟采摘。"
        },
        {
            "category": "半熟桃子",
            "bbox": [
                456.0,
                463.0,
                48.0,
                43.0
            ],
            "caption": "请确保所有采摘下来的未熟绿色桃子都被妥善存放，避免日晒雨淋，以延长其新鲜度和保存期限。\n对于那些颜色和质地都表现出良好特征的未熟绿色桃子，可以优先考虑用于加工。\n在采摘未熟绿色桃子时，请确保所有工具都是干净无菌的，以避免交叉感染。\n采摘后，立即将未熟绿色桃子放入冷藏设备中保存，以延长保鲜期。\n在处理那些靠近地面或容易受到病虫害影响的未熟绿色桃子时，要格外小心，优先选择健康无损的未熟绿色桃子进行采摘。\n对于那些颜色已经开始变化但还未完全成熟的未熟绿色桃子，可以稍微延迟采摘。"
        },
        {
            "category": "半熟桃子",
            "bbox": [
                908.0,
                416.0,
                43.0,
                39.0
            ],
            "caption": "请确保所有采摘下来的未熟绿色桃子都被妥善存放，避免日晒雨淋，以延长其新鲜度和保存期限。\n对于那些颜色和质地都表现出良好特征的未熟绿色桃子，可以优先考虑用于加工。\n在采摘未熟绿色桃子时，请确保所有工具都是干净无菌的，以避免交叉感染。\n采摘后，立即将未熟绿色桃子放入冷藏设备中保存，以延长保鲜期。\n在处理那些靠近地面或容易受到病虫害影响的未熟绿色桃子时，要格外小心，优先选择健康无损的未熟绿色桃子进行采摘。\n对于那些颜色已经开始变化但还未完全成熟的未熟绿色桃子，可以稍微延迟采摘。"
        },
        {
            "category": "半熟桃子",
            "bbox": [
                687.0,
                638.0,
                36.0,
                35.0
            ],
            "caption": "请确保所有采摘下来的未熟绿色桃子都被妥善存放，避免日晒雨淋，以延长其新鲜度和保存期限。\n对于那些颜色和质地都表现出良好特征的未熟绿色桃子，可以优先考虑用于加工。\n在采摘未熟绿色桃子时，请确保所有工具都是干净无菌的，以避免交叉感染。\n采摘后，立即将未熟绿色桃子放入冷藏设备中保存，以延长保鲜期。\n在处理那些靠近地面或容易受到病虫害影响的未熟绿色桃子时，要格外小心，优先选择健康无损的未熟绿色桃子进行采摘。\n对于那些颜色已经开始变化但还未完全成熟的未熟绿色桃子，可以稍微延迟采摘。"
        },
        {
            "category": "半熟桃子",
            "bbox": [
                351.0,
                365.0,
                32.0,
                48.0
            ],
            "caption": "请确保所有采摘下来的未熟绿色桃子都被妥善存放，避免日晒雨淋，以延长其新鲜度和保存期限。\n对于那些颜色和质地都表现出良好特征的未熟绿色桃子，可以优先考虑用于加工。\n在采摘未熟绿色桃子时，请确保所有工具都是干净无菌的，以避免交叉感染。\n采摘后，立即将未熟绿色桃子放入冷藏设备中保存，以延长保鲜期。\n在处理那些靠近地面或容易受到病虫害影响的未熟绿色桃子时，要格外小心，优先选择健康无损的未熟绿色桃子进行采摘。\n对于那些颜色已经开始变化但还未完全成熟的未熟绿色桃子，可以稍微延迟采摘。"
        }
    ]
}