{
    "image_id": "01_0611_163011.jpg",
    "annotations": [
        {
            "category": "青柿子",
            "bbox": [
                221.0,
                223.99999999999997,
                330.0,
                327.9999999999999
            ],
            "caption": "在采摘全熟桃子时，请确保所有采摘下的果实都放置在阴凉处。\n当全熟桃子的颜色开始从绿色变为红色时，表示它们已经接近成熟，可以准备采摘了。\n在采摘全熟桃子时，请确保每个工人负责的区域清晰明确。\n对于那些颜色和质地都表现出成熟特征的全熟桃子，可以优先考虑用于鲜食市场。\n当您发现半熟桃子的颜色和质地都达到了理想状态时，就可以准备采摘了。\n选择清晨或傍晚时段采摘半熟桃子，以保证果实的新鲜度和口感。\n采摘后，立即将全熟桃子放入冷藏设备中保存，以延长保鲜期。"
        },
        {
            "category": "青柿子",
            "bbox": [
                308.0,
                614.0,
                401.0,
                152.0
            ],
            "caption": "在采摘全熟桃子时，请确保所有采摘下的果实都放置在阴凉处。\n当全熟桃子的颜色开始从绿色变为红色时，表示它们已经接近成熟，可以准备采摘了。\n在采摘全熟桃子时，请确保每个工人负责的区域清晰明确。\n对于那些颜色和质地都表现出成熟特征的全熟桃子，可以优先考虑用于鲜食市场。\n当您发现半熟桃子的颜色和质地都达到了理想状态时，就可以准备采摘了。\n选择清晨或傍晚时段采摘半熟桃子，以保证果实的新鲜度和口感。\n采摘后，立即将全熟桃子放入冷藏设备中保存，以延长保鲜期。"
        },
        {
            "category": "青柿子",
            "bbox": [
                55.0,
                399.99999999999994,
                246.0,
                218.00000000000006
            ],
            "caption": "在采摘全熟桃子时，请确保所有采摘下的果实都放置在阴凉处。\n当全熟桃子的颜色开始从绿色变为红色时，表示它们已经接近成熟，可以准备采摘了。\n在采摘全熟桃子时，请确保每个工人负责的区域清晰明确。\n对于那些颜色和质地都表现出成熟特征的全熟桃子，可以优先考虑用于鲜食市场。\n当您发现半熟桃子的颜色和质地都达到了理想状态时，就可以准备采摘了。\n选择清晨或傍晚时段采摘半熟桃子，以保证果实的新鲜度和口感。\n采摘后，立即将全熟桃子放入冷藏设备中保存，以延长保鲜期。"
        },
        {
            "category": "青柿子",
            "bbox": [
                838.0,
                367.0,
                183.0,
                248.0
            ],
            "caption": "在采摘全熟桃子时，请确保所有采摘下的果实都放置在阴凉处。\n当全熟桃子的颜色开始从绿色变为红色时，表示它们已经接近成熟，可以准备采摘了。\n在采摘全熟桃子时，请确保每个工人负责的区域清晰明确。\n对于那些颜色和质地都表现出成熟特征的全熟桃子，可以优先考虑用于鲜食市场。\n当您发现半熟桃子的颜色和质地都达到了理想状态时，就可以准备采摘了。\n选择清晨或傍晚时段采摘半熟桃子，以保证果实的新鲜度和口感。\n采摘后，立即将全熟桃子放入冷藏设备中保存，以延长保鲜期。"
        },
        {
            "category": "全熟桃子",
            "bbox": [
                104.0,
                247.99999999999997,
                177.0,
                150.00000000000003
            ],
            "caption": "在采摘全熟桃子时，请确保所有采摘下的果实都放置在阴凉处。\n当全熟桃子的颜色开始从绿色变为红色时，表示它们已经接近成熟，可以准备采摘了。\n在采摘全熟桃子时，请确保每个工人负责的区域清晰明确。\n对于那些颜色和质地都表现出成熟特征的全熟桃子，可以优先考虑用于鲜食市场。\n当您发现半熟桃子的颜色和质地都达到了理想状态时，就可以准备采摘了。\n选择清晨或傍晚时段采摘半熟桃子，以保证果实的新鲜度和口感。\n采摘后，立即将全熟桃子放入冷藏设备中保存，以延长保鲜期。"
        },
        {
            "category": "全熟桃子",
            "bbox": [
                182.0,
                0.0,
                121.0,
                85.0
            ],
            "caption": "在采摘全熟桃子时，请确保所有采摘下的果实都放置在阴凉处。\n当全熟桃子的颜色开始从绿色变为红色时，表示它们已经接近成熟，可以准备采摘了。\n在采摘全熟桃子时，请确保每个工人负责的区域清晰明确。\n对于那些颜色和质地都表现出成熟特征的全熟桃子，可以优先考虑用于鲜食市场。\n当您发现半熟桃子的颜色和质地都达到了理想状态时，就可以准备采摘了。\n选择清晨或傍晚时段采摘半熟桃子，以保证果实的新鲜度和口感。\n采摘后，立即将全熟桃子放入冷藏设备中保存，以延长保鲜期。"
        },
        {
            "category": "青柿子",
            "bbox": [
                537.0,
                157.99999999999997,
                417.0,
                390.0
            ],
            "caption": "在采摘全熟桃子时，请确保所有采摘下的果实都放置在阴凉处。\n当全熟桃子的颜色开始从绿色变为红色时，表示它们已经接近成熟，可以准备采摘了。\n在采摘全熟桃子时，请确保每个工人负责的区域清晰明确。\n对于那些颜色和质地都表现出成熟特征的全熟桃子，可以优先考虑用于鲜食市场。\n当您发现半熟桃子的颜色和质地都达到了理想状态时，就可以准备采摘了。\n选择清晨或傍晚时段采摘半熟桃子，以保证果实的新鲜度和口感。\n采摘后，立即将全熟桃子放入冷藏设备中保存，以延长保鲜期。"
        }
    ]
}