{
    "image_id": "01_0611_162639.jpg",
    "annotations": [
        {
            "category": "青柿子",
            "bbox": [
                567.0,
                0.0,
                360.0,
                298.0
            ],
            "caption": "当全熟桃子的颜色开始从绿色变为红色时，表示它们已经接近成熟，可以准备采摘了。\n在采摘过程中，请保持果园清洁，及时清理掉落在地上的腐烂全熟桃子。\n当全熟桃子的颜色和香气都达到顶峰时，就是采摘的最佳时刻。\n采摘过程中，请小心处理每一个全熟桃子，以避免任何可能造成的损伤。\n如果有多个工人一起工作，可以分配不同的区域，确保每个角落的半熟桃子都能得到适当的照顾。\n当您发现全熟桃子的颜色和形状都非常完美时，这通常是采摘的最佳时机。"
        },
        {
            "category": "青柿子",
            "bbox": [
                425.0,
                212.0,
                440.0,
                422.0
            ],
            "caption": "当全熟桃子的颜色开始从绿色变为红色时，表示它们已经接近成熟，可以准备采摘了。\n在采摘过程中，请保持果园清洁，及时清理掉落在地上的腐烂全熟桃子。\n当全熟桃子的颜色和香气都达到顶峰时，就是采摘的最佳时刻。\n采摘过程中，请小心处理每一个全熟桃子，以避免任何可能造成的损伤。\n如果有多个工人一起工作，可以分配不同的区域，确保每个角落的半熟桃子都能得到适当的照顾。\n当您发现全熟桃子的颜色和形状都非常完美时，这通常是采摘的最佳时机。"
        },
        {
            "category": "青柿子",
            "bbox": [
                330.0,
                205.0,
                108.0,
                185.99999999999994
            ],
            "caption": "当全熟桃子的颜色开始从绿色变为红色时，表示它们已经接近成熟，可以准备采摘了。\n在采摘过程中，请保持果园清洁，及时清理掉落在地上的腐烂全熟桃子。\n当全熟桃子的颜色和香气都达到顶峰时，就是采摘的最佳时刻。\n采摘过程中，请小心处理每一个全熟桃子，以避免任何可能造成的损伤。\n如果有多个工人一起工作，可以分配不同的区域，确保每个角落的半熟桃子都能得到适当的照顾。\n当您发现全熟桃子的颜色和形状都非常完美时，这通常是采摘的最佳时机。"
        },
        {
            "category": "青柿子",
            "bbox": [
                715.0,
                702.0,
                43.0,
                40.0
            ],
            "caption": "当全熟桃子的颜色开始从绿色变为红色时，表示它们已经接近成熟，可以准备采摘了。\n在采摘过程中，请保持果园清洁，及时清理掉落在地上的腐烂全熟桃子。\n当全熟桃子的颜色和香气都达到顶峰时，就是采摘的最佳时刻。\n采摘过程中，请小心处理每一个全熟桃子，以避免任何可能造成的损伤。\n如果有多个工人一起工作，可以分配不同的区域，确保每个角落的半熟桃子都能得到适当的照顾。\n当您发现全熟桃子的颜色和形状都非常完美时，这通常是采摘的最佳时机。"
        },
        {
            "category": "全熟桃子",
            "bbox": [
                782.0,
                680.0,
                48.0,
                44.0
            ],
            "caption": "当全熟桃子的颜色开始从绿色变为红色时，表示它们已经接近成熟，可以准备采摘了。\n在采摘过程中，请保持果园清洁，及时清理掉落在地上的腐烂全熟桃子。\n当全熟桃子的颜色和香气都达到顶峰时，就是采摘的最佳时刻。\n采摘过程中，请小心处理每一个全熟桃子，以避免任何可能造成的损伤。\n如果有多个工人一起工作，可以分配不同的区域，确保每个角落的半熟桃子都能得到适当的照顾。\n当您发现全熟桃子的颜色和形状都非常完美时，这通常是采摘的最佳时机。"
        },
        {
            "category": "青柿子",
            "bbox": [
                817.0,
                740.0,
                41.0,
                26.0
            ],
            "caption": "当全熟桃子的颜色开始从绿色变为红色时，表示它们已经接近成熟，可以准备采摘了。\n在采摘过程中，请保持果园清洁，及时清理掉落在地上的腐烂全熟桃子。\n当全熟桃子的颜色和香气都达到顶峰时，就是采摘的最佳时刻。\n采摘过程中，请小心处理每一个全熟桃子，以避免任何可能造成的损伤。\n如果有多个工人一起工作，可以分配不同的区域，确保每个角落的半熟桃子都能得到适当的照顾。\n当您发现全熟桃子的颜色和形状都非常完美时，这通常是采摘的最佳时机。"
        }
    ]
}