{
    "image_id": "01_0605_163343.jpg",
    "annotations": [
        {
            "category": "全熟桃子",
            "bbox": [
                529.0,
                172.0,
                350.0,
                371.0
            ],
            "caption": "在采摘半熟桃子时，确保所有采摘下来的果实都被妥善处理和储存。\n当发现有部分未熟绿色桃子已经开始变黄但顶端还是绿色的话，现在还不是最佳采摘时机；等到整串未熟绿色桃子都变成金黄色再行动。\n当半熟桃子的颜色开始从绿色变为红色时，表示它们已经接近成熟，可以准备采摘了。\n尝试用手指轻轻按压半熟桃子，感受其硬度，以此判断是否达到最佳采摘时机。\n请确保所有采摘未熟绿色桃子的人员都经过了专业培训。"
        },
        {
            "category": "半熟桃子",
            "bbox": [
                821.0,
                0.0,
                201.0,
                217.0
            ],
            "caption": "在采摘半熟桃子时，确保所有采摘下来的果实都被妥善处理和储存。\n当发现有部分未熟绿色桃子已经开始变黄但顶端还是绿色的话，现在还不是最佳采摘时机；等到整串未熟绿色桃子都变成金黄色再行动。\n当半熟桃子的颜色开始从绿色变为红色时，表示它们已经接近成熟，可以准备采摘了。\n尝试用手指轻轻按压半熟桃子，感受其硬度，以此判断是否达到最佳采摘时机。\n请确保所有采摘未熟绿色桃子的人员都经过了专业培训。"
        },
        {
            "category": "全熟桃子",
            "bbox": [
                536.0,
                554.9999999999999,
                63.0,
                101.00000000000011
            ],
            "caption": "在采摘半熟桃子时，确保所有采摘下来的果实都被妥善处理和储存。\n当发现有部分未熟绿色桃子已经开始变黄但顶端还是绿色的话，现在还不是最佳采摘时机；等到整串未熟绿色桃子都变成金黄色再行动。\n当半熟桃子的颜色开始从绿色变为红色时，表示它们已经接近成熟，可以准备采摘了。\n尝试用手指轻轻按压半熟桃子，感受其硬度，以此判断是否达到最佳采摘时机。\n请确保所有采摘未熟绿色桃子的人员都经过了专业培训。"
        },
        {
            "category": "全熟桃子",
            "bbox": [
                102.0,
                0.0,
                264.0,
                196.99999999999997
            ],
            "caption": "在采摘半熟桃子时，确保所有采摘下来的果实都被妥善处理和储存。\n当发现有部分未熟绿色桃子已经开始变黄但顶端还是绿色的话，现在还不是最佳采摘时机；等到整串未熟绿色桃子都变成金黄色再行动。\n当半熟桃子的颜色开始从绿色变为红色时，表示它们已经接近成熟，可以准备采摘了。\n尝试用手指轻轻按压半熟桃子，感受其硬度，以此判断是否达到最佳采摘时机。\n请确保所有采摘未熟绿色桃子的人员都经过了专业培训。"
        },
        {
            "category": "半熟桃子",
            "bbox": [
                52.0,
                141.0,
                58.0,
                58.99999999999997
            ],
            "caption": "在采摘半熟桃子时，确保所有采摘下来的果实都被妥善处理和储存。\n当发现有部分未熟绿色桃子已经开始变黄但顶端还是绿色的话，现在还不是最佳采摘时机；等到整串未熟绿色桃子都变成金黄色再行动。\n当半熟桃子的颜色开始从绿色变为红色时，表示它们已经接近成熟，可以准备采摘了。\n尝试用手指轻轻按压半熟桃子，感受其硬度，以此判断是否达到最佳采摘时机。\n请确保所有采摘未熟绿色桃子的人员都经过了专业培训。"
        }
    ]
}