{
    "image_id": "01_0611_163843.jpg",
    "annotations": [
        {
            "category": "全熟桃子",
            "bbox": [
                432.0,
                336.0,
                72.0,
                171.99999999999994
            ],
            "caption": "请确保所有用于采摘半熟桃子的工具都已消毒，以防止病菌传播。\n在采摘全熟桃子时，尽量避免过度劳累，以保持高效的工作状态。"
        },
        {
            "category": "青柿子",
            "bbox": [
                480.0,
                153.0,
                376.0,
                410.0
            ],
            "caption": "请确保所有用于采摘半熟桃子的工具都已消毒，以防止病菌传播。\n在采摘全熟桃子时，尽量避免过度劳累，以保持高效的工作状态。"
        }
    ]
}