{
    "image_id": "01_0501_164916.jpg",
    "annotations": [
        {
            "category": "半熟桃子",
            "bbox": [
                330.0,
                66.0,
                338.0,
                375.0
            ],
            "caption": "清理一下周围环境，移除任何可能妨碍工作的障碍物；这样可以让你更高效地采摘到成熟的未熟绿色桃子。\n对于生长在树冠下层的未熟绿色桃子，建议使用长臂工具进行安全采摘。\n当您发现未熟绿色桃子的颜色和质地都符合预期标准时，就可以准备采摘了。"
        },
        {
            "category": "半熟桃子",
            "bbox": [
                714.0,
                161.0,
                235.0,
                200.0
            ],
            "caption": "清理一下周围环境，移除任何可能妨碍工作的障碍物；这样可以让你更高效地采摘到成熟的未熟绿色桃子。\n对于生长在树冠下层的未熟绿色桃子，建议使用长臂工具进行安全采摘。\n当您发现未熟绿色桃子的颜色和质地都符合预期标准时，就可以准备采摘了。"
        },
        {
            "category": "半熟桃子",
            "bbox": [
                565.0,
                342.0,
                218.0,
                217.0
            ],
            "caption": "清理一下周围环境，移除任何可能妨碍工作的障碍物；这样可以让你更高效地采摘到成熟的未熟绿色桃子。\n对于生长在树冠下层的未熟绿色桃子，建议使用长臂工具进行安全采摘。\n当您发现未熟绿色桃子的颜色和质地都符合预期标准时，就可以准备采摘了。"
        }
    ]
}