{
    "image_id": "01_0605_163223.jpg",
    "annotations": [
        {
            "category": "半熟桃子",
            "bbox": [
                589.0,
                111.99999999999999,
                243.0,
                223.99999999999994
            ],
            "caption": "当您发现未熟绿色桃子的颜色和质地都达到了理想状态时，就可以准备采摘了。\n在采摘半熟桃子时，尽量避免过度劳累，以保持高效的工作状态。\n当您发现未熟绿色桃子的颜色和质地都达到了理想状态时，就可以准备采摘了。"
        },
        {
            "category": "全熟桃子",
            "bbox": [
                428.0,
                237.0,
                273.0,
                304.0
            ],
            "caption": "当您发现未熟绿色桃子的颜色和质地都达到了理想状态时，就可以准备采摘了。\n在采摘半熟桃子时，尽量避免过度劳累，以保持高效的工作状态。\n当您发现未熟绿色桃子的颜色和质地都达到了理想状态时，就可以准备采摘了。"
        },
        {
            "category": "半熟桃子",
            "bbox": [
                118.0,
                306.0,
                39.0,
                38.0
            ],
            "caption": "当您发现未熟绿色桃子的颜色和质地都达到了理想状态时，就可以准备采摘了。\n在采摘半熟桃子时，尽量避免过度劳累，以保持高效的工作状态。\n当您发现未熟绿色桃子的颜色和质地都达到了理想状态时，就可以准备采摘了。"
        }
    ]
}