{
    "image_id": "01_0530_154039.jpg",
    "annotations": [
        {
            "category": "半熟桃子",
            "bbox": [
                464.0,
                604.0,
                178.0,
                162.0
            ],
            "caption": "如果发现采摘下来的未熟绿色桃子中有特别适合加工的个体，可以考虑开发相关的衍生产品。\n当您发现半熟桃子的颜色和质地都表现出良好的成熟特征时，就可以准备采摘了。\n对于那些颜色和质地都表现出成熟特征的半熟桃子，可以优先考虑用于直接销售给消费者。\n对于那些颜色和质地都表现出成熟特征的未熟绿色桃子，可以优先考虑用于直接销售给消费者。\n当您发现未熟绿色桃子的颜色和质地都符合预期标准时，就可以准备采摘了。\n对于那些颜色鲜艳且表皮光滑无瑕疵的未熟绿色桃子，可以优先考虑用于高端市场。\n在采摘未熟绿色桃子时，确保所有采摘下来的果实都被妥善处理和储存。"
        },
        {
            "category": "全熟桃子",
            "bbox": [
                564.0,
                225.0,
                297.0,
                336.0
            ],
            "caption": "如果发现采摘下来的未熟绿色桃子中有特别适合加工的个体，可以考虑开发相关的衍生产品。\n当您发现半熟桃子的颜色和质地都表现出良好的成熟特征时，就可以准备采摘了。\n对于那些颜色和质地都表现出成熟特征的半熟桃子，可以优先考虑用于直接销售给消费者。\n对于那些颜色和质地都表现出成熟特征的未熟绿色桃子，可以优先考虑用于直接销售给消费者。\n当您发现未熟绿色桃子的颜色和质地都符合预期标准时，就可以准备采摘了。\n对于那些颜色鲜艳且表皮光滑无瑕疵的未熟绿色桃子，可以优先考虑用于高端市场。\n在采摘未熟绿色桃子时，确保所有采摘下来的果实都被妥善处理和储存。"
        },
        {
            "category": "全熟桃子",
            "bbox": [
                71.0,
                550.0,
                85.0,
                81.0
            ],
            "caption": "如果发现采摘下来的未熟绿色桃子中有特别适合加工的个体，可以考虑开发相关的衍生产品。\n当您发现半熟桃子的颜色和质地都表现出良好的成熟特征时，就可以准备采摘了。\n对于那些颜色和质地都表现出成熟特征的半熟桃子，可以优先考虑用于直接销售给消费者。\n对于那些颜色和质地都表现出成熟特征的未熟绿色桃子，可以优先考虑用于直接销售给消费者。\n当您发现未熟绿色桃子的颜色和质地都符合预期标准时，就可以准备采摘了。\n对于那些颜色鲜艳且表皮光滑无瑕疵的未熟绿色桃子，可以优先考虑用于高端市场。\n在采摘未熟绿色桃子时，确保所有采摘下来的果实都被妥善处理和储存。"
        },
        {
            "category": "半熟桃子",
            "bbox": [
                812.0,
                369.0,
                69.0,
                150.0
            ],
            "caption": "如果发现采摘下来的未熟绿色桃子中有特别适合加工的个体，可以考虑开发相关的衍生产品。\n当您发现半熟桃子的颜色和质地都表现出良好的成熟特征时，就可以准备采摘了。\n对于那些颜色和质地都表现出成熟特征的半熟桃子，可以优先考虑用于直接销售给消费者。\n对于那些颜色和质地都表现出成熟特征的未熟绿色桃子，可以优先考虑用于直接销售给消费者。\n当您发现未熟绿色桃子的颜色和质地都符合预期标准时，就可以准备采摘了。\n对于那些颜色鲜艳且表皮光滑无瑕疵的未熟绿色桃子，可以优先考虑用于高端市场。\n在采摘未熟绿色桃子时，确保所有采摘下来的果实都被妥善处理和储存。"
        },
        {
            "category": "半熟桃子",
            "bbox": [
                471.0,
                260.0,
                30.0,
                29.0
            ],
            "caption": "如果发现采摘下来的未熟绿色桃子中有特别适合加工的个体，可以考虑开发相关的衍生产品。\n当您发现半熟桃子的颜色和质地都表现出良好的成熟特征时，就可以准备采摘了。\n对于那些颜色和质地都表现出成熟特征的半熟桃子，可以优先考虑用于直接销售给消费者。\n对于那些颜色和质地都表现出成熟特征的未熟绿色桃子，可以优先考虑用于直接销售给消费者。\n当您发现未熟绿色桃子的颜色和质地都符合预期标准时，就可以准备采摘了。\n对于那些颜色鲜艳且表皮光滑无瑕疵的未熟绿色桃子，可以优先考虑用于高端市场。\n在采摘未熟绿色桃子时，确保所有采摘下来的果实都被妥善处理和储存。"
        },
        {
            "category": "半熟桃子",
            "bbox": [
                484.0,
                299.0,
                30.0,
                40.0
            ],
            "caption": "如果发现采摘下来的未熟绿色桃子中有特别适合加工的个体，可以考虑开发相关的衍生产品。\n当您发现半熟桃子的颜色和质地都表现出良好的成熟特征时，就可以准备采摘了。\n对于那些颜色和质地都表现出成熟特征的半熟桃子，可以优先考虑用于直接销售给消费者。\n对于那些颜色和质地都表现出成熟特征的未熟绿色桃子，可以优先考虑用于直接销售给消费者。\n当您发现未熟绿色桃子的颜色和质地都符合预期标准时，就可以准备采摘了。\n对于那些颜色鲜艳且表皮光滑无瑕疵的未熟绿色桃子，可以优先考虑用于高端市场。\n在采摘未熟绿色桃子时，确保所有采摘下来的果实都被妥善处理和储存。"
        },
        {
            "category": "半熟桃子",
            "bbox": [
                466.0,
                374.0,
                25.0,
                24.0
            ],
            "caption": "如果发现采摘下来的未熟绿色桃子中有特别适合加工的个体，可以考虑开发相关的衍生产品。\n当您发现半熟桃子的颜色和质地都表现出良好的成熟特征时，就可以准备采摘了。\n对于那些颜色和质地都表现出成熟特征的半熟桃子，可以优先考虑用于直接销售给消费者。\n对于那些颜色和质地都表现出成熟特征的未熟绿色桃子，可以优先考虑用于直接销售给消费者。\n当您发现未熟绿色桃子的颜色和质地都符合预期标准时，就可以准备采摘了。\n对于那些颜色鲜艳且表皮光滑无瑕疵的未熟绿色桃子，可以优先考虑用于高端市场。\n在采摘未熟绿色桃子时，确保所有采摘下来的果实都被妥善处理和储存。"
        }
    ]
}