{
    "image_id": "01_0611_163628.jpg",
    "annotations": [
        {
            "category": "青柿子",
            "bbox": [
                557.0,
                75.99999999999999,
                354.0,
                338.99999999999994
            ],
            "caption": "在采摘全熟桃子时，请确保所有工具都是干净无菌的，以避免交叉感染。\n在采摘全熟桃子时，请确保所有采摘下的果实都得到了适当的保护。\n当您发现全熟桃子的颜色和质地都达到了理想状态时，就可以准备采摘了。"
        },
        {
            "category": "青柿子",
            "bbox": [
                355.0,
                0.0,
                199.0,
                149.0
            ],
            "caption": "在采摘全熟桃子时，请确保所有工具都是干净无菌的，以避免交叉感染。\n在采摘全熟桃子时，请确保所有采摘下的果实都得到了适当的保护。\n当您发现全熟桃子的颜色和质地都达到了理想状态时，就可以准备采摘了。"
        },
        {
            "category": "青柿子",
            "bbox": [
                483.0,
                330.0,
                327.0,
                297.0
            ],
            "caption": "在采摘全熟桃子时，请确保所有工具都是干净无菌的，以避免交叉感染。\n在采摘全熟桃子时，请确保所有采摘下的果实都得到了适当的保护。\n当您发现全熟桃子的颜色和质地都达到了理想状态时，就可以准备采摘了。"
        }
    ]
}