{
    "image_id": "01_0611_163020.jpg",
    "annotations": [
        {
            "category": "全熟桃子",
            "bbox": [
                594.0,
                325.0,
                304.0,
                271.0
            ],
            "caption": "对于那些颜色和质地都表现出成熟特征的半熟桃子，可以优先考虑用于制作果冻。\n检查每个全熟桃子的颜色、质地和气味，这些都是判断其是否成熟的良好指标；对于那些不确定的全熟桃子，可以稍后再做决定。\n如果您发现全熟桃子中有特别大的个体，可以将其单独存放，以便特殊处理。\n如果发现有些半熟桃子虽然外表看起来成熟了，但实际上内部还不够熟，最好推迟采摘时间，等到它们真正成熟后再动手。"
        },
        {
            "category": "青柿子",
            "bbox": [
                0.0,
                0.0,
                295.0,
                226.0
            ],
            "caption": "对于那些颜色和质地都表现出成熟特征的半熟桃子，可以优先考虑用于制作果冻。\n检查每个全熟桃子的颜色、质地和气味，这些都是判断其是否成熟的良好指标；对于那些不确定的全熟桃子，可以稍后再做决定。\n如果您发现全熟桃子中有特别大的个体，可以将其单独存放，以便特殊处理。\n如果发现有些半熟桃子虽然外表看起来成熟了，但实际上内部还不够熟，最好推迟采摘时间，等到它们真正成熟后再动手。"
        },
        {
            "category": "青柿子",
            "bbox": [
                266.0,
                211.99999999999997,
                287.0,
                307.0
            ],
            "caption": "对于那些颜色和质地都表现出成熟特征的半熟桃子，可以优先考虑用于制作果冻。\n检查每个全熟桃子的颜色、质地和气味，这些都是判断其是否成熟的良好指标；对于那些不确定的全熟桃子，可以稍后再做决定。\n如果您发现全熟桃子中有特别大的个体，可以将其单独存放，以便特殊处理。\n如果发现有些半熟桃子虽然外表看起来成熟了，但实际上内部还不够熟，最好推迟采摘时间，等到它们真正成熟后再动手。"
        },
        {
            "category": "全熟桃子",
            "bbox": [
                0.0,
                603.0,
                59.0,
                66.0
            ],
            "caption": "对于那些颜色和质地都表现出成熟特征的半熟桃子，可以优先考虑用于制作果冻。\n检查每个全熟桃子的颜色、质地和气味，这些都是判断其是否成熟的良好指标；对于那些不确定的全熟桃子，可以稍后再做决定。\n如果您发现全熟桃子中有特别大的个体，可以将其单独存放，以便特殊处理。\n如果发现有些半熟桃子虽然外表看起来成熟了，但实际上内部还不够熟，最好推迟采摘时间，等到它们真正成熟后再动手。"
        }
    ]
}