{
    "image_id": "01_0611_163451.jpg",
    "annotations": [
        {
            "category": "青柿子",
            "bbox": [
                345.0,
                181.99999999999997,
                522.0,
                483.0
            ],
            "caption": "定期休息一下不仅可以恢复体力，也有助于更好地评估哪些全熟桃子已经成熟可以采摘。\n如果半熟桃子的颜色和质地都表明它已经成熟，那么就可以放心地采摘了。\n在采摘半熟桃子时，尽量避开中午阳光最强烈的时候，以减少热损伤。\n在处理那些靠近地面或容易受到病虫害影响的半熟桃子时，要格外小心，优先选择健康无损的半熟桃子进行采摘。\n对于那些生长在陡峭山坡上的半熟桃子，建议使用梯子辅助采摘。\n在采摘前，先了解当天的天气预报，选择适宜的时间进行作业。\n如果发现采摘下来的半熟桃子中有次品，应单独放置，以便后续处理或加工利用。\n当您发现半熟桃子的颜色和质地都达到了理想状态时，就可以准备采摘了。"
        },
        {
            "category": "全熟桃子",
            "bbox": [
                192.0,
                0.0,
                144.0,
                131.0
            ],
            "caption": "定期休息一下不仅可以恢复体力，也有助于更好地评估哪些全熟桃子已经成熟可以采摘。\n如果半熟桃子的颜色和质地都表明它已经成熟，那么就可以放心地采摘了。\n在采摘半熟桃子时，尽量避开中午阳光最强烈的时候，以减少热损伤。\n在处理那些靠近地面或容易受到病虫害影响的半熟桃子时，要格外小心，优先选择健康无损的半熟桃子进行采摘。\n对于那些生长在陡峭山坡上的半熟桃子，建议使用梯子辅助采摘。\n在采摘前，先了解当天的天气预报，选择适宜的时间进行作业。\n如果发现采摘下来的半熟桃子中有次品，应单独放置，以便后续处理或加工利用。\n当您发现半熟桃子的颜色和质地都达到了理想状态时，就可以准备采摘了。"
        },
        {
            "category": "全熟桃子",
            "bbox": [
                755.0,
                594.0,
                267.0,
                172.0
            ],
            "caption": "定期休息一下不仅可以恢复体力，也有助于更好地评估哪些全熟桃子已经成熟可以采摘。\n如果半熟桃子的颜色和质地都表明它已经成熟，那么就可以放心地采摘了。\n在采摘半熟桃子时，尽量避开中午阳光最强烈的时候，以减少热损伤。\n在处理那些靠近地面或容易受到病虫害影响的半熟桃子时，要格外小心，优先选择健康无损的半熟桃子进行采摘。\n对于那些生长在陡峭山坡上的半熟桃子，建议使用梯子辅助采摘。\n在采摘前，先了解当天的天气预报，选择适宜的时间进行作业。\n如果发现采摘下来的半熟桃子中有次品，应单独放置，以便后续处理或加工利用。\n当您发现半熟桃子的颜色和质地都达到了理想状态时，就可以准备采摘了。"
        },
        {
            "category": "全熟桃子",
            "bbox": [
                445.0,
                639.0,
                95.0,
                55.0
            ],
            "caption": "定期休息一下不仅可以恢复体力，也有助于更好地评估哪些全熟桃子已经成熟可以采摘。\n如果半熟桃子的颜色和质地都表明它已经成熟，那么就可以放心地采摘了。\n在采摘半熟桃子时，尽量避开中午阳光最强烈的时候，以减少热损伤。\n在处理那些靠近地面或容易受到病虫害影响的半熟桃子时，要格外小心，优先选择健康无损的半熟桃子进行采摘。\n对于那些生长在陡峭山坡上的半熟桃子，建议使用梯子辅助采摘。\n在采摘前，先了解当天的天气预报，选择适宜的时间进行作业。\n如果发现采摘下来的半熟桃子中有次品，应单独放置，以便后续处理或加工利用。\n当您发现半熟桃子的颜色和质地都达到了理想状态时，就可以准备采摘了。"
        },
        {
            "category": "全熟桃子",
            "bbox": [
                309.0,
                557.9999999999999,
                135.0,
                149.0000000000001
            ],
            "caption": "定期休息一下不仅可以恢复体力，也有助于更好地评估哪些全熟桃子已经成熟可以采摘。\n如果半熟桃子的颜色和质地都表明它已经成熟，那么就可以放心地采摘了。\n在采摘半熟桃子时，尽量避开中午阳光最强烈的时候，以减少热损伤。\n在处理那些靠近地面或容易受到病虫害影响的半熟桃子时，要格外小心，优先选择健康无损的半熟桃子进行采摘。\n对于那些生长在陡峭山坡上的半熟桃子，建议使用梯子辅助采摘。\n在采摘前，先了解当天的天气预报，选择适宜的时间进行作业。\n如果发现采摘下来的半熟桃子中有次品，应单独放置，以便后续处理或加工利用。\n当您发现半熟桃子的颜色和质地都达到了理想状态时，就可以准备采摘了。"
        },
        {
            "category": "全熟桃子",
            "bbox": [
                19.0,
                686.0,
                44.0,
                80.0
            ],
            "caption": "定期休息一下不仅可以恢复体力，也有助于更好地评估哪些全熟桃子已经成熟可以采摘。\n如果半熟桃子的颜色和质地都表明它已经成熟，那么就可以放心地采摘了。\n在采摘半熟桃子时，尽量避开中午阳光最强烈的时候，以减少热损伤。\n在处理那些靠近地面或容易受到病虫害影响的半熟桃子时，要格外小心，优先选择健康无损的半熟桃子进行采摘。\n对于那些生长在陡峭山坡上的半熟桃子，建议使用梯子辅助采摘。\n在采摘前，先了解当天的天气预报，选择适宜的时间进行作业。\n如果发现采摘下来的半熟桃子中有次品，应单独放置，以便后续处理或加工利用。\n当您发现半熟桃子的颜色和质地都达到了理想状态时，就可以准备采摘了。"
        },
        {
            "category": "全熟桃子",
            "bbox": [
                272.0,
                249.0,
                56.0,
                78.0
            ],
            "caption": "定期休息一下不仅可以恢复体力，也有助于更好地评估哪些全熟桃子已经成熟可以采摘。\n如果半熟桃子的颜色和质地都表明它已经成熟，那么就可以放心地采摘了。\n在采摘半熟桃子时，尽量避开中午阳光最强烈的时候，以减少热损伤。\n在处理那些靠近地面或容易受到病虫害影响的半熟桃子时，要格外小心，优先选择健康无损的半熟桃子进行采摘。\n对于那些生长在陡峭山坡上的半熟桃子，建议使用梯子辅助采摘。\n在采摘前，先了解当天的天气预报，选择适宜的时间进行作业。\n如果发现采摘下来的半熟桃子中有次品，应单独放置，以便后续处理或加工利用。\n当您发现半熟桃子的颜色和质地都达到了理想状态时，就可以准备采摘了。"
        },
        {
            "category": "全熟桃子",
            "bbox": [
                210.0,
                331.0,
                31.0,
                68.99999999999994
            ],
            "caption": "定期休息一下不仅可以恢复体力，也有助于更好地评估哪些全熟桃子已经成熟可以采摘。\n如果半熟桃子的颜色和质地都表明它已经成熟，那么就可以放心地采摘了。\n在采摘半熟桃子时，尽量避开中午阳光最强烈的时候，以减少热损伤。\n在处理那些靠近地面或容易受到病虫害影响的半熟桃子时，要格外小心，优先选择健康无损的半熟桃子进行采摘。\n对于那些生长在陡峭山坡上的半熟桃子，建议使用梯子辅助采摘。\n在采摘前，先了解当天的天气预报，选择适宜的时间进行作业。\n如果发现采摘下来的半熟桃子中有次品，应单独放置，以便后续处理或加工利用。\n当您发现半熟桃子的颜色和质地都达到了理想状态时，就可以准备采摘了。"
        }
    ]
}