{
    "image_id": "01_0605_162645.jpg",
    "annotations": [
        {
            "category": "全熟桃子",
            "bbox": [
                320.0,
                215.99999999999994,
                336.0,
                373.99999999999994
            ],
            "caption": "在采摘半熟桃子时，请确保所有采摘下的果实都没有受到任何损害。\n当您发现半熟桃子的颜色和质地都达到了理想状态时，就可以准备采摘了。\n尽量采用多样化的采摘方式，根据不同种类的未熟绿色桃子特点选择最适合的方法。\n在采摘未熟绿色桃子时，请确保每次采摘的数量适中，不要一次性摘得太多。"
        },
        {
            "category": "全熟桃子",
            "bbox": [
                582.0,
                229.99999999999997,
                441.0,
                423.0
            ],
            "caption": "在采摘半熟桃子时，请确保所有采摘下的果实都没有受到任何损害。\n当您发现半熟桃子的颜色和质地都达到了理想状态时，就可以准备采摘了。\n尽量采用多样化的采摘方式，根据不同种类的未熟绿色桃子特点选择最适合的方法。\n在采摘未熟绿色桃子时，请确保每次采摘的数量适中，不要一次性摘得太多。"
        },
        {
            "category": "半熟桃子",
            "bbox": [
                780.0,
                650.0,
                77.0,
                83.0
            ],
            "caption": "在采摘半熟桃子时，请确保所有采摘下的果实都没有受到任何损害。\n当您发现半熟桃子的颜色和质地都达到了理想状态时，就可以准备采摘了。\n尽量采用多样化的采摘方式，根据不同种类的未熟绿色桃子特点选择最适合的方法。\n在采摘未熟绿色桃子时，请确保每次采摘的数量适中，不要一次性摘得太多。"
        },
        {
            "category": "半熟桃子",
            "bbox": [
                606.0,
                107.00000000000001,
                59.0,
                121.99999999999999
            ],
            "caption": "在采摘半熟桃子时，请确保所有采摘下的果实都没有受到任何损害。\n当您发现半熟桃子的颜色和质地都达到了理想状态时，就可以准备采摘了。\n尽量采用多样化的采摘方式，根据不同种类的未熟绿色桃子特点选择最适合的方法。\n在采摘未熟绿色桃子时，请确保每次采摘的数量适中，不要一次性摘得太多。"
        }
    ]
}