{
    "image_id": "01_0501_164953.jpg",
    "annotations": [
        {
            "category": "半熟桃子",
            "bbox": [
                286.0,
                42.999999999999986,
                226.0,
                297.0
            ],
            "caption": "在采摘未熟绿色桃子时，尽量避免直接暴露在强烈的阳光下，以保护您的皮肤。\n对于那些颜色和质地都表现出成熟特征的未熟绿色桃子，可以优先考虑用于直接销售给消费者。"
        },
        {
            "category": "半熟桃子",
            "bbox": [
                489.0,
                374.99999999999994,
                278.0,
                304.99999999999994
            ],
            "caption": "在采摘未熟绿色桃子时，尽量避免直接暴露在强烈的阳光下，以保护您的皮肤。\n对于那些颜色和质地都表现出成熟特征的未熟绿色桃子，可以优先考虑用于直接销售给消费者。"
        }
    ]
}