{
    "image_id": "01_0605_163255.jpg",
    "annotations": [
        {
            "category": "半熟桃子",
            "bbox": [
                398.0,
                435.99999999999994,
                293.0,
                320.00000000000006
            ],
            "caption": "在采摘未熟绿色桃子时，请确保所有采摘下的果实都没有受到任何损害。\n在采摘半熟桃子时，请确保每次采摘的数量适中，不要一次性摘得太多。"
        },
        {
            "category": "全熟桃子",
            "bbox": [
                461.0,
                105.0,
                418.0,
                374.0
            ],
            "caption": "在采摘未熟绿色桃子时，请确保所有采摘下的果实都没有受到任何损害。\n在采摘半熟桃子时，请确保每次采摘的数量适中，不要一次性摘得太多。"
        }
    ]
}