{
    "image_id": "01_0611_163603.jpg",
    "annotations": [
        {
            "category": "青柿子",
            "bbox": [
                457.0,
                111.99999999999999,
                112.0,
                134.0
            ],
            "caption": "对于那些颜色和质地都表现出成熟特征的全熟桃子，可以优先考虑用于制作果汁。\n如果有多个工人一起工作，可以分配不同的区域，确保每个角落的全熟桃子都能得到适当的照顾。\n检查每个半熟桃子的颜色、质地和气味，这些都是判断其是否成熟的良好指标；对于那些不确定的半熟桃子，可以稍后再做决定。\n对于那些颜色特别鲜艳且质地柔软的半熟桃子，可以优先考虑采摘。"
        },
        {
            "category": "青柿子",
            "bbox": [
                542.0,
                275.0,
                214.0,
                342.9999999999999
            ],
            "caption": "对于那些颜色和质地都表现出成熟特征的全熟桃子，可以优先考虑用于制作果汁。\n如果有多个工人一起工作，可以分配不同的区域，确保每个角落的全熟桃子都能得到适当的照顾。\n检查每个半熟桃子的颜色、质地和气味，这些都是判断其是否成熟的良好指标；对于那些不确定的半熟桃子，可以稍后再做决定。\n对于那些颜色特别鲜艳且质地柔软的半熟桃子，可以优先考虑采摘。"
        },
        {
            "category": "全熟桃子",
            "bbox": [
                853.0,
                616.0,
                123.0,
                150.0
            ],
            "caption": "对于那些颜色和质地都表现出成熟特征的全熟桃子，可以优先考虑用于制作果汁。\n如果有多个工人一起工作，可以分配不同的区域，确保每个角落的全熟桃子都能得到适当的照顾。\n检查每个半熟桃子的颜色、质地和气味，这些都是判断其是否成熟的良好指标；对于那些不确定的半熟桃子，可以稍后再做决定。\n对于那些颜色特别鲜艳且质地柔软的半熟桃子，可以优先考虑采摘。"
        },
        {
            "category": "全熟桃子",
            "bbox": [
                282.0,
                143.0,
                69.0,
                85.0
            ],
            "caption": "对于那些颜色和质地都表现出成熟特征的全熟桃子，可以优先考虑用于制作果汁。\n如果有多个工人一起工作，可以分配不同的区域，确保每个角落的全熟桃子都能得到适当的照顾。\n检查每个半熟桃子的颜色、质地和气味，这些都是判断其是否成熟的良好指标；对于那些不确定的半熟桃子，可以稍后再做决定。\n对于那些颜色特别鲜艳且质地柔软的半熟桃子，可以优先考虑采摘。"
        }
    ]
}