{
    "image_id": "01_0501_164647.jpg",
    "annotations": [
        {
            "category": "半熟桃子",
            "bbox": [
                468.0,
                158.0,
                272.0,
                313.0
            ],
            "caption": "在采摘未熟绿色桃子时，请确保每棵植株都能得到适当的照顾。\n尽量采用多样化的采摘方式，根据不同种类的未熟绿色桃子特点选择最适合的方法。"
        },
        {
            "category": "半熟桃子",
            "bbox": [
                434.0,
                429.0,
                58.0,
                57.0
            ],
            "caption": "在采摘未熟绿色桃子时，请确保每棵植株都能得到适当的照顾。\n尽量采用多样化的采摘方式，根据不同种类的未熟绿色桃子特点选择最适合的方法。"
        }
    ]
}