{
    "image_id": "01_0611_163016.jpg",
    "annotations": [
        {
            "category": "青柿子",
            "bbox": [
                262.0,
                348.0,
                380.0,
                351.0
            ],
            "caption": "对于那些颜色和质地都表现出成熟特征的全熟桃子，可以优先考虑用于制作罐头。\n对于那些颜色已经开始转变的全熟桃子，可以在早晨或傍晚时段进行采摘。\n在采摘全熟桃子时，请确保每个工人负责的区域清晰明确。\n尽量保持工作节奏稳定，避免因过度劳累而影响采摘质量和效率。\n检查全熟桃子是否有自然裂口，如果有，应尽快采摘以减少损失。\n对于那些颜色和质地都表现出成熟特征的全熟桃子，可以优先考虑用于制作罐头。\n当您发现半熟桃子的颜色和形状都非常完美时，这通常是采摘的最佳时机。\n遇到一些几乎快要脱落的半熟桃子，这可能意味着它们已经到了最佳采摘期；但对于那些依然牢固地挂在枝上的半熟桃子，可能还需要一点时间。\n当您发现半熟桃子的颜色和质地都达到了理想状态时，就可以准备采摘了。\n在采摘前，先了解当天的天气预报，选择适宜的时间进行作业。"
        },
        {
            "category": "青柿子",
            "bbox": [
                673.0,
                0.0,
                349.0,
                171.0
            ],
            "caption": "对于那些颜色和质地都表现出成熟特征的全熟桃子，可以优先考虑用于制作罐头。\n对于那些颜色已经开始转变的全熟桃子，可以在早晨或傍晚时段进行采摘。\n在采摘全熟桃子时，请确保每个工人负责的区域清晰明确。\n尽量保持工作节奏稳定，避免因过度劳累而影响采摘质量和效率。\n检查全熟桃子是否有自然裂口，如果有，应尽快采摘以减少损失。\n对于那些颜色和质地都表现出成熟特征的全熟桃子，可以优先考虑用于制作罐头。\n当您发现半熟桃子的颜色和形状都非常完美时，这通常是采摘的最佳时机。\n遇到一些几乎快要脱落的半熟桃子，这可能意味着它们已经到了最佳采摘期；但对于那些依然牢固地挂在枝上的半熟桃子，可能还需要一点时间。\n当您发现半熟桃子的颜色和质地都达到了理想状态时，就可以准备采摘了。\n在采摘前，先了解当天的天气预报，选择适宜的时间进行作业。"
        },
        {
            "category": "青柿子",
            "bbox": [
                376.0,
                3.0,
                362.0,
                331.0
            ],
            "caption": "对于那些颜色和质地都表现出成熟特征的全熟桃子，可以优先考虑用于制作罐头。\n对于那些颜色已经开始转变的全熟桃子，可以在早晨或傍晚时段进行采摘。\n在采摘全熟桃子时，请确保每个工人负责的区域清晰明确。\n尽量保持工作节奏稳定，避免因过度劳累而影响采摘质量和效率。\n检查全熟桃子是否有自然裂口，如果有，应尽快采摘以减少损失。\n对于那些颜色和质地都表现出成熟特征的全熟桃子，可以优先考虑用于制作罐头。\n当您发现半熟桃子的颜色和形状都非常完美时，这通常是采摘的最佳时机。\n遇到一些几乎快要脱落的半熟桃子，这可能意味着它们已经到了最佳采摘期；但对于那些依然牢固地挂在枝上的半熟桃子，可能还需要一点时间。\n当您发现半熟桃子的颜色和质地都达到了理想状态时，就可以准备采摘了。\n在采摘前，先了解当天的天气预报，选择适宜的时间进行作业。"
        },
        {
            "category": "全熟桃子",
            "bbox": [
                165.0,
                0.0,
                399.0,
                76.0
            ],
            "caption": "对于那些颜色和质地都表现出成熟特征的全熟桃子，可以优先考虑用于制作罐头。\n对于那些颜色已经开始转变的全熟桃子，可以在早晨或傍晚时段进行采摘。\n在采摘全熟桃子时，请确保每个工人负责的区域清晰明确。\n尽量保持工作节奏稳定，避免因过度劳累而影响采摘质量和效率。\n检查全熟桃子是否有自然裂口，如果有，应尽快采摘以减少损失。\n对于那些颜色和质地都表现出成熟特征的全熟桃子，可以优先考虑用于制作罐头。\n当您发现半熟桃子的颜色和形状都非常完美时，这通常是采摘的最佳时机。\n遇到一些几乎快要脱落的半熟桃子，这可能意味着它们已经到了最佳采摘期；但对于那些依然牢固地挂在枝上的半熟桃子，可能还需要一点时间。\n当您发现半熟桃子的颜色和质地都达到了理想状态时，就可以准备采摘了。\n在采摘前，先了解当天的天气预报，选择适宜的时间进行作业。"
        },
        {
            "category": "青柿子",
            "bbox": [
                630.0,
                269.99999999999994,
                358.0,
                295.99999999999994
            ],
            "caption": "对于那些颜色和质地都表现出成熟特征的全熟桃子，可以优先考虑用于制作罐头。\n对于那些颜色已经开始转变的全熟桃子，可以在早晨或傍晚时段进行采摘。\n在采摘全熟桃子时，请确保每个工人负责的区域清晰明确。\n尽量保持工作节奏稳定，避免因过度劳累而影响采摘质量和效率。\n检查全熟桃子是否有自然裂口，如果有，应尽快采摘以减少损失。\n对于那些颜色和质地都表现出成熟特征的全熟桃子，可以优先考虑用于制作罐头。\n当您发现半熟桃子的颜色和形状都非常完美时，这通常是采摘的最佳时机。\n遇到一些几乎快要脱落的半熟桃子，这可能意味着它们已经到了最佳采摘期；但对于那些依然牢固地挂在枝上的半熟桃子，可能还需要一点时间。\n当您发现半熟桃子的颜色和质地都达到了理想状态时，就可以准备采摘了。\n在采摘前，先了解当天的天气预报，选择适宜的时间进行作业。"
        },
        {
            "category": "青柿子",
            "bbox": [
                61.0,
                222.0,
                144.0,
                140.0
            ],
            "caption": "对于那些颜色和质地都表现出成熟特征的全熟桃子，可以优先考虑用于制作罐头。\n对于那些颜色已经开始转变的全熟桃子，可以在早晨或傍晚时段进行采摘。\n在采摘全熟桃子时，请确保每个工人负责的区域清晰明确。\n尽量保持工作节奏稳定，避免因过度劳累而影响采摘质量和效率。\n检查全熟桃子是否有自然裂口，如果有，应尽快采摘以减少损失。\n对于那些颜色和质地都表现出成熟特征的全熟桃子，可以优先考虑用于制作罐头。\n当您发现半熟桃子的颜色和形状都非常完美时，这通常是采摘的最佳时机。\n遇到一些几乎快要脱落的半熟桃子，这可能意味着它们已经到了最佳采摘期；但对于那些依然牢固地挂在枝上的半熟桃子，可能还需要一点时间。\n当您发现半熟桃子的颜色和质地都达到了理想状态时，就可以准备采摘了。\n在采摘前，先了解当天的天气预报，选择适宜的时间进行作业。"
        },
        {
            "category": "全熟桃子",
            "bbox": [
                51.0,
                387.99999999999994,
                66.0,
                114.0
            ],
            "caption": "对于那些颜色和质地都表现出成熟特征的全熟桃子，可以优先考虑用于制作罐头。\n对于那些颜色已经开始转变的全熟桃子，可以在早晨或傍晚时段进行采摘。\n在采摘全熟桃子时，请确保每个工人负责的区域清晰明确。\n尽量保持工作节奏稳定，避免因过度劳累而影响采摘质量和效率。\n检查全熟桃子是否有自然裂口，如果有，应尽快采摘以减少损失。\n对于那些颜色和质地都表现出成熟特征的全熟桃子，可以优先考虑用于制作罐头。\n当您发现半熟桃子的颜色和形状都非常完美时，这通常是采摘的最佳时机。\n遇到一些几乎快要脱落的半熟桃子，这可能意味着它们已经到了最佳采摘期；但对于那些依然牢固地挂在枝上的半熟桃子，可能还需要一点时间。\n当您发现半熟桃子的颜色和质地都达到了理想状态时，就可以准备采摘了。\n在采摘前，先了解当天的天气预报，选择适宜的时间进行作业。"
        },
        {
            "category": "全熟桃子",
            "bbox": [
                28.0,
                222.0,
                58.0,
                105.0
            ],
            "caption": "对于那些颜色和质地都表现出成熟特征的全熟桃子，可以优先考虑用于制作罐头。\n对于那些颜色已经开始转变的全熟桃子，可以在早晨或傍晚时段进行采摘。\n在采摘全熟桃子时，请确保每个工人负责的区域清晰明确。\n尽量保持工作节奏稳定，避免因过度劳累而影响采摘质量和效率。\n检查全熟桃子是否有自然裂口，如果有，应尽快采摘以减少损失。\n对于那些颜色和质地都表现出成熟特征的全熟桃子，可以优先考虑用于制作罐头。\n当您发现半熟桃子的颜色和形状都非常完美时，这通常是采摘的最佳时机。\n遇到一些几乎快要脱落的半熟桃子，这可能意味着它们已经到了最佳采摘期；但对于那些依然牢固地挂在枝上的半熟桃子，可能还需要一点时间。\n当您发现半熟桃子的颜色和质地都达到了理想状态时，就可以准备采摘了。\n在采摘前，先了解当天的天气预报，选择适宜的时间进行作业。"
        },
        {
            "category": "全熟桃子",
            "bbox": [
                324.0,
                184.0,
                61.0,
                91.0
            ],
            "caption": "对于那些颜色和质地都表现出成熟特征的全熟桃子，可以优先考虑用于制作罐头。\n对于那些颜色已经开始转变的全熟桃子，可以在早晨或傍晚时段进行采摘。\n在采摘全熟桃子时，请确保每个工人负责的区域清晰明确。\n尽量保持工作节奏稳定，避免因过度劳累而影响采摘质量和效率。\n检查全熟桃子是否有自然裂口，如果有，应尽快采摘以减少损失。\n对于那些颜色和质地都表现出成熟特征的全熟桃子，可以优先考虑用于制作罐头。\n当您发现半熟桃子的颜色和形状都非常完美时，这通常是采摘的最佳时机。\n遇到一些几乎快要脱落的半熟桃子，这可能意味着它们已经到了最佳采摘期；但对于那些依然牢固地挂在枝上的半熟桃子，可能还需要一点时间。\n当您发现半熟桃子的颜色和质地都达到了理想状态时，就可以准备采摘了。\n在采摘前，先了解当天的天气预报，选择适宜的时间进行作业。"
        },
        {
            "category": "全熟桃子",
            "bbox": [
                365.0,
                689.0,
                117.0,
                72.99999999999989
            ],
            "caption": "对于那些颜色和质地都表现出成熟特征的全熟桃子，可以优先考虑用于制作罐头。\n对于那些颜色已经开始转变的全熟桃子，可以在早晨或傍晚时段进行采摘。\n在采摘全熟桃子时，请确保每个工人负责的区域清晰明确。\n尽量保持工作节奏稳定，避免因过度劳累而影响采摘质量和效率。\n检查全熟桃子是否有自然裂口，如果有，应尽快采摘以减少损失。\n对于那些颜色和质地都表现出成熟特征的全熟桃子，可以优先考虑用于制作罐头。\n当您发现半熟桃子的颜色和形状都非常完美时，这通常是采摘的最佳时机。\n遇到一些几乎快要脱落的半熟桃子，这可能意味着它们已经到了最佳采摘期；但对于那些依然牢固地挂在枝上的半熟桃子，可能还需要一点时间。\n当您发现半熟桃子的颜色和质地都达到了理想状态时，就可以准备采摘了。\n在采摘前，先了解当天的天气预报，选择适宜的时间进行作业。"
        }
    ]
}