{
    "image_id": "01_0530_153319.jpg",
    "annotations": [
        {
            "category": "全熟桃子",
            "bbox": [
                701.0,
                248.0,
                116.0,
                125.0
            ],
            "caption": "当您发现半熟桃子的颜色和气味都表明其成熟时，就是采摘的最佳时刻。\n当您发现半熟桃子的颜色和质地都达到了理想状态时，就可以准备采摘了。\n尽量采用现代化的设备和技术，如无人机监测或智能采摘机器人，精准地采摘这些成熟的半熟桃子，提高采摘效率的同时减少对未成熟半熟桃子的影响。\n当您发现半熟桃子的颜色和质地都达到了理想状态时，就可以准备采摘了。"
        },
        {
            "category": "全熟桃子",
            "bbox": [
                251.0,
                199.0,
                266.0,
                260.99999999999994
            ],
            "caption": "当您发现半熟桃子的颜色和气味都表明其成熟时，就是采摘的最佳时刻。\n当您发现半熟桃子的颜色和质地都达到了理想状态时，就可以准备采摘了。\n尽量采用现代化的设备和技术，如无人机监测或智能采摘机器人，精准地采摘这些成熟的半熟桃子，提高采摘效率的同时减少对未成熟半熟桃子的影响。\n当您发现半熟桃子的颜色和质地都达到了理想状态时，就可以准备采摘了。"
        },
        {
            "category": "全熟桃子",
            "bbox": [
                720.0,
                335.0,
                210.0,
                201.9999999999999
            ],
            "caption": "当您发现半熟桃子的颜色和气味都表明其成熟时，就是采摘的最佳时刻。\n当您发现半熟桃子的颜色和质地都达到了理想状态时，就可以准备采摘了。\n尽量采用现代化的设备和技术，如无人机监测或智能采摘机器人，精准地采摘这些成熟的半熟桃子，提高采摘效率的同时减少对未成熟半熟桃子的影响。\n当您发现半熟桃子的颜色和质地都达到了理想状态时，就可以准备采摘了。"
        },
        {
            "category": "全熟桃子",
            "bbox": [
                509.0,
                267.0,
                219.0,
                237.99999999999994
            ],
            "caption": "当您发现半熟桃子的颜色和气味都表明其成熟时，就是采摘的最佳时刻。\n当您发现半熟桃子的颜色和质地都达到了理想状态时，就可以准备采摘了。\n尽量采用现代化的设备和技术，如无人机监测或智能采摘机器人，精准地采摘这些成熟的半熟桃子，提高采摘效率的同时减少对未成熟半熟桃子的影响。\n当您发现半熟桃子的颜色和质地都达到了理想状态时，就可以准备采摘了。"
        }
    ]
}