{
    "image_id": "01_0605_163156.jpg",
    "annotations": [
        {
            "category": "全熟桃子",
            "bbox": [
                448.0,
                108.0,
                351.0,
                339.0
            ],
            "caption": "当您发现半熟桃子的颜色和气味都表明其成熟时，就是采摘的最佳时刻。\n在采摘半熟桃子时，尽量选择那些没有受到风雨侵袭的健康植株。"
        },
        {
            "category": "全熟桃子",
            "bbox": [
                564.0,
                489.0,
                277.0,
                271.9999999999999
            ],
            "caption": "当您发现半熟桃子的颜色和气味都表明其成熟时，就是采摘的最佳时刻。\n在采摘半熟桃子时，尽量选择那些没有受到风雨侵袭的健康植株。"
        }
    ]
}