{
    "image_id": "01_0530_153728.jpg",
    "annotations": [
        {
            "category": "全熟桃子",
            "bbox": [
                89.0,
                0.0,
                271.0,
                182.0
            ],
            "caption": "确保采摘的半熟桃子没有病虫害迹象，保持健康状态。\n在采摘未熟绿色桃子时，尽量避免过度劳累，以保持高效的工作状态。\n对于那些颜色和质地都表现出成熟特征的半熟桃子，可以优先考虑用于销售。"
        },
        {
            "category": "半熟桃子",
            "bbox": [
                471.0,
                401.0,
                105.0,
                182.0
            ],
            "caption": "确保采摘的半熟桃子没有病虫害迹象，保持健康状态。\n在采摘未熟绿色桃子时，尽量避免过度劳累，以保持高效的工作状态。\n对于那些颜色和质地都表现出成熟特征的半熟桃子，可以优先考虑用于销售。"
        },
        {
            "category": "全熟桃子",
            "bbox": [
                500.0,
                210.0,
                347.0,
                394.0
            ],
            "caption": "确保采摘的半熟桃子没有病虫害迹象，保持健康状态。\n在采摘未熟绿色桃子时，尽量避免过度劳累，以保持高效的工作状态。\n对于那些颜色和质地都表现出成熟特征的半熟桃子，可以优先考虑用于销售。"
        }
    ]
}