{
    "image_id": "01_0611_163520.jpg",
    "annotations": [
        {
            "category": "全熟桃子",
            "bbox": [
                918.0,
                0.0,
                104.0,
                151.0
            ],
            "caption": "对于那些颜色和质地都表现出成熟特征的半熟桃子，可以优先考虑用于快速销售。\n在采摘时，尽量采用环保的方式，减少对自然资源的消耗，例如使用可降解材料制作的采摘袋。"
        },
        {
            "category": "青柿子",
            "bbox": [
                457.0,
                396.0,
                349.0,
                357.0
            ],
            "caption": "对于那些颜色和质地都表现出成熟特征的半熟桃子，可以优先考虑用于快速销售。\n在采摘时，尽量采用环保的方式，减少对自然资源的消耗，例如使用可降解材料制作的采摘袋。"
        }
    ]
}