{
    "image_id": "01_0501_164500.jpg",
    "annotations": [
        {
            "category": "半熟桃子",
            "bbox": [
                543.0,
                116.99999999999997,
                236.0,
                268.0
            ],
            "caption": "尽量采用现代化的设备和技术，如无人机监测或智能采摘机器人，精准地采摘这些成熟的未熟绿色桃子，提高采摘效率的同时减少对未成熟未熟绿色桃子的影响。\n如果发现有些未熟绿色桃子虽然外表看起来成熟了，但实际上内部还不够熟，最好推迟采摘时间，等到它们真正成熟后再动手。"
        },
        {
            "category": "半熟桃子",
            "bbox": [
                360.0,
                223.99999999999997,
                315.0,
                354.0
            ],
            "caption": "尽量采用现代化的设备和技术，如无人机监测或智能采摘机器人，精准地采摘这些成熟的未熟绿色桃子，提高采摘效率的同时减少对未成熟未熟绿色桃子的影响。\n如果发现有些未熟绿色桃子虽然外表看起来成熟了，但实际上内部还不够熟，最好推迟采摘时间，等到它们真正成熟后再动手。"
        }
    ]
}