{
    "image_id": "01_0605_162641.jpg",
    "annotations": [
        {
            "category": "全熟桃子",
            "bbox": [
                28.0,
                196.99999999999997,
                101.0,
                84.00000000000003
            ],
            "caption": "对于那些色泽饱满、大小适中且成熟的半熟桃子，可以优先考虑采摘；而忽略那些未完全成熟的小个或颜色浅的半熟桃子。\n当半熟桃子的颜色变化均匀一致时，意味着它已经达到了理想的成熟度。\n对于那些颜色和质地都表现出成熟特征的半熟桃子，可以优先考虑用于礼品包装。\n当您发现半熟桃子的颜色和质地都达到了理想状态时，就可以准备采摘了。\n当您发现半熟桃子的颜色和质地都符合预期时，就可以准备采摘了。\n遇到一些几乎快要脱落的半熟桃子，这可能意味着它们已经到了最佳采摘期；但对于那些依然牢固地挂在枝上的半熟桃子，可能还需要一点时间。"
        },
        {
            "category": "全熟桃子",
            "bbox": [
                552.0,
                305.0,
                225.0,
                246.0
            ],
            "caption": "对于那些色泽饱满、大小适中且成熟的半熟桃子，可以优先考虑采摘；而忽略那些未完全成熟的小个或颜色浅的半熟桃子。\n当半熟桃子的颜色变化均匀一致时，意味着它已经达到了理想的成熟度。\n对于那些颜色和质地都表现出成熟特征的半熟桃子，可以优先考虑用于礼品包装。\n当您发现半熟桃子的颜色和质地都达到了理想状态时，就可以准备采摘了。\n当您发现半熟桃子的颜色和质地都符合预期时，就可以准备采摘了。\n遇到一些几乎快要脱落的半熟桃子，这可能意味着它们已经到了最佳采摘期；但对于那些依然牢固地挂在枝上的半熟桃子，可能还需要一点时间。"
        },
        {
            "category": "全熟桃子",
            "bbox": [
                61.0,
                346.0,
                80.0,
                89.0
            ],
            "caption": "对于那些色泽饱满、大小适中且成熟的半熟桃子，可以优先考虑采摘；而忽略那些未完全成熟的小个或颜色浅的半熟桃子。\n当半熟桃子的颜色变化均匀一致时，意味着它已经达到了理想的成熟度。\n对于那些颜色和质地都表现出成熟特征的半熟桃子，可以优先考虑用于礼品包装。\n当您发现半熟桃子的颜色和质地都达到了理想状态时，就可以准备采摘了。\n当您发现半熟桃子的颜色和质地都符合预期时，就可以准备采摘了。\n遇到一些几乎快要脱落的半熟桃子，这可能意味着它们已经到了最佳采摘期；但对于那些依然牢固地挂在枝上的半熟桃子，可能还需要一点时间。"
        },
        {
            "category": "全熟桃子",
            "bbox": [
                31.0,
                282.0,
                66.0,
                83.0
            ],
            "caption": "对于那些色泽饱满、大小适中且成熟的半熟桃子，可以优先考虑采摘；而忽略那些未完全成熟的小个或颜色浅的半熟桃子。\n当半熟桃子的颜色变化均匀一致时，意味着它已经达到了理想的成熟度。\n对于那些颜色和质地都表现出成熟特征的半熟桃子，可以优先考虑用于礼品包装。\n当您发现半熟桃子的颜色和质地都达到了理想状态时，就可以准备采摘了。\n当您发现半熟桃子的颜色和质地都符合预期时，就可以准备采摘了。\n遇到一些几乎快要脱落的半熟桃子，这可能意味着它们已经到了最佳采摘期；但对于那些依然牢固地挂在枝上的半熟桃子，可能还需要一点时间。"
        },
        {
            "category": "全熟桃子",
            "bbox": [
                0.0,
                239.99999999999994,
                44.0,
                88.00000000000006
            ],
            "caption": "对于那些色泽饱满、大小适中且成熟的半熟桃子，可以优先考虑采摘；而忽略那些未完全成熟的小个或颜色浅的半熟桃子。\n当半熟桃子的颜色变化均匀一致时，意味着它已经达到了理想的成熟度。\n对于那些颜色和质地都表现出成熟特征的半熟桃子，可以优先考虑用于礼品包装。\n当您发现半熟桃子的颜色和质地都达到了理想状态时，就可以准备采摘了。\n当您发现半熟桃子的颜色和质地都符合预期时，就可以准备采摘了。\n遇到一些几乎快要脱落的半熟桃子，这可能意味着它们已经到了最佳采摘期；但对于那些依然牢固地挂在枝上的半熟桃子，可能还需要一点时间。"
        },
        {
            "category": "全熟桃子",
            "bbox": [
                118.0,
                299.0,
                72.0,
                66.0
            ],
            "caption": "对于那些色泽饱满、大小适中且成熟的半熟桃子，可以优先考虑采摘；而忽略那些未完全成熟的小个或颜色浅的半熟桃子。\n当半熟桃子的颜色变化均匀一致时，意味着它已经达到了理想的成熟度。\n对于那些颜色和质地都表现出成熟特征的半熟桃子，可以优先考虑用于礼品包装。\n当您发现半熟桃子的颜色和质地都达到了理想状态时，就可以准备采摘了。\n当您发现半熟桃子的颜色和质地都符合预期时，就可以准备采摘了。\n遇到一些几乎快要脱落的半熟桃子，这可能意味着它们已经到了最佳采摘期；但对于那些依然牢固地挂在枝上的半熟桃子，可能还需要一点时间。"
        }
    ]
}