{
    "image_id": "01_0611_163326.jpg",
    "annotations": [
        {
            "category": "全熟桃子",
            "bbox": [
                541.0,
                553.0,
                188.0,
                77.0
            ],
            "caption": "对于那些颜色和质地都表现出成熟特征的半熟桃子，可以优先考虑用于礼品包装。\n当发现有部分全熟桃子已经开始泛出诱人的光泽，并且质地变得柔软时，可以立即进行采摘，以保证其新鲜度和口感。\n使用剪刀或专用工具来摘取半熟桃子，以减少对树枝和其他未成熟果实的潜在损害。\n如果半熟桃子的颜色开始变深，这意味着它们已经接近完全成熟。\n对于那些颜色和质地都表现出成熟特征的半熟桃子，可以优先考虑用于高端销售渠道。\n对于那些颜色和质地都表现出成熟特征的半熟桃子，可以考虑提前采摘。"
        },
        {
            "category": "青柿子",
            "bbox": [
                501.0,
                305.99999999999994,
                273.0,
                265.99999999999994
            ],
            "caption": "对于那些颜色和质地都表现出成熟特征的半熟桃子，可以优先考虑用于礼品包装。\n当发现有部分全熟桃子已经开始泛出诱人的光泽，并且质地变得柔软时，可以立即进行采摘，以保证其新鲜度和口感。\n使用剪刀或专用工具来摘取半熟桃子，以减少对树枝和其他未成熟果实的潜在损害。\n如果半熟桃子的颜色开始变深，这意味着它们已经接近完全成熟。\n对于那些颜色和质地都表现出成熟特征的半熟桃子，可以优先考虑用于高端销售渠道。\n对于那些颜色和质地都表现出成熟特征的半熟桃子，可以考虑提前采摘。"
        },
        {
            "category": "全熟桃子",
            "bbox": [
                0.0,
                77.0,
                28.0,
                36.0
            ],
            "caption": "对于那些颜色和质地都表现出成熟特征的半熟桃子，可以优先考虑用于礼品包装。\n当发现有部分全熟桃子已经开始泛出诱人的光泽，并且质地变得柔软时，可以立即进行采摘，以保证其新鲜度和口感。\n使用剪刀或专用工具来摘取半熟桃子，以减少对树枝和其他未成熟果实的潜在损害。\n如果半熟桃子的颜色开始变深，这意味着它们已经接近完全成熟。\n对于那些颜色和质地都表现出成熟特征的半熟桃子，可以优先考虑用于高端销售渠道。\n对于那些颜色和质地都表现出成熟特征的半熟桃子，可以考虑提前采摘。"
        },
        {
            "category": "全熟桃子",
            "bbox": [
                3.0,
                117.99999999999999,
                30.0,
                30.000000000000014
            ],
            "caption": "对于那些颜色和质地都表现出成熟特征的半熟桃子，可以优先考虑用于礼品包装。\n当发现有部分全熟桃子已经开始泛出诱人的光泽，并且质地变得柔软时，可以立即进行采摘，以保证其新鲜度和口感。\n使用剪刀或专用工具来摘取半熟桃子，以减少对树枝和其他未成熟果实的潜在损害。\n如果半熟桃子的颜色开始变深，这意味着它们已经接近完全成熟。\n对于那些颜色和质地都表现出成熟特征的半熟桃子，可以优先考虑用于高端销售渠道。\n对于那些颜色和质地都表现出成熟特征的半熟桃子，可以考虑提前采摘。"
        },
        {
            "category": "全熟桃子",
            "bbox": [
                26.0,
                99.99999999999999,
                37.0,
                35.000000000000014
            ],
            "caption": "对于那些颜色和质地都表现出成熟特征的半熟桃子，可以优先考虑用于礼品包装。\n当发现有部分全熟桃子已经开始泛出诱人的光泽，并且质地变得柔软时，可以立即进行采摘，以保证其新鲜度和口感。\n使用剪刀或专用工具来摘取半熟桃子，以减少对树枝和其他未成熟果实的潜在损害。\n如果半熟桃子的颜色开始变深，这意味着它们已经接近完全成熟。\n对于那些颜色和质地都表现出成熟特征的半熟桃子，可以优先考虑用于高端销售渠道。\n对于那些颜色和质地都表现出成熟特征的半熟桃子，可以考虑提前采摘。"
        },
        {
            "category": "全熟桃子",
            "bbox": [
                37.0,
                137.0,
                30.0,
                24.99999999999997
            ],
            "caption": "对于那些颜色和质地都表现出成熟特征的半熟桃子，可以优先考虑用于礼品包装。\n当发现有部分全熟桃子已经开始泛出诱人的光泽，并且质地变得柔软时，可以立即进行采摘，以保证其新鲜度和口感。\n使用剪刀或专用工具来摘取半熟桃子，以减少对树枝和其他未成熟果实的潜在损害。\n如果半熟桃子的颜色开始变深，这意味着它们已经接近完全成熟。\n对于那些颜色和质地都表现出成熟特征的半熟桃子，可以优先考虑用于高端销售渠道。\n对于那些颜色和质地都表现出成熟特征的半熟桃子，可以考虑提前采摘。"
        }
    ]
}