{
    "image_id": "025828109719.jpg",
    "annotations": [
        {
            "category": "熟柿子",
            "bbox": [
                126.99975,
                202.99997100000002,
                180.0,
                214.999892
            ],
            "caption": "在采摘半熟柿子之前，确保所有必要的工具都已经准备好并且处于良好状态。\n保持一定的节奏和效率很重要，但也不要因为急于求成而忽视了对每个半熟柿子的细致检查。\n当您发现半熟柿子的颜色变得非常鲜艳时，说明它已经到了最佳采摘期。\n当您发现半熟柿子的颜色变得非常鲜艳时，说明它已经到了最佳采摘期。"
        },
        {
            "category": "熟柿子",
            "bbox": [
                296.999625,
                43.9998005,
                233.00025,
                193.00012700000002
            ],
            "caption": "在采摘半熟柿子之前，确保所有必要的工具都已经准备好并且处于良好状态。\n保持一定的节奏和效率很重要，但也不要因为急于求成而忽视了对每个半熟柿子的细致检查。\n当您发现半熟柿子的颜色变得非常鲜艳时，说明它已经到了最佳采摘期。\n当您发现半熟柿子的颜色变得非常鲜艳时，说明它已经到了最佳采摘期。"
        },
        {
            "category": "熟柿子",
            "bbox": [
                220.99987500000003,
                375.999869,
                198.99974999999995,
                154.99974599999996
            ],
            "caption": "在采摘半熟柿子之前，确保所有必要的工具都已经准备好并且处于良好状态。\n保持一定的节奏和效率很重要，但也不要因为急于求成而忽视了对每个半熟柿子的细致检查。\n当您发现半熟柿子的颜色变得非常鲜艳时，说明它已经到了最佳采摘期。\n当您发现半熟柿子的颜色变得非常鲜艳时，说明它已经到了最佳采摘期。"
        },
        {
            "category": "熟柿子",
            "bbox": [
                370.99987500000003,
                307.999956,
                209.00025,
                219.000046
            ],
            "caption": "在采摘半熟柿子之前，确保所有必要的工具都已经准备好并且处于良好状态。\n保持一定的节奏和效率很重要，但也不要因为急于求成而忽视了对每个半熟柿子的细致检查。\n当您发现半熟柿子的颜色变得非常鲜艳时，说明它已经到了最佳采摘期。\n当您发现半熟柿子的颜色变得非常鲜艳时，说明它已经到了最佳采摘期。"
        }
    ]
}