{
    "image_id": "02_0501_152242.jpg",
    "annotations": [
        {
            "category": "半熟桃子",
            "bbox": [
                541.0,
                288.0,
                241.0,
                219.0
            ],
            "caption": "当未熟绿色桃子的颜色变化均匀一致时，意味着它已经达到了理想的成熟度。\n当您发现未熟绿色桃子的颜色和质地都达到了理想状态时，就可以准备采摘了。"
        },
        {
            "category": "半熟桃子",
            "bbox": [
                467.0,
                245.0,
                125.0,
                113.0
            ],
            "caption": "当未熟绿色桃子的颜色变化均匀一致时，意味着它已经达到了理想的成熟度。\n当您发现未熟绿色桃子的颜色和质地都达到了理想状态时，就可以准备采摘了。"
        }
    ]
}