{
    "image_id": "02_0501_152807.jpg",
    "annotations": [
        {
            "category": "半熟桃子",
            "bbox": [
                818.0,
                116.0,
                151.0,
                128.99999999999997
            ],
            "caption": "在采摘未熟绿色桃子时，请确保每个工人负责的区域清晰明确。\n在采摘半熟桃子时，请确保每次采摘的数量适中，不要一次性摘得太多。"
        },
        {
            "category": "全熟桃子",
            "bbox": [
                481.0,
                263.0,
                226.0,
                249.0
            ],
            "caption": "在采摘未熟绿色桃子时，请确保每个工人负责的区域清晰明确。\n在采摘半熟桃子时，请确保每次采摘的数量适中，不要一次性摘得太多。"
        }
    ]
}