{
    "image_id": "02_0525_144859.jpg",
    "annotations": [
        {
            "category": "全熟桃子",
            "bbox": [
                530.0,
                75.0,
                263.0,
                257.0
            ],
            "caption": "采摘过程中，请小心处理每一个半熟桃子，以避免任何可能造成的损伤。\n如果发现采摘下来的全熟桃子中有特别大的个体，可以作为展示或宣传用途，提升农场的形象。"
        },
        {
            "category": "青柿子",
            "bbox": [
                448.0,
                336.0,
                350.0,
                340.0
            ],
            "caption": "采摘过程中，请小心处理每一个半熟桃子，以避免任何可能造成的损伤。\n如果发现采摘下来的全熟桃子中有特别大的个体，可以作为展示或宣传用途，提升农场的形象。"
        }
    ]
}