{
    "image_id": "02_0501_153410.jpg",
    "annotations": [
        {
            "category": "半熟桃子",
            "bbox": [
                250.0,
                355.0,
                200.0,
                161.0
            ],
            "caption": "在采摘未熟绿色桃子时，请确保每次采摘的数量适中，不要一次性摘得太多。\n请确保所有采摘下来的未熟绿色桃子都被妥善存放，避免日晒雨淋，以延长其新鲜度和保存期限。\n尽量保持工作节奏稳定，避免因过度劳累而影响采摘质量和效率。\n尝试用手指轻轻按压未熟绿色桃子，感受其硬度，以此判断是否达到最佳采摘时机。"
        },
        {
            "category": "半熟桃子",
            "bbox": [
                595.0,
                475.0,
                171.0,
                142.0
            ],
            "caption": "在采摘未熟绿色桃子时，请确保每次采摘的数量适中，不要一次性摘得太多。\n请确保所有采摘下来的未熟绿色桃子都被妥善存放，避免日晒雨淋，以延长其新鲜度和保存期限。\n尽量保持工作节奏稳定，避免因过度劳累而影响采摘质量和效率。\n尝试用手指轻轻按压未熟绿色桃子，感受其硬度，以此判断是否达到最佳采摘时机。"
        },
        {
            "category": "全熟桃子",
            "bbox": [
                279.0,
                136.0,
                220.0,
                268.0
            ],
            "caption": "在采摘未熟绿色桃子时，请确保每次采摘的数量适中，不要一次性摘得太多。\n请确保所有采摘下来的未熟绿色桃子都被妥善存放，避免日晒雨淋，以延长其新鲜度和保存期限。\n尽量保持工作节奏稳定，避免因过度劳累而影响采摘质量和效率。\n尝试用手指轻轻按压未熟绿色桃子，感受其硬度，以此判断是否达到最佳采摘时机。"
        },
        {
            "category": "半熟桃子",
            "bbox": [
                493.0,
                341.0,
                193.0,
                191.0
            ],
            "caption": "在采摘未熟绿色桃子时，请确保每次采摘的数量适中，不要一次性摘得太多。\n请确保所有采摘下来的未熟绿色桃子都被妥善存放，避免日晒雨淋，以延长其新鲜度和保存期限。\n尽量保持工作节奏稳定，避免因过度劳累而影响采摘质量和效率。\n尝试用手指轻轻按压未熟绿色桃子，感受其硬度，以此判断是否达到最佳采摘时机。"
        }
    ]
}