{
    "image_id": "02_0501_153213.jpg",
    "annotations": [
        {
            "category": "半熟桃子",
            "bbox": [
                222.0,
                220.99999999999997,
                139.0,
                169.00000000000003
            ],
            "caption": "在采摘未熟绿色桃子时，请确保每次采摘的数量适中，不要一次性摘得太多。\n在采摘半熟桃子时，确保所有采摘下来的果实都被妥善处理和储存。\n如果未熟绿色桃子的颜色和质地都表明它已经成熟，那么就可以放心地采摘了。"
        },
        {
            "category": "全熟桃子",
            "bbox": [
                473.0,
                255.0,
                298.0,
                303.0
            ],
            "caption": "在采摘未熟绿色桃子时，请确保每次采摘的数量适中，不要一次性摘得太多。\n在采摘半熟桃子时，确保所有采摘下来的果实都被妥善处理和储存。\n如果未熟绿色桃子的颜色和质地都表明它已经成熟，那么就可以放心地采摘了。"
        },
        {
            "category": "半熟桃子",
            "bbox": [
                729.0,
                292.0,
                71.0,
                110.0
            ],
            "caption": "在采摘未熟绿色桃子时，请确保每次采摘的数量适中，不要一次性摘得太多。\n在采摘半熟桃子时，确保所有采摘下来的果实都被妥善处理和储存。\n如果未熟绿色桃子的颜色和质地都表明它已经成熟，那么就可以放心地采摘了。"
        }
    ]
}