{
    "image_id": "02_0501_152638.jpg",
    "annotations": [
        {
            "category": "全熟桃子",
            "bbox": [
                421.0,
                253.0,
                150.0,
                170.0
            ],
            "caption": "如果发现某些半熟桃子的颜色特别鲜艳，可能是由于光照充足，这类果实往往口感更好。\n对于那些颜色特别鲜艳的半熟桃子，可以优先考虑作为礼品包装出售。"
        },
        {
            "category": "全熟桃子",
            "bbox": [
                535.0,
                281.0,
                253.0,
                220.99999999999994
            ],
            "caption": "如果发现某些半熟桃子的颜色特别鲜艳，可能是由于光照充足，这类果实往往口感更好。\n对于那些颜色特别鲜艳的半熟桃子，可以优先考虑作为礼品包装出售。"
        }
    ]
}