{
    "image_id": "02_0501_152317.jpg",
    "annotations": [
        {
            "category": "半熟桃子",
            "bbox": [
                375.0,
                42.0,
                178.0,
                181.0
            ],
            "caption": "在采摘未熟绿色桃子时，请注意观察是否有病虫害迹象，并及时处理。\n检查未熟绿色桃子是否有自然裂口，如果有，应尽快采摘以减少损失。"
        },
        {
            "category": "半熟桃子",
            "bbox": [
                370.0,
                294.0,
                330.0,
                286.0
            ],
            "caption": "在采摘未熟绿色桃子时，请注意观察是否有病虫害迹象，并及时处理。\n检查未熟绿色桃子是否有自然裂口，如果有，应尽快采摘以减少损失。"
        }
    ]
}