{
    "image_id": "02_0525_144625.jpg",
    "annotations": [
        {
            "category": "全熟桃子",
            "bbox": [
                563.0,
                228.0,
                116.0,
                101.0
            ],
            "caption": "对于那些颜色已经开始转变的半熟桃子，可以在早晨或傍晚时段进行采摘。\n在采摘时，尽量保持双手干净，避免将污垢或细菌带到全熟桃子上；这对于维持采摘后的保鲜非常重要。\n在采摘全熟桃子时，记得标记好每一批次的采摘日期，方便后续追踪。"
        },
        {
            "category": "青柿子",
            "bbox": [
                367.0,
                299.99999999999994,
                208.0,
                217.99999999999994
            ],
            "caption": "对于那些颜色已经开始转变的半熟桃子，可以在早晨或傍晚时段进行采摘。\n在采摘时，尽量保持双手干净，避免将污垢或细菌带到全熟桃子上；这对于维持采摘后的保鲜非常重要。\n在采摘全熟桃子时，记得标记好每一批次的采摘日期，方便后续追踪。"
        },
        {
            "category": "青柿子",
            "bbox": [
                643.0,
                214.99999999999997,
                281.0,
                249.00000000000003
            ],
            "caption": "对于那些颜色已经开始转变的半熟桃子，可以在早晨或傍晚时段进行采摘。\n在采摘时，尽量保持双手干净，避免将污垢或细菌带到全熟桃子上；这对于维持采摘后的保鲜非常重要。\n在采摘全熟桃子时，记得标记好每一批次的采摘日期，方便后续追踪。"
        }
    ]
}