{
    "image_id": "02_0501_151937.jpg",
    "annotations": [
        {
            "category": "半熟桃子",
            "bbox": [
                425.0,
                223.99999999999997,
                84.0,
                82.00000000000003
            ],
            "caption": "对于那些长势较好的植株，可以适当多采摘一些成熟的未熟绿色桃子；而对于长势较差的，则要谨慎行事，给予更多的恢复时间。\n对于那些生长在树冠下层的未熟绿色桃子，可以考虑使用长臂剪刀进行安全采摘。\n如果半熟桃子的颜色和质地都表明它已经成熟，那么就可以放心地采摘了。"
        },
        {
            "category": "半熟桃子",
            "bbox": [
                593.0,
                239.0,
                88.0,
                125.0
            ],
            "caption": "对于那些长势较好的植株，可以适当多采摘一些成熟的未熟绿色桃子；而对于长势较差的，则要谨慎行事，给予更多的恢复时间。\n对于那些生长在树冠下层的未熟绿色桃子，可以考虑使用长臂剪刀进行安全采摘。\n如果半熟桃子的颜色和质地都表明它已经成熟，那么就可以放心地采摘了。"
        },
        {
            "category": "全熟桃子",
            "bbox": [
                443.0,
                295.0,
                166.0,
                176.0
            ],
            "caption": "对于那些长势较好的植株，可以适当多采摘一些成熟的未熟绿色桃子；而对于长势较差的，则要谨慎行事，给予更多的恢复时间。\n对于那些生长在树冠下层的未熟绿色桃子，可以考虑使用长臂剪刀进行安全采摘。\n如果半熟桃子的颜色和质地都表明它已经成熟，那么就可以放心地采摘了。"
        }
    ]
}