{
    "image_id": "02_0501_152553.jpg",
    "annotations": [
        {
            "category": "全熟桃子",
            "bbox": [
                671.0,
                225.0,
                183.0,
                167.0
            ],
            "caption": "在采摘半熟桃子时，请确保所有采摘下的果实都没有受到任何损害。\n避免在强风或雨天采摘半熟桃子，以免影响果实品质。"
        },
        {
            "category": "全熟桃子",
            "bbox": [
                453.0,
                404.0,
                243.0,
                252.0
            ],
            "caption": "在采摘半熟桃子时，请确保所有采摘下的果实都没有受到任何损害。\n避免在强风或雨天采摘半熟桃子，以免影响果实品质。"
        }
    ]
}