{
    "image_id": "02_0525_151144.jpg",
    "annotations": [
        {
            "category": "青柿子",
            "bbox": [
                585.0,
                290.0,
                281.0,
                312.9999999999999
            ],
            "caption": "在采摘全熟桃子时，请确保每个果实都得到细致的检查。\n尝试用手指轻轻按压全熟桃子，感受其硬度，以此判断是否达到最佳采摘时机。\n对于那些颜色和质地都表现出成熟特征的半熟桃子，可以优先考虑用于制作罐头。"
        },
        {
            "category": "青柿子",
            "bbox": [
                307.0,
                234.0,
                267.0,
                327.0
            ],
            "caption": "在采摘全熟桃子时，请确保每个果实都得到细致的检查。\n尝试用手指轻轻按压全熟桃子，感受其硬度，以此判断是否达到最佳采摘时机。\n对于那些颜色和质地都表现出成熟特征的半熟桃子，可以优先考虑用于制作罐头。"
        },
        {
            "category": "全熟桃子",
            "bbox": [
                792.0,
                235.00000000000003,
                211.0,
                150.99999999999997
            ],
            "caption": "在采摘全熟桃子时，请确保每个果实都得到细致的检查。\n尝试用手指轻轻按压全熟桃子，感受其硬度，以此判断是否达到最佳采摘时机。\n对于那些颜色和质地都表现出成熟特征的半熟桃子，可以优先考虑用于制作罐头。"
        }
    ]
}