{
    "image_id": "02_0501_153853.jpg",
    "annotations": [
        {
            "category": "半熟桃子",
            "bbox": [
                612.0,
                80.0,
                145.0,
                128.99999999999997
            ],
            "caption": "尝试用手指轻轻按压未熟绿色桃子，感受其硬度，以此判断是否达到最佳采摘时机。\n在采摘未熟绿色桃子时，确保所有采摘下来的果实都被妥善处理和储存。\n对于那些颜色和质地都表现出成熟特征的未熟绿色桃子，可以优先考虑用于加工产品。\n在采摘未熟绿色桃子时，请确保所有采摘下的果实都放置在阴凉处。"
        },
        {
            "category": "半熟桃子",
            "bbox": [
                637.0,
                58.0,
                90.0,
                80.0
            ],
            "caption": "尝试用手指轻轻按压未熟绿色桃子，感受其硬度，以此判断是否达到最佳采摘时机。\n在采摘未熟绿色桃子时，确保所有采摘下来的果实都被妥善处理和储存。\n对于那些颜色和质地都表现出成熟特征的未熟绿色桃子，可以优先考虑用于加工产品。\n在采摘未熟绿色桃子时，请确保所有采摘下的果实都放置在阴凉处。"
        },
        {
            "category": "半熟桃子",
            "bbox": [
                455.0,
                258.99999999999994,
                222.0,
                288.00000000000006
            ],
            "caption": "尝试用手指轻轻按压未熟绿色桃子，感受其硬度，以此判断是否达到最佳采摘时机。\n在采摘未熟绿色桃子时，确保所有采摘下来的果实都被妥善处理和储存。\n对于那些颜色和质地都表现出成熟特征的未熟绿色桃子，可以优先考虑用于加工产品。\n在采摘未熟绿色桃子时，请确保所有采摘下的果实都放置在阴凉处。"
        },
        {
            "category": "半熟桃子",
            "bbox": [
                582.0,
                189.0,
                82.0,
                64.99999999999997
            ],
            "caption": "尝试用手指轻轻按压未熟绿色桃子，感受其硬度，以此判断是否达到最佳采摘时机。\n在采摘未熟绿色桃子时，确保所有采摘下来的果实都被妥善处理和储存。\n对于那些颜色和质地都表现出成熟特征的未熟绿色桃子，可以优先考虑用于加工产品。\n在采摘未熟绿色桃子时，请确保所有采摘下的果实都放置在阴凉处。"
        }
    ]
}