{
    "image_id": "02_0501_152632.jpg",
    "annotations": [
        {
            "category": "半熟桃子",
            "bbox": [
                421.0,
                267.0,
                192.0,
                183.0
            ],
            "caption": "对于那些颜色和质地都表现出成熟特征的未熟绿色桃子，可以优先考虑用于销售。\n尝试用手指轻轻按压半熟桃子，感受其硬度，以此判断是否达到最佳采摘时机。"
        },
        {
            "category": "全熟桃子",
            "bbox": [
                452.0,
                162.0,
                243.0,
                257.0
            ],
            "caption": "对于那些颜色和质地都表现出成熟特征的未熟绿色桃子，可以优先考虑用于销售。\n尝试用手指轻轻按压半熟桃子，感受其硬度，以此判断是否达到最佳采摘时机。"
        }
    ]
}