{
    "image_id": "02_0501_153428.jpg",
    "annotations": [
        {
            "category": "半熟桃子",
            "bbox": [
                463.0,
                181.99999999999997,
                251.0,
                168.00000000000003
            ],
            "caption": "在采摘未熟绿色桃子时，请使用专用的手套以保护果实表皮不受损伤。\n在采摘未熟绿色桃子时，确保每次采摘的数量适中，不要一次性摘得太多。\n对于那些生长在树枝末端的未熟绿色桃子，务必小心不要折断树枝。"
        },
        {
            "category": "半熟桃子",
            "bbox": [
                189.0,
                117.99999999999999,
                149.0,
                150.0
            ],
            "caption": "在采摘未熟绿色桃子时，请使用专用的手套以保护果实表皮不受损伤。\n在采摘未熟绿色桃子时，确保每次采摘的数量适中，不要一次性摘得太多。\n对于那些生长在树枝末端的未熟绿色桃子，务必小心不要折断树枝。"
        },
        {
            "category": "半熟桃子",
            "bbox": [
                365.0,
                336.0,
                379.0,
                333.0
            ],
            "caption": "在采摘未熟绿色桃子时，请使用专用的手套以保护果实表皮不受损伤。\n在采摘未熟绿色桃子时，确保每次采摘的数量适中，不要一次性摘得太多。\n对于那些生长在树枝末端的未熟绿色桃子，务必小心不要折断树枝。"
        }
    ]
}