{
    "image_id": "02_0501_152013.jpg",
    "annotations": [
        {
            "category": "半熟桃子",
            "bbox": [
                566.0,
                424.0,
                69.0,
                58.0
            ],
            "caption": "对于那些颜色和质地都表现出成熟特征的未熟绿色桃子，可以优先考虑用于出口。\n对于生长在树冠下层的未熟绿色桃子，建议使用长臂工具进行安全采摘。\n如果发现某些半熟桃子的颜色特别鲜艳，可能是由于光照充足，这类果实往往口感更好。"
        },
        {
            "category": "半熟桃子",
            "bbox": [
                652.0,
                272.0,
                61.0,
                80.0
            ],
            "caption": "对于那些颜色和质地都表现出成熟特征的未熟绿色桃子，可以优先考虑用于出口。\n对于生长在树冠下层的未熟绿色桃子，建议使用长臂工具进行安全采摘。\n如果发现某些半熟桃子的颜色特别鲜艳，可能是由于光照充足，这类果实往往口感更好。"
        },
        {
            "category": "全熟桃子",
            "bbox": [
                636.0,
                326.0,
                178.0,
                222.0
            ],
            "caption": "对于那些颜色和质地都表现出成熟特征的未熟绿色桃子，可以优先考虑用于出口。\n对于生长在树冠下层的未熟绿色桃子，建议使用长臂工具进行安全采摘。\n如果发现某些半熟桃子的颜色特别鲜艳，可能是由于光照充足，这类果实往往口感更好。"
        }
    ]
}