{
    "image_id": "03_0503_151525.jpg",
    "annotations": [
        {
            "category": "半熟桃子",
            "bbox": [
                624.0,
                229.0,
                378.0,
                329.0
            ],
            "caption": "当您发现未熟绿色桃子的颜色和气味都表明其成熟时，就是采摘的最佳时刻。\n对于那些颜色已经开始转变但还未完全成熟的未熟绿色桃子，可以在几天后再次检查。\n当未熟绿色桃子的颜色和香气都达到顶峰时，就是采摘的最佳时刻。"
        },
        {
            "category": "半熟桃子",
            "bbox": [
                789.0,
                655.0,
                234.0,
                112.0
            ],
            "caption": "当您发现未熟绿色桃子的颜色和气味都表明其成熟时，就是采摘的最佳时刻。\n对于那些颜色已经开始转变但还未完全成熟的未熟绿色桃子，可以在几天后再次检查。\n当未熟绿色桃子的颜色和香气都达到顶峰时，就是采摘的最佳时刻。"
        },
        {
            "category": "半熟桃子",
            "bbox": [
                150.0,
                34.0,
                143.0,
                73.0
            ],
            "caption": "当您发现未熟绿色桃子的颜色和气味都表明其成熟时，就是采摘的最佳时刻。\n对于那些颜色已经开始转变但还未完全成熟的未熟绿色桃子，可以在几天后再次检查。\n当未熟绿色桃子的颜色和香气都达到顶峰时，就是采摘的最佳时刻。"
        }
    ]
}