{
    "image_id": "03_0503_151800.jpg",
    "annotations": [
        {
            "category": "全熟桃子",
            "bbox": [
                514.0,
                307.0,
                353.0,
                397.0
            ],
            "caption": "当半熟桃子的颜色开始从绿色变为红色时，表示它们已经接近成熟，可以准备采摘了。\n在采摘半熟桃子时，请确保每个果实都得到细致的检查。"
        },
        {
            "category": "全熟桃子",
            "bbox": [
                721.0,
                195.0,
                302.0,
                288.99999999999994
            ],
            "caption": "当半熟桃子的颜色开始从绿色变为红色时，表示它们已经接近成熟，可以准备采摘了。\n在采摘半熟桃子时，请确保每个果实都得到细致的检查。"
        }
    ]
}