{
    "image_id": "03_0503_151912.jpg",
    "annotations": [
        {
            "category": "全熟桃子",
            "bbox": [
                478.0,
                102.0,
                162.0,
                317.0
            ],
            "caption": "当半熟桃子的颜色由最初的绿色逐渐转变为诱人的颜色，并且质地也开始变得柔软，那么就是采摘的最佳时机了。\n在采摘未熟绿色桃子时，请使用专用的手套以保护果实表皮不受损伤。\n在采摘未熟绿色桃子时，确保所有采摘下来的果实都被妥善处理和储存。\n当您发现未熟绿色桃子的颜色和质地都达到了理想状态时，就可以准备采摘了。"
        },
        {
            "category": "半熟桃子",
            "bbox": [
                630.0,
                331.0,
                225.0,
                151.0
            ],
            "caption": "当半熟桃子的颜色由最初的绿色逐渐转变为诱人的颜色，并且质地也开始变得柔软，那么就是采摘的最佳时机了。\n在采摘未熟绿色桃子时，请使用专用的手套以保护果实表皮不受损伤。\n在采摘未熟绿色桃子时，确保所有采摘下来的果实都被妥善处理和储存。\n当您发现未熟绿色桃子的颜色和质地都达到了理想状态时，就可以准备采摘了。"
        },
        {
            "category": "半熟桃子",
            "bbox": [
                675.0,
                0.0,
                147.0,
                102.99999999999999
            ],
            "caption": "当半熟桃子的颜色由最初的绿色逐渐转变为诱人的颜色，并且质地也开始变得柔软，那么就是采摘的最佳时机了。\n在采摘未熟绿色桃子时，请使用专用的手套以保护果实表皮不受损伤。\n在采摘未熟绿色桃子时，确保所有采摘下来的果实都被妥善处理和储存。\n当您发现未熟绿色桃子的颜色和质地都达到了理想状态时，就可以准备采摘了。"
        },
        {
            "category": "半熟桃子",
            "bbox": [
                416.0,
                393.99999999999994,
                176.0,
                171.00000000000006
            ],
            "caption": "当半熟桃子的颜色由最初的绿色逐渐转变为诱人的颜色，并且质地也开始变得柔软，那么就是采摘的最佳时机了。\n在采摘未熟绿色桃子时，请使用专用的手套以保护果实表皮不受损伤。\n在采摘未熟绿色桃子时，确保所有采摘下来的果实都被妥善处理和储存。\n当您发现未熟绿色桃子的颜色和质地都达到了理想状态时，就可以准备采摘了。"
        }
    ]
}