{
    "image_id": "03_0503_152029.jpg",
    "annotations": [
        {
            "category": "半熟桃子",
            "bbox": [
                513.0,
                241.99999999999997,
                320.0,
                294.9999999999999
            ],
            "caption": "检查未熟绿色桃子是否有自然裂口，如果有，应尽快采摘以减少损失。\n在采摘未熟绿色桃子时，请确保所有采摘工具都已消毒。"
        },
        {
            "category": "半熟桃子",
            "bbox": [
                683.0,
                434.0,
                257.0,
                282.9999999999999
            ],
            "caption": "检查未熟绿色桃子是否有自然裂口，如果有，应尽快采摘以减少损失。\n在采摘未熟绿色桃子时，请确保所有采摘工具都已消毒。"
        }
    ]
}