{
    "image_id": "03_0503_151802.jpg",
    "annotations": [
        {
            "category": "全熟桃子",
            "bbox": [
                692.0,
                137.0,
                295.0,
                364.99999999999994
            ],
            "caption": "检查半熟桃子是否有自然裂口，如果有，应尽快采摘以减少损失。\n对于那些颜色和质地都表现出成熟特征的半熟桃子，可以优先考虑用于销售。\n在处理那些靠近地面或容易受到病虫害影响的未熟绿色桃子时，要格外小心，优先选择健康无损的未熟绿色桃子进行采摘。\n在采摘未熟绿色桃子之前，确保所有必要的工具都已经准备好并且处于良好状态。\n当您发现半熟桃子的颜色和质地都达到了理想状态时，就可以准备采摘了。\n对于那些颜色变化不均的未熟绿色桃子，可以选择性地只采摘那些最成熟的部分。"
        },
        {
            "category": "全熟桃子",
            "bbox": [
                353.0,
                214.0,
                192.0,
                212.99999999999994
            ],
            "caption": "检查半熟桃子是否有自然裂口，如果有，应尽快采摘以减少损失。\n对于那些颜色和质地都表现出成熟特征的半熟桃子，可以优先考虑用于销售。\n在处理那些靠近地面或容易受到病虫害影响的未熟绿色桃子时，要格外小心，优先选择健康无损的未熟绿色桃子进行采摘。\n在采摘未熟绿色桃子之前，确保所有必要的工具都已经准备好并且处于良好状态。\n当您发现半熟桃子的颜色和质地都达到了理想状态时，就可以准备采摘了。\n对于那些颜色变化不均的未熟绿色桃子，可以选择性地只采摘那些最成熟的部分。"
        },
        {
            "category": "半熟桃子",
            "bbox": [
                518.0,
                322.0,
                151.0,
                172.0
            ],
            "caption": "检查半熟桃子是否有自然裂口，如果有，应尽快采摘以减少损失。\n对于那些颜色和质地都表现出成熟特征的半熟桃子，可以优先考虑用于销售。\n在处理那些靠近地面或容易受到病虫害影响的未熟绿色桃子时，要格外小心，优先选择健康无损的未熟绿色桃子进行采摘。\n在采摘未熟绿色桃子之前，确保所有必要的工具都已经准备好并且处于良好状态。\n当您发现半熟桃子的颜色和质地都达到了理想状态时，就可以准备采摘了。\n对于那些颜色变化不均的未熟绿色桃子，可以选择性地只采摘那些最成熟的部分。"
        },
        {
            "category": "半熟桃子",
            "bbox": [
                604.0,
                118.99999999999997,
                167.0,
                168.00000000000003
            ],
            "caption": "检查半熟桃子是否有自然裂口，如果有，应尽快采摘以减少损失。\n对于那些颜色和质地都表现出成熟特征的半熟桃子，可以优先考虑用于销售。\n在处理那些靠近地面或容易受到病虫害影响的未熟绿色桃子时，要格外小心，优先选择健康无损的未熟绿色桃子进行采摘。\n在采摘未熟绿色桃子之前，确保所有必要的工具都已经准备好并且处于良好状态。\n当您发现半熟桃子的颜色和质地都达到了理想状态时，就可以准备采摘了。\n对于那些颜色变化不均的未熟绿色桃子，可以选择性地只采摘那些最成熟的部分。"
        },
        {
            "category": "全熟桃子",
            "bbox": [
                440.0,
                452.0,
                183.0,
                222.0
            ],
            "caption": "检查半熟桃子是否有自然裂口，如果有，应尽快采摘以减少损失。\n对于那些颜色和质地都表现出成熟特征的半熟桃子，可以优先考虑用于销售。\n在处理那些靠近地面或容易受到病虫害影响的未熟绿色桃子时，要格外小心，优先选择健康无损的未熟绿色桃子进行采摘。\n在采摘未熟绿色桃子之前，确保所有必要的工具都已经准备好并且处于良好状态。\n当您发现半熟桃子的颜色和质地都达到了理想状态时，就可以准备采摘了。\n对于那些颜色变化不均的未熟绿色桃子，可以选择性地只采摘那些最成熟的部分。"
        },
        {
            "category": "半熟桃子",
            "bbox": [
                359.0,
                397.0,
                160.0,
                88.0
            ],
            "caption": "检查半熟桃子是否有自然裂口，如果有，应尽快采摘以减少损失。\n对于那些颜色和质地都表现出成熟特征的半熟桃子，可以优先考虑用于销售。\n在处理那些靠近地面或容易受到病虫害影响的未熟绿色桃子时，要格外小心，优先选择健康无损的未熟绿色桃子进行采摘。\n在采摘未熟绿色桃子之前，确保所有必要的工具都已经准备好并且处于良好状态。\n当您发现半熟桃子的颜色和质地都达到了理想状态时，就可以准备采摘了。\n对于那些颜色变化不均的未熟绿色桃子，可以选择性地只采摘那些最成熟的部分。"
        }
    ]
}