{
    "image_id": "03_0503_151400.jpg",
    "annotations": [
        {
            "category": "半熟桃子",
            "bbox": [
                605.0,
                246.0,
                339.0,
                360.0
            ],
            "caption": "当您发现未熟绿色桃子的颜色和气味都表明其成熟时，就是采摘的最佳时刻。\n当发现有部分未熟绿色桃子已经开始泛出诱人的光泽，并且质地变得柔软时，可以立即进行采摘，以保证其新鲜度和口感。\n如果发现有些未熟绿色桃子虽然外表看起来成熟了，但实际上内部还不够熟，最好推迟采摘时间，等到它们真正成熟后再动手。\n当您注意到未熟绿色桃子的颜色变得非常吸引人时，这是采摘的好时机。"
        },
        {
            "category": "半熟桃子",
            "bbox": [
                356.0,
                228.0,
                209.0,
                207.0
            ],
            "caption": "当您发现未熟绿色桃子的颜色和气味都表明其成熟时，就是采摘的最佳时刻。\n当发现有部分未熟绿色桃子已经开始泛出诱人的光泽，并且质地变得柔软时，可以立即进行采摘，以保证其新鲜度和口感。\n如果发现有些未熟绿色桃子虽然外表看起来成熟了，但实际上内部还不够熟，最好推迟采摘时间，等到它们真正成熟后再动手。\n当您注意到未熟绿色桃子的颜色变得非常吸引人时，这是采摘的好时机。"
        },
        {
            "category": "半熟桃子",
            "bbox": [
                441.0,
                267.0,
                122.0,
                138.99999999999994
            ],
            "caption": "当您发现未熟绿色桃子的颜色和气味都表明其成熟时，就是采摘的最佳时刻。\n当发现有部分未熟绿色桃子已经开始泛出诱人的光泽，并且质地变得柔软时，可以立即进行采摘，以保证其新鲜度和口感。\n如果发现有些未熟绿色桃子虽然外表看起来成熟了，但实际上内部还不够熟，最好推迟采摘时间，等到它们真正成熟后再动手。\n当您注意到未熟绿色桃子的颜色变得非常吸引人时，这是采摘的好时机。"
        },
        {
            "category": "半熟桃子",
            "bbox": [
                643.0,
                117.0,
                90.0,
                135.0
            ],
            "caption": "当您发现未熟绿色桃子的颜色和气味都表明其成熟时，就是采摘的最佳时刻。\n当发现有部分未熟绿色桃子已经开始泛出诱人的光泽，并且质地变得柔软时，可以立即进行采摘，以保证其新鲜度和口感。\n如果发现有些未熟绿色桃子虽然外表看起来成熟了，但实际上内部还不够熟，最好推迟采摘时间，等到它们真正成熟后再动手。\n当您注意到未熟绿色桃子的颜色变得非常吸引人时，这是采摘的好时机。"
        }
    ]
}