{
    "image_id": "03_0503_151915.jpg",
    "annotations": [
        {
            "category": "全熟桃子",
            "bbox": [
                648.0,
                63.999999999999986,
                204.0,
                141.0
            ],
            "caption": "在采摘半熟桃子时，请确保每棵植株都能得到适当的照顾。\n对于那些颜色和质地都表现出成熟特征的未熟绿色桃子，可以优先考虑用于制作干果。\n当半熟桃子的颜色变化均匀一致时，意味着它已经达到了理想的成熟度。\n当您发现未熟绿色桃子的颜色和质地都表现出良好的成熟特征时，就可以准备采摘了。\n对于那些颜色和质地都表现出良好特征的未熟绿色桃子，可以优先考虑用于加工。"
        },
        {
            "category": "半熟桃子",
            "bbox": [
                608.0,
                401.0,
                278.0,
                285.0
            ],
            "caption": "在采摘半熟桃子时，请确保每棵植株都能得到适当的照顾。\n对于那些颜色和质地都表现出成熟特征的未熟绿色桃子，可以优先考虑用于制作干果。\n当半熟桃子的颜色变化均匀一致时，意味着它已经达到了理想的成熟度。\n当您发现未熟绿色桃子的颜色和质地都表现出良好的成熟特征时，就可以准备采摘了。\n对于那些颜色和质地都表现出良好特征的未熟绿色桃子，可以优先考虑用于加工。"
        },
        {
            "category": "全熟桃子",
            "bbox": [
                306.0,
                183.0,
                155.0,
                221.0
            ],
            "caption": "在采摘半熟桃子时，请确保每棵植株都能得到适当的照顾。\n对于那些颜色和质地都表现出成熟特征的未熟绿色桃子，可以优先考虑用于制作干果。\n当半熟桃子的颜色变化均匀一致时，意味着它已经达到了理想的成熟度。\n当您发现未熟绿色桃子的颜色和质地都表现出良好的成熟特征时，就可以准备采摘了。\n对于那些颜色和质地都表现出良好特征的未熟绿色桃子，可以优先考虑用于加工。"
        },
        {
            "category": "半熟桃子",
            "bbox": [
                633.0,
                196.00000000000003,
                249.0,
                231.99999999999997
            ],
            "caption": "在采摘半熟桃子时，请确保每棵植株都能得到适当的照顾。\n对于那些颜色和质地都表现出成熟特征的未熟绿色桃子，可以优先考虑用于制作干果。\n当半熟桃子的颜色变化均匀一致时，意味着它已经达到了理想的成熟度。\n当您发现未熟绿色桃子的颜色和质地都表现出良好的成熟特征时，就可以准备采摘了。\n对于那些颜色和质地都表现出良好特征的未熟绿色桃子，可以优先考虑用于加工。"
        },
        {
            "category": "半熟桃子",
            "bbox": [
                543.0,
                399.99999999999994,
                64.0,
                132.00000000000006
            ],
            "caption": "在采摘半熟桃子时，请确保每棵植株都能得到适当的照顾。\n对于那些颜色和质地都表现出成熟特征的未熟绿色桃子，可以优先考虑用于制作干果。\n当半熟桃子的颜色变化均匀一致时，意味着它已经达到了理想的成熟度。\n当您发现未熟绿色桃子的颜色和质地都表现出良好的成熟特征时，就可以准备采摘了。\n对于那些颜色和质地都表现出良好特征的未熟绿色桃子，可以优先考虑用于加工。"
        }
    ]
}