{
    "image_id": "03_0503_151456.jpg",
    "annotations": [
        {
            "category": "半熟桃子",
            "bbox": [
                398.0,
                135.0,
                211.0,
                263.0
            ],
            "caption": "当您发现未熟绿色桃子的颜色和质地都达到了理想状态时，就可以准备采摘了。\n尝试用手指轻轻按压未熟绿色桃子，感受其硬度，以此判断是否达到最佳采摘时机。"
        },
        {
            "category": "半熟桃子",
            "bbox": [
                420.0,
                36.0,
                121.0,
                108.0
            ],
            "caption": "当您发现未熟绿色桃子的颜色和质地都达到了理想状态时，就可以准备采摘了。\n尝试用手指轻轻按压未熟绿色桃子，感受其硬度，以此判断是否达到最佳采摘时机。"
        }
    ]
}