{
    "image_id": "04_0501_162131.jpg",
    "annotations": [
        {
            "category": "全熟桃子",
            "bbox": [
                620.0,
                238.99999999999997,
                330.0,
                354.9999999999999
            ],
            "caption": "在采摘半熟桃子时，请确保工作环境整洁，避免对作物造成不必要的污染。\n在采摘半熟桃子时，确保所有采摘下来的果实都被妥善处理和储存。\n在采摘半熟桃子时，请确保每个工人负责的区域清晰明确。\n对于那些颜色已经开始转变的未熟绿色桃子，可以在早晨或傍晚时段进行采摘。"
        },
        {
            "category": "全熟桃子",
            "bbox": [
                239.0,
                254.0,
                265.0,
                244.99999999999994
            ],
            "caption": "在采摘半熟桃子时，请确保工作环境整洁，避免对作物造成不必要的污染。\n在采摘半熟桃子时，确保所有采摘下来的果实都被妥善处理和储存。\n在采摘半熟桃子时，请确保每个工人负责的区域清晰明确。\n对于那些颜色已经开始转变的未熟绿色桃子，可以在早晨或傍晚时段进行采摘。"
        },
        {
            "category": "全熟桃子",
            "bbox": [
                137.0,
                298.0,
                66.0,
                82.99999999999994
            ],
            "caption": "在采摘半熟桃子时，请确保工作环境整洁，避免对作物造成不必要的污染。\n在采摘半熟桃子时，确保所有采摘下来的果实都被妥善处理和储存。\n在采摘半熟桃子时，请确保每个工人负责的区域清晰明确。\n对于那些颜色已经开始转变的未熟绿色桃子，可以在早晨或傍晚时段进行采摘。"
        },
        {
            "category": "半熟桃子",
            "bbox": [
                74.0,
                311.0,
                97.0,
                129.0
            ],
            "caption": "在采摘半熟桃子时，请确保工作环境整洁，避免对作物造成不必要的污染。\n在采摘半熟桃子时，确保所有采摘下来的果实都被妥善处理和储存。\n在采摘半熟桃子时，请确保每个工人负责的区域清晰明确。\n对于那些颜色已经开始转变的未熟绿色桃子，可以在早晨或傍晚时段进行采摘。"
        }
    ]
}