{
    "image_id": "04_0501_162030.jpg",
    "annotations": [
        {
            "category": "青柿子",
            "bbox": [
                308.0,
                305.0,
                316.0,
                339.9999999999999
            ],
            "caption": "在采摘时，尽量保持双手干净，避免将污垢或细菌带到全熟桃子上；这对于维持采摘后的保鲜非常重要。\n对于那些颜色和质地都表现出成熟特征的半熟桃子，可以优先考虑用于直接销售给消费者。"
        },
        {
            "category": "全熟桃子",
            "bbox": [
                597.0,
                229.0,
                141.0,
                203.0
            ],
            "caption": "在采摘时，尽量保持双手干净，避免将污垢或细菌带到全熟桃子上；这对于维持采摘后的保鲜非常重要。\n对于那些颜色和质地都表现出成熟特征的半熟桃子，可以优先考虑用于直接销售给消费者。"
        }
    ]
}