{
    "image_id": "04_0503_145143.jpg",
    "annotations": [
        {
            "category": "全熟桃子",
            "bbox": [
                602.0,
                0.0,
                403.0,
                392.0
            ],
            "caption": "如果发现采摘下来的半熟桃子中有特别适合加工的个体，可以考虑开发相关的衍生产品。\n对于那些颜色和质地都表现出成熟特征的半熟桃子，可以优先考虑用于直接销售给消费者。"
        },
        {
            "category": "全熟桃子",
            "bbox": [
                219.0,
                178.99999999999997,
                358.0,
                399.0
            ],
            "caption": "如果发现采摘下来的半熟桃子中有特别适合加工的个体，可以考虑开发相关的衍生产品。\n对于那些颜色和质地都表现出成熟特征的半熟桃子，可以优先考虑用于直接销售给消费者。"
        }
    ]
}