{
    "image_id": "04_0503_145200.jpg",
    "annotations": [
        {
            "category": "半熟桃子",
            "bbox": [
                496.0,
                0.0,
                302.0,
                293.0
            ],
            "caption": "遇到一些几乎快要脱落的未熟绿色桃子，这可能意味着它们已经到了最佳采摘期；但对于那些依然牢固地挂在枝上的未熟绿色桃子，可能还需要一点时间。\n定期休息一下不仅可以恢复体力，也有助于更好地评估哪些未熟绿色桃子已经成熟可以采摘。"
        },
        {
            "category": "半熟桃子",
            "bbox": [
                690.0,
                153.0,
                333.0,
                454.0
            ],
            "caption": "遇到一些几乎快要脱落的未熟绿色桃子，这可能意味着它们已经到了最佳采摘期；但对于那些依然牢固地挂在枝上的未熟绿色桃子，可能还需要一点时间。\n定期休息一下不仅可以恢复体力，也有助于更好地评估哪些未熟绿色桃子已经成熟可以采摘。"
        }
    ]
}