{
    "image_id": "04_0501_160831.jpg",
    "annotations": [
        {
            "category": "全熟桃子",
            "bbox": [
                613.0,
                462.99999999999994,
                176.0,
                212.00000000000006
            ],
            "caption": "在采摘半熟桃子时，尽量避免直接暴露在强烈的阳光下，以保护您的皮肤。\n对于那些颜色变化不均的半熟桃子，可以选择性地只采摘那些最成熟的部分。\n对于那些颜色和质地都表现出成熟特征的半熟桃子，可以优先考虑用于直接销售给消费者。\n如果发现某些半熟桃子的颜色特别鲜艳，可能是由于光照充足，这类果实往往口感更好。"
        },
        {
            "category": "全熟桃子",
            "bbox": [
                564.0,
                302.0,
                162.0,
                158.0
            ],
            "caption": "在采摘半熟桃子时，尽量避免直接暴露在强烈的阳光下，以保护您的皮肤。\n对于那些颜色变化不均的半熟桃子，可以选择性地只采摘那些最成熟的部分。\n对于那些颜色和质地都表现出成熟特征的半熟桃子，可以优先考虑用于直接销售给消费者。\n如果发现某些半熟桃子的颜色特别鲜艳，可能是由于光照充足，这类果实往往口感更好。"
        },
        {
            "category": "全熟桃子",
            "bbox": [
                642.0,
                171.0,
                270.0,
                258.0
            ],
            "caption": "在采摘半熟桃子时，尽量避免直接暴露在强烈的阳光下，以保护您的皮肤。\n对于那些颜色变化不均的半熟桃子，可以选择性地只采摘那些最成熟的部分。\n对于那些颜色和质地都表现出成熟特征的半熟桃子，可以优先考虑用于直接销售给消费者。\n如果发现某些半熟桃子的颜色特别鲜艳，可能是由于光照充足，这类果实往往口感更好。"
        },
        {
            "category": "全熟桃子",
            "bbox": [
                410.0,
                440.0,
                225.0,
                219.9999999999999
            ],
            "caption": "在采摘半熟桃子时，尽量避免直接暴露在强烈的阳光下，以保护您的皮肤。\n对于那些颜色变化不均的半熟桃子，可以选择性地只采摘那些最成熟的部分。\n对于那些颜色和质地都表现出成熟特征的半熟桃子，可以优先考虑用于直接销售给消费者。\n如果发现某些半熟桃子的颜色特别鲜艳，可能是由于光照充足，这类果实往往口感更好。"
        }
    ]
}