{
    "image_id": "04_0503_145300.jpg",
    "annotations": [
        {
            "category": "半熟桃子",
            "bbox": [
                102.0,
                722.0,
                159.0,
                45.0
            ],
            "caption": "检查未熟绿色桃子是否有自然裂口，如果有，应尽快采摘以减少损失。\n尽量保持工作区域整洁有序，这不仅有助于提高效率，也能减少对周围环境的影响。\n采摘前，请检查天气预报，选择适宜的时间进行作业，避免恶劣天气。"
        },
        {
            "category": "全熟桃子",
            "bbox": [
                402.0,
                270.0,
                392.0,
                364.0
            ],
            "caption": "检查未熟绿色桃子是否有自然裂口，如果有，应尽快采摘以减少损失。\n尽量保持工作区域整洁有序，这不仅有助于提高效率，也能减少对周围环境的影响。\n采摘前，请检查天气预报，选择适宜的时间进行作业，避免恶劣天气。"
        },
        {
            "category": "全熟桃子",
            "bbox": [
                77.0,
                363.0,
                241.0,
                216.0
            ],
            "caption": "检查未熟绿色桃子是否有自然裂口，如果有，应尽快采摘以减少损失。\n尽量保持工作区域整洁有序，这不仅有助于提高效率，也能减少对周围环境的影响。\n采摘前，请检查天气预报，选择适宜的时间进行作业，避免恶劣天气。"
        }
    ]
}