{
    "image_id": "04_0503_144824.jpg",
    "annotations": [
        {
            "category": "半熟桃子",
            "bbox": [
                300.0,
                154.0,
                231.0,
                184.0
            ],
            "caption": "在采摘时，尽量保持双手干净，避免将污垢或细菌带到未熟绿色桃子上；这对于维持采摘后的保鲜非常重要。\n保持一定的节奏和效率很重要，但也不要因为急于求成而忽视了对每个半熟桃子的细致检查。"
        },
        {
            "category": "全熟桃子",
            "bbox": [
                302.0,
                327.99999999999994,
                319.0,
                363.00000000000006
            ],
            "caption": "在采摘时，尽量保持双手干净，避免将污垢或细菌带到未熟绿色桃子上；这对于维持采摘后的保鲜非常重要。\n保持一定的节奏和效率很重要，但也不要因为急于求成而忽视了对每个半熟桃子的细致检查。"
        }
    ]
}