{
    "image_id": "04_0501_161240.jpg",
    "annotations": [
        {
            "category": "半熟桃子",
            "bbox": [
                497.0,
                506.0,
                118.0,
                171.9999999999999
            ],
            "caption": "对于那些颜色特别鲜艳的未熟绿色桃子，可以优先考虑作为礼品包装出售。\n请仔细检查每一棵桃树，仅选择那些颜色达到最佳状态、表皮光滑且无瑕疵的半熟桃子进行采摘。\n当您发现半熟桃子的颜色从青转为成熟的颜色时，请立即进行采摘。\n对于那些生长在陡峭山坡上的半熟桃子，建议使用梯子辅助采摘。\n当您发现半熟桃子的颜色和形状都非常完美时，这通常是采摘的最佳时机。\n对于那些颜色已经开始转变的未熟绿色桃子，可以在早晨或傍晚时段进行采摘。\n对于生长在树冠下层的半熟桃子，建议使用长臂工具进行安全采摘。"
        },
        {
            "category": "全熟桃子",
            "bbox": [
                397.0,
                87.0,
                207.0,
                208.0
            ],
            "caption": "对于那些颜色特别鲜艳的未熟绿色桃子，可以优先考虑作为礼品包装出售。\n请仔细检查每一棵桃树，仅选择那些颜色达到最佳状态、表皮光滑且无瑕疵的半熟桃子进行采摘。\n当您发现半熟桃子的颜色从青转为成熟的颜色时，请立即进行采摘。\n对于那些生长在陡峭山坡上的半熟桃子，建议使用梯子辅助采摘。\n当您发现半熟桃子的颜色和形状都非常完美时，这通常是采摘的最佳时机。\n对于那些颜色已经开始转变的未熟绿色桃子，可以在早晨或傍晚时段进行采摘。\n对于生长在树冠下层的半熟桃子，建议使用长臂工具进行安全采摘。"
        },
        {
            "category": "全熟桃子",
            "bbox": [
                592.0,
                483.0,
                195.0,
                225.0
            ],
            "caption": "对于那些颜色特别鲜艳的未熟绿色桃子，可以优先考虑作为礼品包装出售。\n请仔细检查每一棵桃树，仅选择那些颜色达到最佳状态、表皮光滑且无瑕疵的半熟桃子进行采摘。\n当您发现半熟桃子的颜色从青转为成熟的颜色时，请立即进行采摘。\n对于那些生长在陡峭山坡上的半熟桃子，建议使用梯子辅助采摘。\n当您发现半熟桃子的颜色和形状都非常完美时，这通常是采摘的最佳时机。\n对于那些颜色已经开始转变的未熟绿色桃子，可以在早晨或傍晚时段进行采摘。\n对于生长在树冠下层的半熟桃子，建议使用长臂工具进行安全采摘。"
        },
        {
            "category": "全熟桃子",
            "bbox": [
                619.0,
                423.99999999999994,
                149.0,
                92.00000000000006
            ],
            "caption": "对于那些颜色特别鲜艳的未熟绿色桃子，可以优先考虑作为礼品包装出售。\n请仔细检查每一棵桃树，仅选择那些颜色达到最佳状态、表皮光滑且无瑕疵的半熟桃子进行采摘。\n当您发现半熟桃子的颜色从青转为成熟的颜色时，请立即进行采摘。\n对于那些生长在陡峭山坡上的半熟桃子，建议使用梯子辅助采摘。\n当您发现半熟桃子的颜色和形状都非常完美时，这通常是采摘的最佳时机。\n对于那些颜色已经开始转变的未熟绿色桃子，可以在早晨或傍晚时段进行采摘。\n对于生长在树冠下层的半熟桃子，建议使用长臂工具进行安全采摘。"
        },
        {
            "category": "全熟桃子",
            "bbox": [
                265.0,
                477.99999999999994,
                28.0,
                27.0
            ],
            "caption": "对于那些颜色特别鲜艳的未熟绿色桃子，可以优先考虑作为礼品包装出售。\n请仔细检查每一棵桃树，仅选择那些颜色达到最佳状态、表皮光滑且无瑕疵的半熟桃子进行采摘。\n当您发现半熟桃子的颜色从青转为成熟的颜色时，请立即进行采摘。\n对于那些生长在陡峭山坡上的半熟桃子，建议使用梯子辅助采摘。\n当您发现半熟桃子的颜色和形状都非常完美时，这通常是采摘的最佳时机。\n对于那些颜色已经开始转变的未熟绿色桃子，可以在早晨或傍晚时段进行采摘。\n对于生长在树冠下层的半熟桃子，建议使用长臂工具进行安全采摘。"
        },
        {
            "category": "半熟桃子",
            "bbox": [
                240.0,
                498.0,
                29.0,
                28.0
            ],
            "caption": "对于那些颜色特别鲜艳的未熟绿色桃子，可以优先考虑作为礼品包装出售。\n请仔细检查每一棵桃树，仅选择那些颜色达到最佳状态、表皮光滑且无瑕疵的半熟桃子进行采摘。\n当您发现半熟桃子的颜色从青转为成熟的颜色时，请立即进行采摘。\n对于那些生长在陡峭山坡上的半熟桃子，建议使用梯子辅助采摘。\n当您发现半熟桃子的颜色和形状都非常完美时，这通常是采摘的最佳时机。\n对于那些颜色已经开始转变的未熟绿色桃子，可以在早晨或傍晚时段进行采摘。\n对于生长在树冠下层的半熟桃子，建议使用长臂工具进行安全采摘。"
        },
        {
            "category": "全熟桃子",
            "bbox": [
                569.0,
                60.0,
                43.0,
                53.0
            ],
            "caption": "对于那些颜色特别鲜艳的未熟绿色桃子，可以优先考虑作为礼品包装出售。\n请仔细检查每一棵桃树，仅选择那些颜色达到最佳状态、表皮光滑且无瑕疵的半熟桃子进行采摘。\n当您发现半熟桃子的颜色从青转为成熟的颜色时，请立即进行采摘。\n对于那些生长在陡峭山坡上的半熟桃子，建议使用梯子辅助采摘。\n当您发现半熟桃子的颜色和形状都非常完美时，这通常是采摘的最佳时机。\n对于那些颜色已经开始转变的未熟绿色桃子，可以在早晨或傍晚时段进行采摘。\n对于生长在树冠下层的半熟桃子，建议使用长臂工具进行安全采摘。"
        }
    ]
}