{
    "image_id": "04_0501_162411.jpg",
    "annotations": [
        {
            "category": "全熟桃子",
            "bbox": [
                541.0,
                297.0,
                193.0,
                244.0
            ],
            "caption": "当您发现半熟桃子的颜色和质地都达到了理想状态时，就可以准备采摘了。\n对于那些颜色已经开始转变的半熟桃子，可以在早晨或傍晚时段进行采摘。"
        },
        {
            "category": "全熟桃子",
            "bbox": [
                679.0,
                193.0,
                310.0,
                317.0
            ],
            "caption": "当您发现半熟桃子的颜色和质地都达到了理想状态时，就可以准备采摘了。\n对于那些颜色已经开始转变的半熟桃子，可以在早晨或傍晚时段进行采摘。"
        }
    ]
}