{
    "image_id": "04_0501_161113.jpg",
    "annotations": [
        {
            "category": "全熟桃子",
            "bbox": [
                481.0,
                5.000000000000014,
                434.0,
                649.0
            ],
            "caption": "在采摘半熟桃子时，尽量避免过度劳累，以保持高效的工作状态。\n对于那些颜色和质地都表现出成熟特征的半熟桃子，可以优先考虑用于鲜食市场。\n当未熟绿色桃子的颜色由最初的绿色逐渐转变为诱人的颜色，并且质地也开始变得柔软，那么就是采摘的最佳时机了。"
        },
        {
            "category": "全熟桃子",
            "bbox": [
                246.0,
                104.0,
                348.0,
                310.0
            ],
            "caption": "在采摘半熟桃子时，尽量避免过度劳累，以保持高效的工作状态。\n对于那些颜色和质地都表现出成熟特征的半熟桃子，可以优先考虑用于鲜食市场。\n当未熟绿色桃子的颜色由最初的绿色逐渐转变为诱人的颜色，并且质地也开始变得柔软，那么就是采摘的最佳时机了。"
        },
        {
            "category": "半熟桃子",
            "bbox": [
                864.0,
                342.0,
                84.0,
                87.0
            ],
            "caption": "在采摘半熟桃子时，尽量避免过度劳累，以保持高效的工作状态。\n对于那些颜色和质地都表现出成熟特征的半熟桃子，可以优先考虑用于鲜食市场。\n当未熟绿色桃子的颜色由最初的绿色逐渐转变为诱人的颜色，并且质地也开始变得柔软，那么就是采摘的最佳时机了。"
        }
    ]
}