{
    "image_id": "04_0501_161313.jpg",
    "annotations": [
        {
            "category": "全熟桃子",
            "bbox": [
                584.0,
                149.0,
                372.0,
                388.0
            ],
            "caption": "如果发现采摘下来的半熟桃子中有特别受欢迎的品种，可以加大种植面积或改进栽培技术。\n检查半熟桃子是否有自然裂口，如果有，应尽快采摘以减少损失。"
        },
        {
            "category": "全熟桃子",
            "bbox": [
                330.0,
                207.0,
                273.0,
                328.0
            ],
            "caption": "如果发现采摘下来的半熟桃子中有特别受欢迎的品种，可以加大种植面积或改进栽培技术。\n检查半熟桃子是否有自然裂口，如果有，应尽快采摘以减少损失。"
        }
    ]
}