{
    "image_id": "04_0503_145442.jpg",
    "annotations": [
        {
            "category": "全熟桃子",
            "bbox": [
                735.0,
                184.0,
                51.0,
                109.99999999999994
            ],
            "caption": "当您发现半熟桃子的颜色逐渐加深，质地也变得更加柔软时，就可以开始采摘了。\n当您注意到未熟绿色桃子的颜色变得非常吸引人时，这是采摘的好时机。"
        },
        {
            "category": "半熟桃子",
            "bbox": [
                391.0,
                137.0,
                373.0,
                466.0
            ],
            "caption": "当您发现半熟桃子的颜色逐渐加深，质地也变得更加柔软时，就可以开始采摘了。\n当您注意到未熟绿色桃子的颜色变得非常吸引人时，这是采摘的好时机。"
        }
    ]
}