{
    "image_id": "04_0501_162140.jpg",
    "annotations": [
        {
            "category": "半熟桃子",
            "bbox": [
                178.0,
                24.0,
                207.0,
                190.0
            ],
            "caption": "如果有多个工人一起工作，可以分配不同的区域，确保每个角落的未熟绿色桃子都能得到适当的照顾。\n选择清晨或傍晚时段采摘半熟桃子，以保证果实的新鲜度和口感。\n对于那些颜色和质地都表现出成熟特征的半熟桃子，可以优先考虑用于制作果酱等衍生产品。\n选择清晨或傍晚时段采摘半熟桃子，以保证果实的新鲜度和口感。\n在采摘半熟桃子时，尽量避开中午阳光最强烈的时候，以减少热损伤。\n分批采摘，先摘那些最成熟的半熟桃子，给其他时间让它们继续发育。"
        },
        {
            "category": "全熟桃子",
            "bbox": [
                452.0,
                263.0,
                266.0,
                275.0
            ],
            "caption": "如果有多个工人一起工作，可以分配不同的区域，确保每个角落的未熟绿色桃子都能得到适当的照顾。\n选择清晨或傍晚时段采摘半熟桃子，以保证果实的新鲜度和口感。\n对于那些颜色和质地都表现出成熟特征的半熟桃子，可以优先考虑用于制作果酱等衍生产品。\n选择清晨或傍晚时段采摘半熟桃子，以保证果实的新鲜度和口感。\n在采摘半熟桃子时，尽量避开中午阳光最强烈的时候，以减少热损伤。\n分批采摘，先摘那些最成熟的半熟桃子，给其他时间让它们继续发育。"
        },
        {
            "category": "全熟桃子",
            "bbox": [
                289.0,
                114.99999999999999,
                166.0,
                174.0
            ],
            "caption": "如果有多个工人一起工作，可以分配不同的区域，确保每个角落的未熟绿色桃子都能得到适当的照顾。\n选择清晨或傍晚时段采摘半熟桃子，以保证果实的新鲜度和口感。\n对于那些颜色和质地都表现出成熟特征的半熟桃子，可以优先考虑用于制作果酱等衍生产品。\n选择清晨或傍晚时段采摘半熟桃子，以保证果实的新鲜度和口感。\n在采摘半熟桃子时，尽量避开中午阳光最强烈的时候，以减少热损伤。\n分批采摘，先摘那些最成熟的半熟桃子，给其他时间让它们继续发育。"
        },
        {
            "category": "全熟桃子",
            "bbox": [
                852.0,
                441.0,
                171.0,
                189.0
            ],
            "caption": "如果有多个工人一起工作，可以分配不同的区域，确保每个角落的未熟绿色桃子都能得到适当的照顾。\n选择清晨或傍晚时段采摘半熟桃子，以保证果实的新鲜度和口感。\n对于那些颜色和质地都表现出成熟特征的半熟桃子，可以优先考虑用于制作果酱等衍生产品。\n选择清晨或傍晚时段采摘半熟桃子，以保证果实的新鲜度和口感。\n在采摘半熟桃子时，尽量避开中午阳光最强烈的时候，以减少热损伤。\n分批采摘，先摘那些最成熟的半熟桃子，给其他时间让它们继续发育。"
        },
        {
            "category": "全熟桃子",
            "bbox": [
                397.0,
                226.99999999999997,
                82.0,
                222.00000000000003
            ],
            "caption": "如果有多个工人一起工作，可以分配不同的区域，确保每个角落的未熟绿色桃子都能得到适当的照顾。\n选择清晨或傍晚时段采摘半熟桃子，以保证果实的新鲜度和口感。\n对于那些颜色和质地都表现出成熟特征的半熟桃子，可以优先考虑用于制作果酱等衍生产品。\n选择清晨或傍晚时段采摘半熟桃子，以保证果实的新鲜度和口感。\n在采摘半熟桃子时，尽量避开中午阳光最强烈的时候，以减少热损伤。\n分批采摘，先摘那些最成熟的半熟桃子，给其他时间让它们继续发育。"
        },
        {
            "category": "全熟桃子",
            "bbox": [
                700.0,
                324.0,
                105.0,
                129.0
            ],
            "caption": "如果有多个工人一起工作，可以分配不同的区域，确保每个角落的未熟绿色桃子都能得到适当的照顾。\n选择清晨或傍晚时段采摘半熟桃子，以保证果实的新鲜度和口感。\n对于那些颜色和质地都表现出成熟特征的半熟桃子，可以优先考虑用于制作果酱等衍生产品。\n选择清晨或傍晚时段采摘半熟桃子，以保证果实的新鲜度和口感。\n在采摘半熟桃子时，尽量避开中午阳光最强烈的时候，以减少热损伤。\n分批采摘，先摘那些最成熟的半熟桃子，给其他时间让它们继续发育。"
        }
    ]
}