{
    "image_id": "04_0501_161811.jpg",
    "annotations": [
        {
            "category": "全熟桃子",
            "bbox": [
                279.0,
                270.0,
                261.0,
                304.0
            ],
            "caption": "尽量采用科学的方法，如通过检测仪器确定半熟桃子的成熟度，提高采摘精度。\n在采摘全熟桃子时，请确保工作环境整洁，避免对作物造成不必要的污染。\n在采摘半熟桃子时，请确保每个工人负责的区域清晰明确。\n当半熟桃子的颜色变化均匀一致时，意味着它已经达到了理想的成熟度。\n对于那些颜色和质地都表现出成熟特征的半熟桃子，可以优先考虑用于礼品包装。\n当半熟桃子的颜色和香气都达到顶峰时，就是采摘的最佳时刻。"
        },
        {
            "category": "青柿子",
            "bbox": [
                583.0,
                393.0,
                351.0,
                372.0
            ],
            "caption": "尽量采用科学的方法，如通过检测仪器确定半熟桃子的成熟度，提高采摘精度。\n在采摘全熟桃子时，请确保工作环境整洁，避免对作物造成不必要的污染。\n在采摘半熟桃子时，请确保每个工人负责的区域清晰明确。\n当半熟桃子的颜色变化均匀一致时，意味着它已经达到了理想的成熟度。\n对于那些颜色和质地都表现出成熟特征的半熟桃子，可以优先考虑用于礼品包装。\n当半熟桃子的颜色和香气都达到顶峰时，就是采摘的最佳时刻。"
        },
        {
            "category": "全熟桃子",
            "bbox": [
                158.0,
                66.0,
                128.0,
                172.0
            ],
            "caption": "尽量采用科学的方法，如通过检测仪器确定半熟桃子的成熟度，提高采摘精度。\n在采摘全熟桃子时，请确保工作环境整洁，避免对作物造成不必要的污染。\n在采摘半熟桃子时，请确保每个工人负责的区域清晰明确。\n当半熟桃子的颜色变化均匀一致时，意味着它已经达到了理想的成熟度。\n对于那些颜色和质地都表现出成熟特征的半熟桃子，可以优先考虑用于礼品包装。\n当半熟桃子的颜色和香气都达到顶峰时，就是采摘的最佳时刻。"
        },
        {
            "category": "全熟桃子",
            "bbox": [
                768.0,
                316.0,
                195.0,
                124.0
            ],
            "caption": "尽量采用科学的方法，如通过检测仪器确定半熟桃子的成熟度，提高采摘精度。\n在采摘全熟桃子时，请确保工作环境整洁，避免对作物造成不必要的污染。\n在采摘半熟桃子时，请确保每个工人负责的区域清晰明确。\n当半熟桃子的颜色变化均匀一致时，意味着它已经达到了理想的成熟度。\n对于那些颜色和质地都表现出成熟特征的半熟桃子，可以优先考虑用于礼品包装。\n当半熟桃子的颜色和香气都达到顶峰时，就是采摘的最佳时刻。"
        },
        {
            "category": "全熟桃子",
            "bbox": [
                140.0,
                46.00000000000001,
                254.0,
                274.0
            ],
            "caption": "尽量采用科学的方法，如通过检测仪器确定半熟桃子的成熟度，提高采摘精度。\n在采摘全熟桃子时，请确保工作环境整洁，避免对作物造成不必要的污染。\n在采摘半熟桃子时，请确保每个工人负责的区域清晰明确。\n当半熟桃子的颜色变化均匀一致时，意味着它已经达到了理想的成熟度。\n对于那些颜色和质地都表现出成熟特征的半熟桃子，可以优先考虑用于礼品包装。\n当半熟桃子的颜色和香气都达到顶峰时，就是采摘的最佳时刻。"
        },
        {
            "category": "全熟桃子",
            "bbox": [
                0.0,
                624.0,
                29.0,
                76.0
            ],
            "caption": "尽量采用科学的方法，如通过检测仪器确定半熟桃子的成熟度，提高采摘精度。\n在采摘全熟桃子时，请确保工作环境整洁，避免对作物造成不必要的污染。\n在采摘半熟桃子时，请确保每个工人负责的区域清晰明确。\n当半熟桃子的颜色变化均匀一致时，意味着它已经达到了理想的成熟度。\n对于那些颜色和质地都表现出成熟特征的半熟桃子，可以优先考虑用于礼品包装。\n当半熟桃子的颜色和香气都达到顶峰时，就是采摘的最佳时刻。"
        }
    ]
}