{
    "image_id": "04_0501_162157.jpg",
    "annotations": [
        {
            "category": "全熟桃子",
            "bbox": [
                473.0,
                393.99999999999994,
                277.0,
                282.00000000000006
            ],
            "caption": "请仔细检查每一棵桃树，仅选择那些颜色达到最佳状态、表皮光滑且无瑕疵的半熟桃子进行采摘。\n如果天气预报显示即将有恶劣天气，请尽快采摘所有已经成熟的半熟桃子，以防止它们受到损害；对于那些还未成熟的半熟桃子，可以用防护措施保护起来。\n如果发现某些未熟绿色桃子的颜色特别鲜艳，可能是由于光照充足，这类果实往往口感更好。"
        },
        {
            "category": "全熟桃子",
            "bbox": [
                321.0,
                196.00000000000003,
                318.0,
                277.0
            ],
            "caption": "请仔细检查每一棵桃树，仅选择那些颜色达到最佳状态、表皮光滑且无瑕疵的半熟桃子进行采摘。\n如果天气预报显示即将有恶劣天气，请尽快采摘所有已经成熟的半熟桃子，以防止它们受到损害；对于那些还未成熟的半熟桃子，可以用防护措施保护起来。\n如果发现某些未熟绿色桃子的颜色特别鲜艳，可能是由于光照充足，这类果实往往口感更好。"
        },
        {
            "category": "半熟桃子",
            "bbox": [
                598.0,
                195.0,
                139.0,
                188.0
            ],
            "caption": "请仔细检查每一棵桃树，仅选择那些颜色达到最佳状态、表皮光滑且无瑕疵的半熟桃子进行采摘。\n如果天气预报显示即将有恶劣天气，请尽快采摘所有已经成熟的半熟桃子，以防止它们受到损害；对于那些还未成熟的半熟桃子，可以用防护措施保护起来。\n如果发现某些未熟绿色桃子的颜色特别鲜艳，可能是由于光照充足，这类果实往往口感更好。"
        }
    ]
}