{
    "image_id": "04_0501_161540.jpg",
    "annotations": [
        {
            "category": "全熟桃子",
            "bbox": [
                345.0,
                414.99999999999994,
                338.0,
                273.00000000000006
            ],
            "caption": "注意观察半熟桃子的大小，过小的果实可能需要更多时间来成长。\n对于那些颜色和质地都表现出成熟特征的半熟桃子，可以考虑提前采摘。"
        },
        {
            "category": "全熟桃子",
            "bbox": [
                706.0,
                222.0,
                282.0,
                307.0
            ],
            "caption": "注意观察半熟桃子的大小，过小的果实可能需要更多时间来成长。\n对于那些颜色和质地都表现出成熟特征的半熟桃子，可以考虑提前采摘。"
        }
    ]
}