{
    "image_id": "04_0501_161216.jpg",
    "annotations": [
        {
            "category": "全熟桃子",
            "bbox": [
                634.0,
                196.99999999999997,
                227.0,
                208.00000000000003
            ],
            "caption": "对于那些颜色和质地都表现出成熟特征的半熟桃子，可以优先考虑用于制作水果沙拉。\n摘取半熟桃子时，避免用力过猛以免对果实造成不必要的伤害。"
        },
        {
            "category": "全熟桃子",
            "bbox": [
                432.0,
                183.0,
                186.0,
                192.0
            ],
            "caption": "对于那些颜色和质地都表现出成熟特征的半熟桃子，可以优先考虑用于制作水果沙拉。\n摘取半熟桃子时，避免用力过猛以免对果实造成不必要的伤害。"
        }
    ]
}