{
    "image_id": "04_0501_161724.jpg",
    "annotations": [
        {
            "category": "全熟桃子",
            "bbox": [
                460.0,
                303.0,
                208.0,
                213.0
            ],
            "caption": "当您发现半熟桃子的颜色和质地都符合预期标准时，就可以准备采摘了。\n在采摘半熟桃子时，请确保所有工具都是干净无菌的，以避免交叉感染。\n当未熟绿色桃子的颜色变化均匀一致时，意味着它已经达到了理想的成熟度。"
        },
        {
            "category": "全熟桃子",
            "bbox": [
                711.0,
                108.99999999999999,
                47.0,
                42.000000000000014
            ],
            "caption": "当您发现半熟桃子的颜色和质地都符合预期标准时，就可以准备采摘了。\n在采摘半熟桃子时，请确保所有工具都是干净无菌的，以避免交叉感染。\n当未熟绿色桃子的颜色变化均匀一致时，意味着它已经达到了理想的成熟度。"
        },
        {
            "category": "半熟桃子",
            "bbox": [
                695.0,
                84.0,
                31.0,
                30.999999999999986
            ],
            "caption": "当您发现半熟桃子的颜色和质地都符合预期标准时，就可以准备采摘了。\n在采摘半熟桃子时，请确保所有工具都是干净无菌的，以避免交叉感染。\n当未熟绿色桃子的颜色变化均匀一致时，意味着它已经达到了理想的成熟度。"
        }
    ]
}