{
    "image_id": "04_0501_161513.jpg",
    "annotations": [
        {
            "category": "全熟桃子",
            "bbox": [
                498.0,
                205.00000000000003,
                280.0,
                292.0
            ],
            "caption": "清理一下周围环境，移除任何可能妨碍工作的障碍物；这样可以让你更高效地采摘到成熟的半熟桃子。\n对于生长在树冠下层的半熟桃子，建议使用长臂工具进行安全采摘。\n保持一定的节奏和效率很重要，但也不要因为急于求成而忽视了对每个半熟桃子的细致检查。\n当您发现未熟绿色桃子的颜色逐渐加深，质地也变得更加柔软时，就可以开始采摘了。\n摘取时要轻拿轻放，特别是对于那些皮薄易损的未熟绿色桃子。"
        },
        {
            "category": "全熟桃子",
            "bbox": [
                830.0,
                0.0,
                162.0,
                40.0
            ],
            "caption": "清理一下周围环境，移除任何可能妨碍工作的障碍物；这样可以让你更高效地采摘到成熟的半熟桃子。\n对于生长在树冠下层的半熟桃子，建议使用长臂工具进行安全采摘。\n保持一定的节奏和效率很重要，但也不要因为急于求成而忽视了对每个半熟桃子的细致检查。\n当您发现未熟绿色桃子的颜色逐渐加深，质地也变得更加柔软时，就可以开始采摘了。\n摘取时要轻拿轻放，特别是对于那些皮薄易损的未熟绿色桃子。"
        },
        {
            "category": "全熟桃子",
            "bbox": [
                712.0,
                306.0,
                170.0,
                207.0
            ],
            "caption": "清理一下周围环境，移除任何可能妨碍工作的障碍物；这样可以让你更高效地采摘到成熟的半熟桃子。\n对于生长在树冠下层的半熟桃子，建议使用长臂工具进行安全采摘。\n保持一定的节奏和效率很重要，但也不要因为急于求成而忽视了对每个半熟桃子的细致检查。\n当您发现未熟绿色桃子的颜色逐渐加深，质地也变得更加柔软时，就可以开始采摘了。\n摘取时要轻拿轻放，特别是对于那些皮薄易损的未熟绿色桃子。"
        },
        {
            "category": "半熟桃子",
            "bbox": [
                468.0,
                228.0,
                104.0,
                156.0
            ],
            "caption": "清理一下周围环境，移除任何可能妨碍工作的障碍物；这样可以让你更高效地采摘到成熟的半熟桃子。\n对于生长在树冠下层的半熟桃子，建议使用长臂工具进行安全采摘。\n保持一定的节奏和效率很重要，但也不要因为急于求成而忽视了对每个半熟桃子的细致检查。\n当您发现未熟绿色桃子的颜色逐渐加深，质地也变得更加柔软时，就可以开始采摘了。\n摘取时要轻拿轻放，特别是对于那些皮薄易损的未熟绿色桃子。"
        },
        {
            "category": "半熟桃子",
            "bbox": [
                707.0,
                0.0,
                176.0,
                104.0
            ],
            "caption": "清理一下周围环境，移除任何可能妨碍工作的障碍物；这样可以让你更高效地采摘到成熟的半熟桃子。\n对于生长在树冠下层的半熟桃子，建议使用长臂工具进行安全采摘。\n保持一定的节奏和效率很重要，但也不要因为急于求成而忽视了对每个半熟桃子的细致检查。\n当您发现未熟绿色桃子的颜色逐渐加深，质地也变得更加柔软时，就可以开始采摘了。\n摘取时要轻拿轻放，特别是对于那些皮薄易损的未熟绿色桃子。"
        }
    ]
}