{
    "image_id": "04_0501_161844.jpg",
    "annotations": [
        {
            "category": "全熟桃子",
            "bbox": [
                572.0,
                216.0,
                267.0,
                282.0
            ],
            "caption": "对于那些颜色和质地都表现出良好特征的半熟桃子，可以优先考虑用于加工。\n摘取那些挂在枝头、颜色达到巅峰且稍微柔软的半熟桃子串，确保每颗都是最佳品质。\n当您发现未熟绿色桃子的颜色和质地都达到了理想状态时，就可以准备采摘了。"
        },
        {
            "category": "全熟桃子",
            "bbox": [
                432.0,
                468.0,
                70.0,
                72.0
            ],
            "caption": "对于那些颜色和质地都表现出良好特征的半熟桃子，可以优先考虑用于加工。\n摘取那些挂在枝头、颜色达到巅峰且稍微柔软的半熟桃子串，确保每颗都是最佳品质。\n当您发现未熟绿色桃子的颜色和质地都达到了理想状态时，就可以准备采摘了。"
        },
        {
            "category": "半熟桃子",
            "bbox": [
                815.0,
                469.0,
                65.0,
                79.0
            ],
            "caption": "对于那些颜色和质地都表现出良好特征的半熟桃子，可以优先考虑用于加工。\n摘取那些挂在枝头、颜色达到巅峰且稍微柔软的半熟桃子串，确保每颗都是最佳品质。\n当您发现未熟绿色桃子的颜色和质地都达到了理想状态时，就可以准备采摘了。"
        }
    ]
}