{
    "image_id": "04_0501_161619.jpg",
    "annotations": [
        {
            "category": "全熟桃子",
            "bbox": [
                413.0,
                263.0,
                218.0,
                226.99999999999994
            ],
            "caption": "选择清晨或傍晚时段采摘半熟桃子，以保证果实的新鲜度和口感。\n对于那些生长在陡峭山坡上的未熟绿色桃子，建议使用梯子辅助采摘。\n清理一下周围环境，移除任何可能妨碍工作的障碍物；这样可以让你更高效地采摘到成熟的半熟桃子。"
        },
        {
            "category": "半熟桃子",
            "bbox": [
                393.0,
                358.0,
                139.0,
                161.0
            ],
            "caption": "选择清晨或傍晚时段采摘半熟桃子，以保证果实的新鲜度和口感。\n对于那些生长在陡峭山坡上的未熟绿色桃子，建议使用梯子辅助采摘。\n清理一下周围环境，移除任何可能妨碍工作的障碍物；这样可以让你更高效地采摘到成熟的半熟桃子。"
        },
        {
            "category": "全熟桃子",
            "bbox": [
                519.0,
                225.0,
                181.0,
                126.0
            ],
            "caption": "选择清晨或傍晚时段采摘半熟桃子，以保证果实的新鲜度和口感。\n对于那些生长在陡峭山坡上的未熟绿色桃子，建议使用梯子辅助采摘。\n清理一下周围环境，移除任何可能妨碍工作的障碍物；这样可以让你更高效地采摘到成熟的半熟桃子。"
        }
    ]
}