{
    "image_id": "04_0501_161223.jpg",
    "annotations": [
        {
            "category": "半熟桃子",
            "bbox": [
                348.0,
                226.99999999999997,
                255.0,
                285.0
            ],
            "caption": "分批采摘，先摘那些最成熟的未熟绿色桃子，给其他时间让它们继续发育。\n尽量采用现代化的设备和技术，如无人机监测或智能采摘机器人，精准地采摘这些成熟的未熟绿色桃子，提高采摘效率的同时减少对未成熟未熟绿色桃子的影响。"
        },
        {
            "category": "半熟桃子",
            "bbox": [
                371.0,
                498.0,
                221.0,
                265.0
            ],
            "caption": "分批采摘，先摘那些最成熟的未熟绿色桃子，给其他时间让它们继续发育。\n尽量采用现代化的设备和技术，如无人机监测或智能采摘机器人，精准地采摘这些成熟的未熟绿色桃子，提高采摘效率的同时减少对未成熟未熟绿色桃子的影响。"
        }
    ]
}