{
    "image_id": "04_0501_161805.jpg",
    "annotations": [
        {
            "category": "全熟桃子",
            "bbox": [
                271.0,
                324.0,
                370.0,
                277.0
            ],
            "caption": "如果发现采摘下来的半熟桃子中有特别受欢迎的品种，可以加大种植面积或改进栽培技术。\n在采摘半熟桃子时，尽量避免过度劳累，以保持高效的工作状态。\n如果发现采摘下来的半熟桃子中有特别大的个体，可以作为展示或宣传用途，提升农场的形象。"
        },
        {
            "category": "全熟桃子",
            "bbox": [
                577.0,
                312.0,
                242.0,
                174.99999999999994
            ],
            "caption": "如果发现采摘下来的半熟桃子中有特别受欢迎的品种，可以加大种植面积或改进栽培技术。\n在采摘半熟桃子时，尽量避免过度劳累，以保持高效的工作状态。\n如果发现采摘下来的半熟桃子中有特别大的个体，可以作为展示或宣传用途，提升农场的形象。"
        },
        {
            "category": "全熟桃子",
            "bbox": [
                234.0,
                86.00000000000001,
                158.0,
                215.0
            ],
            "caption": "如果发现采摘下来的半熟桃子中有特别受欢迎的品种，可以加大种植面积或改进栽培技术。\n在采摘半熟桃子时，尽量避免过度劳累，以保持高效的工作状态。\n如果发现采摘下来的半熟桃子中有特别大的个体，可以作为展示或宣传用途，提升农场的形象。"
        }
    ]
}