{
    "image_id": "04_0501_162205.jpg",
    "annotations": [
        {
            "category": "半熟桃子",
            "bbox": [
                286.0,
                306.0,
                233.0,
                280.0
            ],
            "caption": "当您发现未熟绿色桃子的颜色逐渐加深，质地也变得更加柔软时，就可以开始采摘了。\n对于那些颜色和质地都表现出成熟特征的未熟绿色桃子，可以优先考虑用于加工产品。\n尝试用手指轻轻按压半熟桃子，感受其硬度，以此判断是否达到最佳采摘时机。\n当您发现未熟绿色桃子的颜色和质地都达到了理想状态时，就可以准备采摘了。"
        },
        {
            "category": "半熟桃子",
            "bbox": [
                658.0,
                193.00000000000003,
                326.0,
                352.0
            ],
            "caption": "当您发现未熟绿色桃子的颜色逐渐加深，质地也变得更加柔软时，就可以开始采摘了。\n对于那些颜色和质地都表现出成熟特征的未熟绿色桃子，可以优先考虑用于加工产品。\n尝试用手指轻轻按压半熟桃子，感受其硬度，以此判断是否达到最佳采摘时机。\n当您发现未熟绿色桃子的颜色和质地都达到了理想状态时，就可以准备采摘了。"
        },
        {
            "category": "全熟桃子",
            "bbox": [
                100.0,
                441.99999999999994,
                172.0,
                201.00000000000006
            ],
            "caption": "当您发现未熟绿色桃子的颜色逐渐加深，质地也变得更加柔软时，就可以开始采摘了。\n对于那些颜色和质地都表现出成熟特征的未熟绿色桃子，可以优先考虑用于加工产品。\n尝试用手指轻轻按压半熟桃子，感受其硬度，以此判断是否达到最佳采摘时机。\n当您发现未熟绿色桃子的颜色和质地都达到了理想状态时，就可以准备采摘了。"
        },
        {
            "category": "半熟桃子",
            "bbox": [
                845.0,
                21.999999999999986,
                178.0,
                183.0
            ],
            "caption": "当您发现未熟绿色桃子的颜色逐渐加深，质地也变得更加柔软时，就可以开始采摘了。\n对于那些颜色和质地都表现出成熟特征的未熟绿色桃子，可以优先考虑用于加工产品。\n尝试用手指轻轻按压半熟桃子，感受其硬度，以此判断是否达到最佳采摘时机。\n当您发现未熟绿色桃子的颜色和质地都达到了理想状态时，就可以准备采摘了。"
        }
    ]
}