{
    "image_id": "04_0501_161556.jpg",
    "annotations": [
        {
            "category": "半熟桃子",
            "bbox": [
                500.0,
                352.0,
                203.0,
                209.0
            ],
            "caption": "当未熟绿色桃子的颜色开始从绿色变为红色时，表示它们已经接近成熟，可以准备采摘了。\n对于那些颜色和质地都表现出成熟特征的未熟绿色桃子，可以考虑提前采摘。\n对于那些颜色鲜艳且表皮光滑无瑕疵的未熟绿色桃子，可以优先考虑用于高端市场。"
        },
        {
            "category": "半熟桃子",
            "bbox": [
                688.0,
                266.0,
                177.0,
                131.0
            ],
            "caption": "当未熟绿色桃子的颜色开始从绿色变为红色时，表示它们已经接近成熟，可以准备采摘了。\n对于那些颜色和质地都表现出成熟特征的未熟绿色桃子，可以考虑提前采摘。\n对于那些颜色鲜艳且表皮光滑无瑕疵的未熟绿色桃子，可以优先考虑用于高端市场。"
        },
        {
            "category": "半熟桃子",
            "bbox": [
                190.0,
                368.99999999999994,
                61.0,
                158.00000000000006
            ],
            "caption": "当未熟绿色桃子的颜色开始从绿色变为红色时，表示它们已经接近成熟，可以准备采摘了。\n对于那些颜色和质地都表现出成熟特征的未熟绿色桃子，可以考虑提前采摘。\n对于那些颜色鲜艳且表皮光滑无瑕疵的未熟绿色桃子，可以优先考虑用于高端市场。"
        }
    ]
}