{
    "image_id": "04_0501_161713.jpg",
    "annotations": [
        {
            "category": "全熟桃子",
            "bbox": [
                671.0,
                196.00000000000003,
                189.0,
                183.99999999999997
            ],
            "caption": "在采摘时，尽量保持双手干净，避免将污垢或细菌带到半熟桃子上；这对于维持采摘后的保鲜非常重要。\n如果发现采摘下来的半熟桃子中有特别大的个体，可以作为展示或宣传用途，提升农场的形象。\n在采摘半熟桃子时，请注意观察是否有病虫害迹象，并及时处理。"
        },
        {
            "category": "全熟桃子",
            "bbox": [
                599.0,
                286.0,
                76.0,
                73.0
            ],
            "caption": "在采摘时，尽量保持双手干净，避免将污垢或细菌带到半熟桃子上；这对于维持采摘后的保鲜非常重要。\n如果发现采摘下来的半熟桃子中有特别大的个体，可以作为展示或宣传用途，提升农场的形象。\n在采摘半熟桃子时，请注意观察是否有病虫害迹象，并及时处理。"
        },
        {
            "category": "全熟桃子",
            "bbox": [
                555.0,
                410.0,
                146.0,
                189.9999999999999
            ],
            "caption": "在采摘时，尽量保持双手干净，避免将污垢或细菌带到半熟桃子上；这对于维持采摘后的保鲜非常重要。\n如果发现采摘下来的半熟桃子中有特别大的个体，可以作为展示或宣传用途，提升农场的形象。\n在采摘半熟桃子时，请注意观察是否有病虫害迹象，并及时处理。"
        }
    ]
}