{
    "image_id": "04_0501_161039.jpg",
    "annotations": [
        {
            "category": "全熟桃子",
            "bbox": [
                621.0,
                276.99999999999994,
                217.0,
                222.0
            ],
            "caption": "对于那些颜色和质地都表现出良好特征的半熟桃子，可以优先考虑用于加工。\n对于那些颜色和质地都表现出成熟特征的半熟桃子，可以优先考虑用于加工产品。\n对于那些颜色和质地都表现出良好特征的未熟绿色桃子，可以优先考虑用于加工。"
        },
        {
            "category": "全熟桃子",
            "bbox": [
                536.0,
                102.0,
                173.0,
                203.0
            ],
            "caption": "对于那些颜色和质地都表现出良好特征的半熟桃子，可以优先考虑用于加工。\n对于那些颜色和质地都表现出成熟特征的半熟桃子，可以优先考虑用于加工产品。\n对于那些颜色和质地都表现出良好特征的未熟绿色桃子，可以优先考虑用于加工。"
        },
        {
            "category": "半熟桃子",
            "bbox": [
                482.0,
                459.99999999999994,
                146.0,
                147.00000000000006
            ],
            "caption": "对于那些颜色和质地都表现出良好特征的半熟桃子，可以优先考虑用于加工。\n对于那些颜色和质地都表现出成熟特征的半熟桃子，可以优先考虑用于加工产品。\n对于那些颜色和质地都表现出良好特征的未熟绿色桃子，可以优先考虑用于加工。"
        }
    ]
}