{
    "image_id": "04_0501_161942.jpg",
    "annotations": [
        {
            "category": "全熟桃子",
            "bbox": [
                322.0,
                264.0,
                377.0,
                475.0
            ],
            "caption": "在采摘半熟桃子时，确保工作环境整洁，避免对作物造成不必要的污染。\n尽量采用科学的方法，如通过检测仪器确定未熟绿色桃子的成熟度，提高采摘精度。\n当您发现半熟桃子的颜色和质地都达到了理想状态时，就可以准备采摘了。\n对于那些颜色和质地都表现出成熟特征的未熟绿色桃子，可以考虑提前采摘。\n尽量保持对细节的关注，即使是微小的变化也可能影响到最终的采摘效果。"
        },
        {
            "category": "半熟桃子",
            "bbox": [
                711.0,
                373.0,
                255.0,
                268.0
            ],
            "caption": "在采摘半熟桃子时，确保工作环境整洁，避免对作物造成不必要的污染。\n尽量采用科学的方法，如通过检测仪器确定未熟绿色桃子的成熟度，提高采摘精度。\n当您发现半熟桃子的颜色和质地都达到了理想状态时，就可以准备采摘了。\n对于那些颜色和质地都表现出成熟特征的未熟绿色桃子，可以考虑提前采摘。\n尽量保持对细节的关注，即使是微小的变化也可能影响到最终的采摘效果。"
        },
        {
            "category": "全熟桃子",
            "bbox": [
                586.0,
                186.0,
                293.0,
                290.0
            ],
            "caption": "在采摘半熟桃子时，确保工作环境整洁，避免对作物造成不必要的污染。\n尽量采用科学的方法，如通过检测仪器确定未熟绿色桃子的成熟度，提高采摘精度。\n当您发现半熟桃子的颜色和质地都达到了理想状态时，就可以准备采摘了。\n对于那些颜色和质地都表现出成熟特征的未熟绿色桃子，可以考虑提前采摘。\n尽量保持对细节的关注，即使是微小的变化也可能影响到最终的采摘效果。"
        },
        {
            "category": "半熟桃子",
            "bbox": [
                866.0,
                213.0,
                89.0,
                132.0
            ],
            "caption": "在采摘半熟桃子时，确保工作环境整洁，避免对作物造成不必要的污染。\n尽量采用科学的方法，如通过检测仪器确定未熟绿色桃子的成熟度，提高采摘精度。\n当您发现半熟桃子的颜色和质地都达到了理想状态时，就可以准备采摘了。\n对于那些颜色和质地都表现出成熟特征的未熟绿色桃子，可以考虑提前采摘。\n尽量保持对细节的关注，即使是微小的变化也可能影响到最终的采摘效果。"
        },
        {
            "category": "半熟桃子",
            "bbox": [
                638.0,
                699.0,
                202.0,
                67.0
            ],
            "caption": "在采摘半熟桃子时，确保工作环境整洁，避免对作物造成不必要的污染。\n尽量采用科学的方法，如通过检测仪器确定未熟绿色桃子的成熟度，提高采摘精度。\n当您发现半熟桃子的颜色和质地都达到了理想状态时，就可以准备采摘了。\n对于那些颜色和质地都表现出成熟特征的未熟绿色桃子，可以考虑提前采摘。\n尽量保持对细节的关注，即使是微小的变化也可能影响到最终的采摘效果。"
        }
    ]
}