{
    "image_id": "04_0501_161807.jpg",
    "annotations": [
        {
            "category": "全熟桃子",
            "bbox": [
                377.0,
                225.0,
                300.0,
                330.0
            ],
            "caption": "对于那些色泽饱满、大小适中且成熟的半熟桃子，可以优先考虑采摘；而忽略那些未完全成熟的小个或颜色浅的半熟桃子。\n在采摘半熟桃子时，请确保所有工具都是干净无菌的，以避免交叉感染。\n在采摘之前，请先确认半熟桃子是否已经达到了理想的成熟度，比如颜色是否足够鲜艳、质地是否适当软化等。\n在采摘半熟桃子时，确保工作环境整洁，避免对作物造成不必要的污染。\n对于那些颜色已经开始变化但还未完全成熟的半熟桃子，可以稍微延迟采摘。"
        },
        {
            "category": "全熟桃子",
            "bbox": [
                731.0,
                567.0,
                139.0,
                189.0
            ],
            "caption": "对于那些色泽饱满、大小适中且成熟的半熟桃子，可以优先考虑采摘；而忽略那些未完全成熟的小个或颜色浅的半熟桃子。\n在采摘半熟桃子时，请确保所有工具都是干净无菌的，以避免交叉感染。\n在采摘之前，请先确认半熟桃子是否已经达到了理想的成熟度，比如颜色是否足够鲜艳、质地是否适当软化等。\n在采摘半熟桃子时，确保工作环境整洁，避免对作物造成不必要的污染。\n对于那些颜色已经开始变化但还未完全成熟的半熟桃子，可以稍微延迟采摘。"
        },
        {
            "category": "全熟桃子",
            "bbox": [
                167.0,
                290.0,
                69.0,
                77.0
            ],
            "caption": "对于那些色泽饱满、大小适中且成熟的半熟桃子，可以优先考虑采摘；而忽略那些未完全成熟的小个或颜色浅的半熟桃子。\n在采摘半熟桃子时，请确保所有工具都是干净无菌的，以避免交叉感染。\n在采摘之前，请先确认半熟桃子是否已经达到了理想的成熟度，比如颜色是否足够鲜艳、质地是否适当软化等。\n在采摘半熟桃子时，确保工作环境整洁，避免对作物造成不必要的污染。\n对于那些颜色已经开始变化但还未完全成熟的半熟桃子，可以稍微延迟采摘。"
        },
        {
            "category": "全熟桃子",
            "bbox": [
                597.0,
                435.0,
                224.0,
                250.9999999999999
            ],
            "caption": "对于那些色泽饱满、大小适中且成熟的半熟桃子，可以优先考虑采摘；而忽略那些未完全成熟的小个或颜色浅的半熟桃子。\n在采摘半熟桃子时，请确保所有工具都是干净无菌的，以避免交叉感染。\n在采摘之前，请先确认半熟桃子是否已经达到了理想的成熟度，比如颜色是否足够鲜艳、质地是否适当软化等。\n在采摘半熟桃子时，确保工作环境整洁，避免对作物造成不必要的污染。\n对于那些颜色已经开始变化但还未完全成熟的半熟桃子，可以稍微延迟采摘。"
        },
        {
            "category": "全熟桃子",
            "bbox": [
                784.0,
                697.0,
                222.0,
                69.0
            ],
            "caption": "对于那些色泽饱满、大小适中且成熟的半熟桃子，可以优先考虑采摘；而忽略那些未完全成熟的小个或颜色浅的半熟桃子。\n在采摘半熟桃子时，请确保所有工具都是干净无菌的，以避免交叉感染。\n在采摘之前，请先确认半熟桃子是否已经达到了理想的成熟度，比如颜色是否足够鲜艳、质地是否适当软化等。\n在采摘半熟桃子时，确保工作环境整洁，避免对作物造成不必要的污染。\n对于那些颜色已经开始变化但还未完全成熟的半熟桃子，可以稍微延迟采摘。"
        }
    ]
}