{
    "image_id": "04_0501_161559.jpg",
    "annotations": [
        {
            "category": "全熟桃子",
            "bbox": [
                459.0,
                311.0,
                236.0,
                219.9999999999999
            ],
            "caption": "在采摘半熟桃子时，请确保每个工人负责的区域清晰明确。\n考虑到不同品种的未熟绿色桃子有不同的成熟特征，可以根据具体情况进行调整，确保每一种都能得到最合适的照顾。"
        },
        {
            "category": "半熟桃子",
            "bbox": [
                434.0,
                299.0,
                86.0,
                65.0
            ],
            "caption": "在采摘半熟桃子时，请确保每个工人负责的区域清晰明确。\n考虑到不同品种的未熟绿色桃子有不同的成熟特征，可以根据具体情况进行调整，确保每一种都能得到最合适的照顾。"
        }
    ]
}