{
    "image_id": "04_0501_161144.jpg",
    "annotations": [
        {
            "category": "全熟桃子",
            "bbox": [
                852.0,
                231.0,
                171.0,
                230.0
            ],
            "caption": "当您发现半熟桃子的颜色从青转为成熟的颜色时，请立即进行采摘。\n当您发现半熟桃子的颜色和形状都非常完美时，这通常是采摘的最佳时机。"
        },
        {
            "category": "全熟桃子",
            "bbox": [
                497.0,
                266.0,
                276.0,
                258.9999999999999
            ],
            "caption": "当您发现半熟桃子的颜色从青转为成熟的颜色时，请立即进行采摘。\n当您发现半熟桃子的颜色和形状都非常完美时，这通常是采摘的最佳时机。"
        }
    ]
}