{
    "image_id": "04_0501_162313.jpg",
    "annotations": [
        {
            "category": "半熟桃子",
            "bbox": [
                390.0,
                370.0,
                307.0,
                271.0
            ],
            "caption": "在采摘过程中，始终佩戴手套，以保护双手并维持未熟绿色桃子表面的洁净。\n如果发现采摘下来的未熟绿色桃子中有特别适合加工的个体，可以考虑开发相关的衍生产品。\n当您发现半熟桃子的颜色从青转为成熟色时，请立即进行采摘。"
        },
        {
            "category": "半熟桃子",
            "bbox": [
                385.0,
                71.99999999999997,
                298.0,
                337.0
            ],
            "caption": "在采摘过程中，始终佩戴手套，以保护双手并维持未熟绿色桃子表面的洁净。\n如果发现采摘下来的未熟绿色桃子中有特别适合加工的个体，可以考虑开发相关的衍生产品。\n当您发现半熟桃子的颜色从青转为成熟色时，请立即进行采摘。"
        },
        {
            "category": "全熟桃子",
            "bbox": [
                661.0,
                253.99999999999997,
                362.0,
                429.0
            ],
            "caption": "在采摘过程中，始终佩戴手套，以保护双手并维持未熟绿色桃子表面的洁净。\n如果发现采摘下来的未熟绿色桃子中有特别适合加工的个体，可以考虑开发相关的衍生产品。\n当您发现半熟桃子的颜色从青转为成熟色时，请立即进行采摘。"
        }
    ]
}