{
    "image_id": "04_0501_161516.jpg",
    "annotations": [
        {
            "category": "全熟桃子",
            "bbox": [
                594.0,
                306.0,
                161.0,
                138.0
            ],
            "caption": "如果半熟桃子的颜色开始变深，这意味着它们已经接近完全成熟。\n当您发现半熟桃子的颜色和形状都非常完美时，这通常是采摘的最佳时机。\n在采摘过程中，始终佩戴手套，以保护双手并维持半熟桃子表面的洁净。"
        },
        {
            "category": "全熟桃子",
            "bbox": [
                739.0,
                278.0,
                163.0,
                188.0
            ],
            "caption": "如果半熟桃子的颜色开始变深，这意味着它们已经接近完全成熟。\n当您发现半熟桃子的颜色和形状都非常完美时，这通常是采摘的最佳时机。\n在采摘过程中，始终佩戴手套，以保护双手并维持半熟桃子表面的洁净。"
        },
        {
            "category": "全熟桃子",
            "bbox": [
                627.0,
                509.0,
                78.0,
                57.999999999999886
            ],
            "caption": "如果半熟桃子的颜色开始变深，这意味着它们已经接近完全成熟。\n当您发现半熟桃子的颜色和形状都非常完美时，这通常是采摘的最佳时机。\n在采摘过程中，始终佩戴手套，以保护双手并维持半熟桃子表面的洁净。"
        }
    ]
}