{
    "image_id": "04_0501_162104.jpg",
    "annotations": [
        {
            "category": "全熟桃子",
            "bbox": [
                569.0,
                288.0,
                231.0,
                231.0
            ],
            "caption": "检查每个半熟桃子的颜色、质地和气味，这些都是判断其是否成熟的良好指标；对于那些不确定的半熟桃子，可以稍后再做决定。\n当您发现半熟桃子的颜色和质地都符合预期时，就可以准备采摘了。"
        },
        {
            "category": "全熟桃子",
            "bbox": [
                257.0,
                263.0,
                228.0,
                222.0
            ],
            "caption": "检查每个半熟桃子的颜色、质地和气味，这些都是判断其是否成熟的良好指标；对于那些不确定的半熟桃子，可以稍后再做决定。\n当您发现半熟桃子的颜色和质地都符合预期时，就可以准备采摘了。"
        }
    ]
}