{
    "image_id": "04_0501_161823.jpg",
    "annotations": [
        {
            "category": "全熟桃子",
            "bbox": [
                408.0,
                223.99999999999997,
                322.0,
                307.0
            ],
            "caption": "尽量采用现代化的设备和技术，如无人机监测或智能采摘机器人，精准地采摘这些成熟的半熟桃子，提高采摘效率的同时减少对未成熟半熟桃子的影响。"
        }
    ]
}