{
    "image_id": "04_0501_161156.jpg",
    "annotations": [
        {
            "category": "半熟桃子",
            "bbox": [
                825.0,
                0.0,
                144.0,
                120.99999999999999
            ],
            "caption": "对于那些生长在复杂地形或特殊位置的未熟绿色桃子，可能需要额外的帮助或工具才能顺利采摘。\n在采摘前，先了解当天的天气预报，选择适宜的时间进行作业。\n在采摘未熟绿色桃子时，尽量避免过度劳累，以保持高效的工作状态。"
        },
        {
            "category": "全熟桃子",
            "bbox": [
                540.0,
                324.0,
                189.0,
                225.0
            ],
            "caption": "对于那些生长在复杂地形或特殊位置的未熟绿色桃子，可能需要额外的帮助或工具才能顺利采摘。\n在采摘前，先了解当天的天气预报，选择适宜的时间进行作业。\n在采摘未熟绿色桃子时，尽量避免过度劳累，以保持高效的工作状态。"
        },
        {
            "category": "半熟桃子",
            "bbox": [
                452.0,
                368.0,
                263.0,
                147.9999999999999
            ],
            "caption": "对于那些生长在复杂地形或特殊位置的未熟绿色桃子，可能需要额外的帮助或工具才能顺利采摘。\n在采摘前，先了解当天的天气预报，选择适宜的时间进行作业。\n在采摘未熟绿色桃子时，尽量避免过度劳累，以保持高效的工作状态。"
        }
    ]
}