{
    "image_id": "04_0503_150135.jpg",
    "annotations": [
        {
            "category": "半熟桃子",
            "bbox": [
                342.0,
                299.0,
                167.0,
                201.0
            ],
            "caption": "如果有多个工人一起工作，可以分配不同的区域，确保每个角落的未熟绿色桃子都能得到适当的照顾。\n对于那些颜色和质地都表现出成熟特征的未熟绿色桃子，可以优先考虑用于鲜食市场。\n遇到一些几乎快要脱落的未熟绿色桃子，这可能意味着它们已经到了最佳采摘期；但对于那些依然牢固地挂在枝上的未熟绿色桃子，可能还需要一点时间。"
        },
        {
            "category": "半熟桃子",
            "bbox": [
                433.0,
                278.0,
                150.0,
                141.0
            ],
            "caption": "如果有多个工人一起工作，可以分配不同的区域，确保每个角落的未熟绿色桃子都能得到适当的照顾。\n对于那些颜色和质地都表现出成熟特征的未熟绿色桃子，可以优先考虑用于鲜食市场。\n遇到一些几乎快要脱落的未熟绿色桃子，这可能意味着它们已经到了最佳采摘期；但对于那些依然牢固地挂在枝上的未熟绿色桃子，可能还需要一点时间。"
        },
        {
            "category": "半熟桃子",
            "bbox": [
                384.0,
                483.0,
                143.0,
                78.0
            ],
            "caption": "如果有多个工人一起工作，可以分配不同的区域，确保每个角落的未熟绿色桃子都能得到适当的照顾。\n对于那些颜色和质地都表现出成熟特征的未熟绿色桃子，可以优先考虑用于鲜食市场。\n遇到一些几乎快要脱落的未熟绿色桃子，这可能意味着它们已经到了最佳采摘期；但对于那些依然牢固地挂在枝上的未熟绿色桃子，可能还需要一点时间。"
        }
    ]
}