{
    "image_id": "04_0501_161858.jpg",
    "annotations": [
        {
            "category": "全熟桃子",
            "bbox": [
                498.0,
                299.0,
                106.0,
                119.0
            ],
            "caption": "对于那些颜色和质地都表现出成熟特征的半熟桃子，可以优先考虑用于制作水果沙拉。\n对于那些生长在树冠下层的未熟绿色桃子，可以考虑使用长臂剪刀进行安全采摘。\n采摘过程中，请小心处理每一个半熟桃子，以避免任何可能造成的损伤。"
        },
        {
            "category": "半熟桃子",
            "bbox": [
                603.0,
                385.0,
                156.0,
                130.0
            ],
            "caption": "对于那些颜色和质地都表现出成熟特征的半熟桃子，可以优先考虑用于制作水果沙拉。\n对于那些生长在树冠下层的未熟绿色桃子，可以考虑使用长臂剪刀进行安全采摘。\n采摘过程中，请小心处理每一个半熟桃子，以避免任何可能造成的损伤。"
        },
        {
            "category": "全熟桃子",
            "bbox": [
                557.0,
                186.0,
                242.0,
                228.0
            ],
            "caption": "对于那些颜色和质地都表现出成熟特征的半熟桃子，可以优先考虑用于制作水果沙拉。\n对于那些生长在树冠下层的未熟绿色桃子，可以考虑使用长臂剪刀进行安全采摘。\n采摘过程中，请小心处理每一个半熟桃子，以避免任何可能造成的损伤。"
        }
    ]
}