{
    "image_id": "04_0501_161648.jpg",
    "annotations": [
        {
            "category": "全熟桃子",
            "bbox": [
                842.0,
                130.0,
                166.0,
                99.99999999999997
            ],
            "caption": "在采摘半熟桃子之前，确保所有必要的工具都已经准备好并且处于良好状态。\n当您发现半熟桃子的颜色和质地都达到了理想状态时，就可以准备采摘了。\n当半熟桃子的颜色变化均匀一致时，意味着它已经达到了理想的成熟度。"
        },
        {
            "category": "全熟桃子",
            "bbox": [
                555.0,
                291.0,
                140.0,
                120.99999999999994
            ],
            "caption": "在采摘半熟桃子之前，确保所有必要的工具都已经准备好并且处于良好状态。\n当您发现半熟桃子的颜色和质地都达到了理想状态时，就可以准备采摘了。\n当半熟桃子的颜色变化均匀一致时，意味着它已经达到了理想的成熟度。"
        },
        {
            "category": "全熟桃子",
            "bbox": [
                513.0,
                399.99999999999994,
                234.0,
                236.00000000000006
            ],
            "caption": "在采摘半熟桃子之前，确保所有必要的工具都已经准备好并且处于良好状态。\n当您发现半熟桃子的颜色和质地都达到了理想状态时，就可以准备采摘了。\n当半熟桃子的颜色变化均匀一致时，意味着它已经达到了理想的成熟度。"
        }
    ]
}