{
    "image_id": "04_0501_161553.jpg",
    "annotations": [
        {
            "category": "全熟桃子",
            "bbox": [
                587.0,
                243.0,
                280.0,
                282.0
            ],
            "caption": "当半熟桃子的颜色由最初的绿色逐渐转变为诱人的颜色，并且质地也开始变得柔软，那么就是采摘的最佳时机了。\n对于那些颜色和质地都表现出良好特征的半熟桃子，可以优先考虑用于加工。\n对于那些生长在复杂地形或特殊位置的未熟绿色桃子，可能需要额外的帮助或工具才能顺利采摘。"
        },
        {
            "category": "全熟桃子",
            "bbox": [
                529.0,
                153.0,
                56.0,
                66.0
            ],
            "caption": "当半熟桃子的颜色由最初的绿色逐渐转变为诱人的颜色，并且质地也开始变得柔软，那么就是采摘的最佳时机了。\n对于那些颜色和质地都表现出良好特征的半熟桃子，可以优先考虑用于加工。\n对于那些生长在复杂地形或特殊位置的未熟绿色桃子，可能需要额外的帮助或工具才能顺利采摘。"
        },
        {
            "category": "半熟桃子",
            "bbox": [
                575.0,
                151.0,
                17.0,
                39.0
            ],
            "caption": "当半熟桃子的颜色由最初的绿色逐渐转变为诱人的颜色，并且质地也开始变得柔软，那么就是采摘的最佳时机了。\n对于那些颜色和质地都表现出良好特征的半熟桃子，可以优先考虑用于加工。\n对于那些生长在复杂地形或特殊位置的未熟绿色桃子，可能需要额外的帮助或工具才能顺利采摘。"
        }
    ]
}