{
    "image_id": "04_0501_162027.jpg",
    "annotations": [
        {
            "category": "全熟桃子",
            "bbox": [
                195.0,
                172.0,
                378.0,
                299.0
            ],
            "caption": "对于那些颜色和质地都表现出成熟特征的半熟桃子，可以优先考虑用于高端销售渠道。\n对于那些生长在树冠下层的半熟桃子，可以考虑使用长臂剪刀进行安全采摘。\n当您发现半熟桃子的颜色和形状都非常完美时，这通常是采摘的最佳时机。\n在采摘未熟绿色桃子时，尽量避开中午阳光最强烈的时候，以减少热损伤。\n当您发现未熟绿色桃子的颜色和质地都达到了理想状态时，就可以准备采摘了。"
        },
        {
            "category": "全熟桃子",
            "bbox": [
                372.0,
                425.0,
                159.0,
                147.0
            ],
            "caption": "对于那些颜色和质地都表现出成熟特征的半熟桃子，可以优先考虑用于高端销售渠道。\n对于那些生长在树冠下层的半熟桃子，可以考虑使用长臂剪刀进行安全采摘。\n当您发现半熟桃子的颜色和形状都非常完美时，这通常是采摘的最佳时机。\n在采摘未熟绿色桃子时，尽量避开中午阳光最强烈的时候，以减少热损伤。\n当您发现未熟绿色桃子的颜色和质地都达到了理想状态时，就可以准备采摘了。"
        },
        {
            "category": "全熟桃子",
            "bbox": [
                575.0,
                231.0,
                344.0,
                415.0
            ],
            "caption": "对于那些颜色和质地都表现出成熟特征的半熟桃子，可以优先考虑用于高端销售渠道。\n对于那些生长在树冠下层的半熟桃子，可以考虑使用长臂剪刀进行安全采摘。\n当您发现半熟桃子的颜色和形状都非常完美时，这通常是采摘的最佳时机。\n在采摘未熟绿色桃子时，尽量避开中午阳光最强烈的时候，以减少热损伤。\n当您发现未熟绿色桃子的颜色和质地都达到了理想状态时，就可以准备采摘了。"
        },
        {
            "category": "半熟桃子",
            "bbox": [
                545.0,
                0.0,
                121.0,
                145.0
            ],
            "caption": "对于那些颜色和质地都表现出成熟特征的半熟桃子，可以优先考虑用于高端销售渠道。\n对于那些生长在树冠下层的半熟桃子，可以考虑使用长臂剪刀进行安全采摘。\n当您发现半熟桃子的颜色和形状都非常完美时，这通常是采摘的最佳时机。\n在采摘未熟绿色桃子时，尽量避开中午阳光最强烈的时候，以减少热损伤。\n当您发现未熟绿色桃子的颜色和质地都达到了理想状态时，就可以准备采摘了。"
        },
        {
            "category": "半熟桃子",
            "bbox": [
                654.0,
                142.0,
                119.0,
                99.0
            ],
            "caption": "对于那些颜色和质地都表现出成熟特征的半熟桃子，可以优先考虑用于高端销售渠道。\n对于那些生长在树冠下层的半熟桃子，可以考虑使用长臂剪刀进行安全采摘。\n当您发现半熟桃子的颜色和形状都非常完美时，这通常是采摘的最佳时机。\n在采摘未熟绿色桃子时，尽量避开中午阳光最强烈的时候，以减少热损伤。\n当您发现未熟绿色桃子的颜色和质地都达到了理想状态时，就可以准备采摘了。"
        }
    ]
}