{
    "image_id": "04_0501_161210.jpg",
    "annotations": [
        {
            "category": "全熟桃子",
            "bbox": [
                722.0,
                325.0,
                279.0,
                292.0
            ],
            "caption": "如果发现采摘下来的半熟桃子中有次品，应单独放置，以便后续处理或加工利用。\n分批采摘，先摘那些最成熟的未熟绿色桃子，给其他时间让它们继续发育。\n如果发现半熟桃子周围有鸟类活动，请及时采取措施防止它们啄食。\n摘取那些挂在枝头、颜色达到巅峰且稍微柔软的未熟绿色桃子串，确保每颗都是最佳品质。\n如果半熟桃子的颜色尚未达到理想状态，请耐心等待几天再做决定。"
        },
        {
            "category": "半熟桃子",
            "bbox": [
                649.0,
                178.0,
                249.0,
                238.0
            ],
            "caption": "如果发现采摘下来的半熟桃子中有次品，应单独放置，以便后续处理或加工利用。\n分批采摘，先摘那些最成熟的未熟绿色桃子，给其他时间让它们继续发育。\n如果发现半熟桃子周围有鸟类活动，请及时采取措施防止它们啄食。\n摘取那些挂在枝头、颜色达到巅峰且稍微柔软的未熟绿色桃子串，确保每颗都是最佳品质。\n如果半熟桃子的颜色尚未达到理想状态，请耐心等待几天再做决定。"
        },
        {
            "category": "全熟桃子",
            "bbox": [
                760.0,
                59.0,
                77.0,
                95.0
            ],
            "caption": "如果发现采摘下来的半熟桃子中有次品，应单独放置，以便后续处理或加工利用。\n分批采摘，先摘那些最成熟的未熟绿色桃子，给其他时间让它们继续发育。\n如果发现半熟桃子周围有鸟类活动，请及时采取措施防止它们啄食。\n摘取那些挂在枝头、颜色达到巅峰且稍微柔软的未熟绿色桃子串，确保每颗都是最佳品质。\n如果半熟桃子的颜色尚未达到理想状态，请耐心等待几天再做决定。"
        },
        {
            "category": "半熟桃子",
            "bbox": [
                609.0,
                177.0,
                96.0,
                86.0
            ],
            "caption": "如果发现采摘下来的半熟桃子中有次品，应单独放置，以便后续处理或加工利用。\n分批采摘，先摘那些最成熟的未熟绿色桃子，给其他时间让它们继续发育。\n如果发现半熟桃子周围有鸟类活动，请及时采取措施防止它们啄食。\n摘取那些挂在枝头、颜色达到巅峰且稍微柔软的未熟绿色桃子串，确保每颗都是最佳品质。\n如果半熟桃子的颜色尚未达到理想状态，请耐心等待几天再做决定。"
        },
        {
            "category": "全熟桃子",
            "bbox": [
                526.0,
                199.99999999999997,
                59.0,
                33.0
            ],
            "caption": "如果发现采摘下来的半熟桃子中有次品，应单独放置，以便后续处理或加工利用。\n分批采摘，先摘那些最成熟的未熟绿色桃子，给其他时间让它们继续发育。\n如果发现半熟桃子周围有鸟类活动，请及时采取措施防止它们啄食。\n摘取那些挂在枝头、颜色达到巅峰且稍微柔软的未熟绿色桃子串，确保每颗都是最佳品质。\n如果半熟桃子的颜色尚未达到理想状态，请耐心等待几天再做决定。"
        }
    ]
}