{
    "image_id": "04_0501_162342.jpg",
    "annotations": [
        {
            "category": "全熟桃子",
            "bbox": [
                351.0,
                267.0,
                352.0,
                268.0
            ],
            "caption": "对于那些颜色和质地都表现出成熟特征的半熟桃子，可以优先考虑用于制作罐头。\n在采摘半熟桃子时，尽量避免过度劳累，以保持高效的工作状态。"
        },
        {
            "category": "全熟桃子",
            "bbox": [
                699.0,
                288.99999999999994,
                310.0,
                222.0
            ],
            "caption": "对于那些颜色和质地都表现出成熟特征的半熟桃子，可以优先考虑用于制作罐头。\n在采摘半熟桃子时，尽量避免过度劳累，以保持高效的工作状态。"
        }
    ]
}