{
    "image_id": "05_0501_154941.jpg",
    "annotations": [
        {
            "category": "全熟桃子",
            "bbox": [
                375.0,
                66.0,
                298.0,
                387.99999999999994
            ],
            "caption": "当您发现半熟桃子的颜色和香气都达到了顶峰时，这就是采摘的最佳时机。\n对于那些颜色和质地都表现出良好特征的未熟绿色桃子，可以优先考虑用于展示。\n对于那些色泽饱满、大小适中且成熟的未熟绿色桃子，可以优先考虑采摘；而忽略那些未完全成熟的小个或颜色浅的未熟绿色桃子。"
        },
        {
            "category": "半熟桃子",
            "bbox": [
                476.0,
                440.0,
                156.0,
                186.9999999999999
            ],
            "caption": "当您发现半熟桃子的颜色和香气都达到了顶峰时，这就是采摘的最佳时机。\n对于那些颜色和质地都表现出良好特征的未熟绿色桃子，可以优先考虑用于展示。\n对于那些色泽饱满、大小适中且成熟的未熟绿色桃子，可以优先考虑采摘；而忽略那些未完全成熟的小个或颜色浅的未熟绿色桃子。"
        },
        {
            "category": "半熟桃子",
            "bbox": [
                379.0,
                480.0,
                103.0,
                108.0
            ],
            "caption": "当您发现半熟桃子的颜色和香气都达到了顶峰时，这就是采摘的最佳时机。\n对于那些颜色和质地都表现出良好特征的未熟绿色桃子，可以优先考虑用于展示。\n对于那些色泽饱满、大小适中且成熟的未熟绿色桃子，可以优先考虑采摘；而忽略那些未完全成熟的小个或颜色浅的未熟绿色桃子。"
        }
    ]
}