{
    "image_id": "05_0501_155019.jpg",
    "annotations": [
        {
            "category": "全熟桃子",
            "bbox": [
                551.0,
                393.0,
                123.0,
                127.0
            ],
            "caption": "当发现有部分半熟桃子已经开始泛出诱人的光泽，并且质地变得柔软时，可以立即进行采摘，以保证其新鲜度和口感。\n在采摘未熟绿色桃子时，请确保所有采摘下的果实都得到了适当的保护。"
        },
        {
            "category": "半熟桃子",
            "bbox": [
                788.0,
                213.0,
                38.0,
                54.0
            ],
            "caption": "当发现有部分半熟桃子已经开始泛出诱人的光泽，并且质地变得柔软时，可以立即进行采摘，以保证其新鲜度和口感。\n在采摘未熟绿色桃子时，请确保所有采摘下的果实都得到了适当的保护。"
        }
    ]
}