{
    "image_id": "05_0525_153334.jpg",
    "annotations": [
        {
            "category": "青柿子",
            "bbox": [
                835.0,
                219.0,
                155.0,
                177.99999999999994
            ],
            "caption": "在采摘全熟桃子之前，确保所有必要的工具都已经准备好并且处于良好状态。\n在采摘全熟桃子时，尽量避开中午阳光最强烈的时候，以减少热损伤。"
        },
        {
            "category": "青柿子",
            "bbox": [
                470.0,
                328.0,
                322.0,
                335.0
            ],
            "caption": "在采摘全熟桃子之前，确保所有必要的工具都已经准备好并且处于良好状态。\n在采摘全熟桃子时，尽量避开中午阳光最强烈的时候，以减少热损伤。"
        }
    ]
}