{
    "image_id": "05_0501_160052.jpg",
    "annotations": [
        {
            "category": "全熟桃子",
            "bbox": [
                363.0,
                72.99999999999999,
                333.0,
                353.0
            ],
            "caption": "在采摘半熟桃子之前，确保所有必要的工具都已经准备好并且处于良好状态。\n对于那些生长在复杂地形或特殊位置的未熟绿色桃子，可能需要额外的帮助或工具才能顺利采摘。\n分批采摘，先摘那些最成熟的半熟桃子，给其他时间让它们继续发育。\n当您发现未熟绿色桃子的颜色和质地都表现出良好的成熟特征时，就可以准备采摘了。"
        },
        {
            "category": "半熟桃子",
            "bbox": [
                499.0,
                392.0,
                249.0,
                165.0
            ],
            "caption": "在采摘半熟桃子之前，确保所有必要的工具都已经准备好并且处于良好状态。\n对于那些生长在复杂地形或特殊位置的未熟绿色桃子，可能需要额外的帮助或工具才能顺利采摘。\n分批采摘，先摘那些最成熟的半熟桃子，给其他时间让它们继续发育。\n当您发现未熟绿色桃子的颜色和质地都表现出良好的成熟特征时，就可以准备采摘了。"
        },
        {
            "category": "全熟桃子",
            "bbox": [
                455.0,
                482.0,
                189.0,
                249.9999999999999
            ],
            "caption": "在采摘半熟桃子之前，确保所有必要的工具都已经准备好并且处于良好状态。\n对于那些生长在复杂地形或特殊位置的未熟绿色桃子，可能需要额外的帮助或工具才能顺利采摘。\n分批采摘，先摘那些最成熟的半熟桃子，给其他时间让它们继续发育。\n当您发现未熟绿色桃子的颜色和质地都表现出良好的成熟特征时，就可以准备采摘了。"
        },
        {
            "category": "半熟桃子",
            "bbox": [
                209.0,
                199.0,
                135.0,
                163.99999999999994
            ],
            "caption": "在采摘半熟桃子之前，确保所有必要的工具都已经准备好并且处于良好状态。\n对于那些生长在复杂地形或特殊位置的未熟绿色桃子，可能需要额外的帮助或工具才能顺利采摘。\n分批采摘，先摘那些最成熟的半熟桃子，给其他时间让它们继续发育。\n当您发现未熟绿色桃子的颜色和质地都表现出良好的成熟特征时，就可以准备采摘了。"
        }
    ]
}