{
    "image_id": "05_0525_153945.jpg",
    "annotations": [
        {
            "category": "青柿子",
            "bbox": [
                340.0,
                198.0,
                430.0,
                432.0
            ],
            "caption": "当您注意到全熟桃子的颜色变得非常吸引人时，这是采摘的好时机。\n尽量采用现代化的设备和技术，如无人机监测或智能采摘机器人，精准地采摘这些成熟的全熟桃子，提高采摘效率的同时减少对未成熟全熟桃子的影响。"
        },
        {
            "category": "青柿子",
            "bbox": [
                315.0,
                208.00000000000003,
                116.0,
                228.99999999999997
            ],
            "caption": "当您注意到全熟桃子的颜色变得非常吸引人时，这是采摘的好时机。\n尽量采用现代化的设备和技术，如无人机监测或智能采摘机器人，精准地采摘这些成熟的全熟桃子，提高采摘效率的同时减少对未成熟全熟桃子的影响。"
        }
    ]
}