{
    "image_id": "05_0501_155002.jpg",
    "annotations": [
        {
            "category": "半熟桃子",
            "bbox": [
                882.0,
                66.0,
                140.0,
                260.0
            ],
            "caption": "清理一下周围环境，移除任何可能妨碍工作的障碍物；这样可以让你更高效地采摘到成熟的未熟绿色桃子。\n在采摘半熟桃子时，请确保每个工人负责的区域清晰明确。\n如果未熟绿色桃子的颜色和质地都表明它已经成熟，那么就可以放心地采摘了。\n在采摘未熟绿色桃子之前，确保所有必要的工具都已经准备好并且处于良好状态。\n当未熟绿色桃子的颜色和香气都达到顶峰时，就是采摘的最佳时刻。\n当您注意到未熟绿色桃子的颜色变得非常吸引人时，这是采摘的好时机。"
        },
        {
            "category": "全熟桃子",
            "bbox": [
                469.0,
                78.0,
                222.0,
                239.0
            ],
            "caption": "清理一下周围环境，移除任何可能妨碍工作的障碍物；这样可以让你更高效地采摘到成熟的未熟绿色桃子。\n在采摘半熟桃子时，请确保每个工人负责的区域清晰明确。\n如果未熟绿色桃子的颜色和质地都表明它已经成熟，那么就可以放心地采摘了。\n在采摘未熟绿色桃子之前，确保所有必要的工具都已经准备好并且处于良好状态。\n当未熟绿色桃子的颜色和香气都达到顶峰时，就是采摘的最佳时刻。\n当您注意到未熟绿色桃子的颜色变得非常吸引人时，这是采摘的好时机。"
        },
        {
            "category": "半熟桃子",
            "bbox": [
                417.0,
                411.99999999999994,
                221.0,
                291.00000000000006
            ],
            "caption": "清理一下周围环境，移除任何可能妨碍工作的障碍物；这样可以让你更高效地采摘到成熟的未熟绿色桃子。\n在采摘半熟桃子时，请确保每个工人负责的区域清晰明确。\n如果未熟绿色桃子的颜色和质地都表明它已经成熟，那么就可以放心地采摘了。\n在采摘未熟绿色桃子之前，确保所有必要的工具都已经准备好并且处于良好状态。\n当未熟绿色桃子的颜色和香气都达到顶峰时，就是采摘的最佳时刻。\n当您注意到未熟绿色桃子的颜色变得非常吸引人时，这是采摘的好时机。"
        },
        {
            "category": "半熟桃子",
            "bbox": [
                610.0,
                385.0,
                134.0,
                124.0
            ],
            "caption": "清理一下周围环境，移除任何可能妨碍工作的障碍物；这样可以让你更高效地采摘到成熟的未熟绿色桃子。\n在采摘半熟桃子时，请确保每个工人负责的区域清晰明确。\n如果未熟绿色桃子的颜色和质地都表明它已经成熟，那么就可以放心地采摘了。\n在采摘未熟绿色桃子之前，确保所有必要的工具都已经准备好并且处于良好状态。\n当未熟绿色桃子的颜色和香气都达到顶峰时，就是采摘的最佳时刻。\n当您注意到未熟绿色桃子的颜色变得非常吸引人时，这是采摘的好时机。"
        },
        {
            "category": "半熟桃子",
            "bbox": [
                701.0,
                402.0,
                107.0,
                240.0
            ],
            "caption": "清理一下周围环境，移除任何可能妨碍工作的障碍物；这样可以让你更高效地采摘到成熟的未熟绿色桃子。\n在采摘半熟桃子时，请确保每个工人负责的区域清晰明确。\n如果未熟绿色桃子的颜色和质地都表明它已经成熟，那么就可以放心地采摘了。\n在采摘未熟绿色桃子之前，确保所有必要的工具都已经准备好并且处于良好状态。\n当未熟绿色桃子的颜色和香气都达到顶峰时，就是采摘的最佳时刻。\n当您注意到未熟绿色桃子的颜色变得非常吸引人时，这是采摘的好时机。"
        },
        {
            "category": "半熟桃子",
            "bbox": [
                456.0,
                388.0,
                84.0,
                67.0
            ],
            "caption": "清理一下周围环境，移除任何可能妨碍工作的障碍物；这样可以让你更高效地采摘到成熟的未熟绿色桃子。\n在采摘半熟桃子时，请确保每个工人负责的区域清晰明确。\n如果未熟绿色桃子的颜色和质地都表明它已经成熟，那么就可以放心地采摘了。\n在采摘未熟绿色桃子之前，确保所有必要的工具都已经准备好并且处于良好状态。\n当未熟绿色桃子的颜色和香气都达到顶峰时，就是采摘的最佳时刻。\n当您注意到未熟绿色桃子的颜色变得非常吸引人时，这是采摘的好时机。"
        }
    ]
}