{
    "image_id": "05_0501_154616.jpg",
    "annotations": [
        {
            "category": "全熟桃子",
            "bbox": [
                501.0,
                390.99999999999994,
                179.0,
                170.00000000000006
            ],
            "caption": "注意观察半熟桃子的颜色变化，当它们从青色转为特定成熟色时，就是采摘半熟桃子的最佳时机。\n当未熟绿色桃子的颜色变化均匀一致时，意味着它已经达到了理想的成熟度。"
        },
        {
            "category": "半熟桃子",
            "bbox": [
                565.0,
                90.99999999999999,
                137.0,
                168.0
            ],
            "caption": "注意观察半熟桃子的颜色变化，当它们从青色转为特定成熟色时，就是采摘半熟桃子的最佳时机。\n当未熟绿色桃子的颜色变化均匀一致时，意味着它已经达到了理想的成熟度。"
        }
    ]
}