{
    "image_id": "05_0525_153338.jpg",
    "annotations": [
        {
            "category": "青柿子",
            "bbox": [
                331.0,
                250.99999999999997,
                411.0,
                420.0
            ],
            "caption": "在采摘全熟桃子时，请确保每个果实都得到细致的检查。\n在采摘时，尽量采用环保的方式，减少对自然资源的消耗，例如使用可降解材料制作的采摘袋。\n对于那些颜色和质地都表现出成熟特征的半熟桃子，可以优先考虑用于制作果冻。\n对于那些颜色和质地都表现出成熟特征的半熟桃子，可以优先考虑用于销售。"
        },
        {
            "category": "青柿子",
            "bbox": [
                760.0,
                288.0,
                263.0,
                397.0
            ],
            "caption": "在采摘全熟桃子时，请确保每个果实都得到细致的检查。\n在采摘时，尽量采用环保的方式，减少对自然资源的消耗，例如使用可降解材料制作的采摘袋。\n对于那些颜色和质地都表现出成熟特征的半熟桃子，可以优先考虑用于制作果冻。\n对于那些颜色和质地都表现出成熟特征的半熟桃子，可以优先考虑用于销售。"
        },
        {
            "category": "全熟桃子",
            "bbox": [
                119.0,
                558.0,
                67.0,
                106.0
            ],
            "caption": "在采摘全熟桃子时，请确保每个果实都得到细致的检查。\n在采摘时，尽量采用环保的方式，减少对自然资源的消耗，例如使用可降解材料制作的采摘袋。\n对于那些颜色和质地都表现出成熟特征的半熟桃子，可以优先考虑用于制作果冻。\n对于那些颜色和质地都表现出成熟特征的半熟桃子，可以优先考虑用于销售。"
        },
        {
            "category": "全熟桃子",
            "bbox": [
                200.0,
                634.0,
                245.0,
                133.0
            ],
            "caption": "在采摘全熟桃子时，请确保每个果实都得到细致的检查。\n在采摘时，尽量采用环保的方式，减少对自然资源的消耗，例如使用可降解材料制作的采摘袋。\n对于那些颜色和质地都表现出成熟特征的半熟桃子，可以优先考虑用于制作果冻。\n对于那些颜色和质地都表现出成熟特征的半熟桃子，可以优先考虑用于销售。"
        }
    ]
}