{
    "image_id": "05_0501_155830.jpg",
    "annotations": [
        {
            "category": "半熟桃子",
            "bbox": [
                330.0,
                387.99999999999994,
                146.0,
                111.0
            ],
            "caption": "当您发现未熟绿色桃子的颜色和质地都表现出良好的成熟特征时，就可以准备采摘了。\n当您发现半熟桃子的颜色从青转为成熟色时，请立即进行采摘。\n对于那些颜色和质地都表现出成熟特征的半熟桃子，可以优先考虑用于制作果冻。"
        },
        {
            "category": "全熟桃子",
            "bbox": [
                245.0,
                26.000000000000014,
                285.0,
                257.0
            ],
            "caption": "当您发现未熟绿色桃子的颜色和质地都表现出良好的成熟特征时，就可以准备采摘了。\n当您发现半熟桃子的颜色从青转为成熟色时，请立即进行采摘。\n对于那些颜色和质地都表现出成熟特征的半熟桃子，可以优先考虑用于制作果冻。"
        },
        {
            "category": "全熟桃子",
            "bbox": [
                488.0,
                136.0,
                249.0,
                229.0
            ],
            "caption": "当您发现未熟绿色桃子的颜色和质地都表现出良好的成熟特征时，就可以准备采摘了。\n当您发现半熟桃子的颜色从青转为成熟色时，请立即进行采摘。\n对于那些颜色和质地都表现出成熟特征的半熟桃子，可以优先考虑用于制作果冻。"
        }
    ]
}