{
    "image_id": "05_0525_153752.jpg",
    "annotations": [
        {
            "category": "全熟桃子",
            "bbox": [
                549.0,
                116.0,
                218.0,
                253.0
            ],
            "caption": "对于那些颜色和质地都表现出成熟特征的半熟桃子，可以优先考虑用于鲜食市场。\n对于那些颜色和质地都表现出成熟特征的全熟桃子，可以优先考虑用于礼品包装。\n检查每个半熟桃子的颜色、质地和气味，这些都是判断其是否成熟的良好指标；对于那些不确定的半熟桃子，可以稍后再做决定。\n对于那些颜色和质地都表现出成熟特征的全熟桃子，可以优先考虑用于快速销售。\n对于那些颜色已经开始转变但还未完全成熟的全熟桃子，可以在几天后再次检查。\n如果全熟桃子的颜色开始变深，这意味着它们已经接近完全成熟。\n如果天气预报显示即将有恶劣天气，请尽快采摘所有已经成熟的全熟桃子，以防止它们受到损害；对于那些还未成熟的全熟桃子，可以用防护措施保护起来。\n对于那些颜色和质地都表现出成熟特征的全熟桃子，可以优先考虑用于制作果冻。\n对于那些颜色和质地都表现出成熟特征的半熟桃子，可以优先考虑用于加工产品。"
        },
        {
            "category": "青柿子",
            "bbox": [
                330.0,
                74.00000000000001,
                285.0,
                293.0
            ],
            "caption": "对于那些颜色和质地都表现出成熟特征的半熟桃子，可以优先考虑用于鲜食市场。\n对于那些颜色和质地都表现出成熟特征的全熟桃子，可以优先考虑用于礼品包装。\n检查每个半熟桃子的颜色、质地和气味，这些都是判断其是否成熟的良好指标；对于那些不确定的半熟桃子，可以稍后再做决定。\n对于那些颜色和质地都表现出成熟特征的全熟桃子，可以优先考虑用于快速销售。\n对于那些颜色已经开始转变但还未完全成熟的全熟桃子，可以在几天后再次检查。\n如果全熟桃子的颜色开始变深，这意味着它们已经接近完全成熟。\n如果天气预报显示即将有恶劣天气，请尽快采摘所有已经成熟的全熟桃子，以防止它们受到损害；对于那些还未成熟的全熟桃子，可以用防护措施保护起来。\n对于那些颜色和质地都表现出成熟特征的全熟桃子，可以优先考虑用于制作果冻。\n对于那些颜色和质地都表现出成熟特征的半熟桃子，可以优先考虑用于加工产品。"
        },
        {
            "category": "全熟桃子",
            "bbox": [
                377.0,
                250.0,
                110.0,
                152.99999999999994
            ],
            "caption": "对于那些颜色和质地都表现出成熟特征的半熟桃子，可以优先考虑用于鲜食市场。\n对于那些颜色和质地都表现出成熟特征的全熟桃子，可以优先考虑用于礼品包装。\n检查每个半熟桃子的颜色、质地和气味，这些都是判断其是否成熟的良好指标；对于那些不确定的半熟桃子，可以稍后再做决定。\n对于那些颜色和质地都表现出成熟特征的全熟桃子，可以优先考虑用于快速销售。\n对于那些颜色已经开始转变但还未完全成熟的全熟桃子，可以在几天后再次检查。\n如果全熟桃子的颜色开始变深，这意味着它们已经接近完全成熟。\n如果天气预报显示即将有恶劣天气，请尽快采摘所有已经成熟的全熟桃子，以防止它们受到损害；对于那些还未成熟的全熟桃子，可以用防护措施保护起来。\n对于那些颜色和质地都表现出成熟特征的全熟桃子，可以优先考虑用于制作果冻。\n对于那些颜色和质地都表现出成熟特征的半熟桃子，可以优先考虑用于加工产品。"
        },
        {
            "category": "青柿子",
            "bbox": [
                328.0,
                12.0,
                257.0,
                260.0
            ],
            "caption": "对于那些颜色和质地都表现出成熟特征的半熟桃子，可以优先考虑用于鲜食市场。\n对于那些颜色和质地都表现出成熟特征的全熟桃子，可以优先考虑用于礼品包装。\n检查每个半熟桃子的颜色、质地和气味，这些都是判断其是否成熟的良好指标；对于那些不确定的半熟桃子，可以稍后再做决定。\n对于那些颜色和质地都表现出成熟特征的全熟桃子，可以优先考虑用于快速销售。\n对于那些颜色已经开始转变但还未完全成熟的全熟桃子，可以在几天后再次检查。\n如果全熟桃子的颜色开始变深，这意味着它们已经接近完全成熟。\n如果天气预报显示即将有恶劣天气，请尽快采摘所有已经成熟的全熟桃子，以防止它们受到损害；对于那些还未成熟的全熟桃子，可以用防护措施保护起来。\n对于那些颜色和质地都表现出成熟特征的全熟桃子，可以优先考虑用于制作果冻。\n对于那些颜色和质地都表现出成熟特征的半熟桃子，可以优先考虑用于加工产品。"
        },
        {
            "category": "青柿子",
            "bbox": [
                502.0,
                347.0,
                261.0,
                243.9999999999999
            ],
            "caption": "对于那些颜色和质地都表现出成熟特征的半熟桃子，可以优先考虑用于鲜食市场。\n对于那些颜色和质地都表现出成熟特征的全熟桃子，可以优先考虑用于礼品包装。\n检查每个半熟桃子的颜色、质地和气味，这些都是判断其是否成熟的良好指标；对于那些不确定的半熟桃子，可以稍后再做决定。\n对于那些颜色和质地都表现出成熟特征的全熟桃子，可以优先考虑用于快速销售。\n对于那些颜色已经开始转变但还未完全成熟的全熟桃子，可以在几天后再次检查。\n如果全熟桃子的颜色开始变深，这意味着它们已经接近完全成熟。\n如果天气预报显示即将有恶劣天气，请尽快采摘所有已经成熟的全熟桃子，以防止它们受到损害；对于那些还未成熟的全熟桃子，可以用防护措施保护起来。\n对于那些颜色和质地都表现出成熟特征的全熟桃子，可以优先考虑用于制作果冻。\n对于那些颜色和质地都表现出成熟特征的半熟桃子，可以优先考虑用于加工产品。"
        },
        {
            "category": "青柿子",
            "bbox": [
                946.0,
                114.99999999999999,
                77.0,
                180.0
            ],
            "caption": "对于那些颜色和质地都表现出成熟特征的半熟桃子，可以优先考虑用于鲜食市场。\n对于那些颜色和质地都表现出成熟特征的全熟桃子，可以优先考虑用于礼品包装。\n检查每个半熟桃子的颜色、质地和气味，这些都是判断其是否成熟的良好指标；对于那些不确定的半熟桃子，可以稍后再做决定。\n对于那些颜色和质地都表现出成熟特征的全熟桃子，可以优先考虑用于快速销售。\n对于那些颜色已经开始转变但还未完全成熟的全熟桃子，可以在几天后再次检查。\n如果全熟桃子的颜色开始变深，这意味着它们已经接近完全成熟。\n如果天气预报显示即将有恶劣天气，请尽快采摘所有已经成熟的全熟桃子，以防止它们受到损害；对于那些还未成熟的全熟桃子，可以用防护措施保护起来。\n对于那些颜色和质地都表现出成熟特征的全熟桃子，可以优先考虑用于制作果冻。\n对于那些颜色和质地都表现出成熟特征的半熟桃子，可以优先考虑用于加工产品。"
        },
        {
            "category": "青柿子",
            "bbox": [
                829.0,
                191.0,
                45.0,
                98.0
            ],
            "caption": "对于那些颜色和质地都表现出成熟特征的半熟桃子，可以优先考虑用于鲜食市场。\n对于那些颜色和质地都表现出成熟特征的全熟桃子，可以优先考虑用于礼品包装。\n检查每个半熟桃子的颜色、质地和气味，这些都是判断其是否成熟的良好指标；对于那些不确定的半熟桃子，可以稍后再做决定。\n对于那些颜色和质地都表现出成熟特征的全熟桃子，可以优先考虑用于快速销售。\n对于那些颜色已经开始转变但还未完全成熟的全熟桃子，可以在几天后再次检查。\n如果全熟桃子的颜色开始变深，这意味着它们已经接近完全成熟。\n如果天气预报显示即将有恶劣天气，请尽快采摘所有已经成熟的全熟桃子，以防止它们受到损害；对于那些还未成熟的全熟桃子，可以用防护措施保护起来。\n对于那些颜色和质地都表现出成熟特征的全熟桃子，可以优先考虑用于制作果冻。\n对于那些颜色和质地都表现出成熟特征的半熟桃子，可以优先考虑用于加工产品。"
        },
        {
            "category": "青柿子",
            "bbox": [
                485.0,
                383.99999999999994,
                40.0,
                56.00000000000006
            ],
            "caption": "对于那些颜色和质地都表现出成熟特征的半熟桃子，可以优先考虑用于鲜食市场。\n对于那些颜色和质地都表现出成熟特征的全熟桃子，可以优先考虑用于礼品包装。\n检查每个半熟桃子的颜色、质地和气味，这些都是判断其是否成熟的良好指标；对于那些不确定的半熟桃子，可以稍后再做决定。\n对于那些颜色和质地都表现出成熟特征的全熟桃子，可以优先考虑用于快速销售。\n对于那些颜色已经开始转变但还未完全成熟的全熟桃子，可以在几天后再次检查。\n如果全熟桃子的颜色开始变深，这意味着它们已经接近完全成熟。\n如果天气预报显示即将有恶劣天气，请尽快采摘所有已经成熟的全熟桃子，以防止它们受到损害；对于那些还未成熟的全熟桃子，可以用防护措施保护起来。\n对于那些颜色和质地都表现出成熟特征的全熟桃子，可以优先考虑用于制作果冻。\n对于那些颜色和质地都表现出成熟特征的半熟桃子，可以优先考虑用于加工产品。"
        },
        {
            "category": "全熟桃子",
            "bbox": [
                756.0,
                498.0,
                41.0,
                58.0
            ],
            "caption": "对于那些颜色和质地都表现出成熟特征的半熟桃子，可以优先考虑用于鲜食市场。\n对于那些颜色和质地都表现出成熟特征的全熟桃子，可以优先考虑用于礼品包装。\n检查每个半熟桃子的颜色、质地和气味，这些都是判断其是否成熟的良好指标；对于那些不确定的半熟桃子，可以稍后再做决定。\n对于那些颜色和质地都表现出成熟特征的全熟桃子，可以优先考虑用于快速销售。\n对于那些颜色已经开始转变但还未完全成熟的全熟桃子，可以在几天后再次检查。\n如果全熟桃子的颜色开始变深，这意味着它们已经接近完全成熟。\n如果天气预报显示即将有恶劣天气，请尽快采摘所有已经成熟的全熟桃子，以防止它们受到损害；对于那些还未成熟的全熟桃子，可以用防护措施保护起来。\n对于那些颜色和质地都表现出成熟特征的全熟桃子，可以优先考虑用于制作果冻。\n对于那些颜色和质地都表现出成熟特征的半熟桃子，可以优先考虑用于加工产品。"
        }
    ]
}