{
    "image_id": "05_0525_152557.jpg",
    "annotations": [
        {
            "category": "青柿子",
            "bbox": [
                471.0,
                222.99999999999994,
                338.0,
                381.00000000000006
            ],
            "caption": "在采摘全熟桃子时，尽量避免过度劳累，以保持高效的工作状态。\n对于那些长势较好的植株，可以适当多采摘一些成熟的全熟桃子；而对于长势较差的，则要谨慎行事，给予更多的恢复时间。"
        },
        {
            "category": "青柿子",
            "bbox": [
                657.0,
                112.0,
                115.0,
                163.0
            ],
            "caption": "在采摘全熟桃子时，尽量避免过度劳累，以保持高效的工作状态。\n对于那些长势较好的植株，可以适当多采摘一些成熟的全熟桃子；而对于长势较差的，则要谨慎行事，给予更多的恢复时间。"
        }
    ]
}