{
    "image_id": "05_0501_155236.jpg",
    "annotations": [
        {
            "category": "全熟桃子",
            "bbox": [
                803.0,
                173.99999999999997,
                184.0,
                265.0
            ],
            "caption": "如果发现有些半熟桃子虽然外表看起来成熟了，但实际上内部还不够熟，最好推迟采摘时间，等到它们真正成熟后再动手。\n对于那些颜色特别鲜艳的半熟桃子，可以考虑用作展示品或礼品包装。"
        },
        {
            "category": "全熟桃子",
            "bbox": [
                506.0,
                226.99999999999997,
                348.0,
                393.9999999999999
            ],
            "caption": "如果发现有些半熟桃子虽然外表看起来成熟了，但实际上内部还不够熟，最好推迟采摘时间，等到它们真正成熟后再动手。\n对于那些颜色特别鲜艳的半熟桃子，可以考虑用作展示品或礼品包装。"
        }
    ]
}