{
    "image_id": "05_0501_154917.jpg",
    "annotations": [
        {
            "category": "半熟桃子",
            "bbox": [
                487.0,
                422.00000000000006,
                187.0,
                211.99999999999994
            ],
            "caption": "如果未熟绿色桃子的颜色尚未达到理想状态，请耐心等待几天再做决定。\n在采摘未熟绿色桃子时，请确保所有采摘下的果实都放置在阴凉处。\n对于那些颜色和质地都表现出成熟特征的未熟绿色桃子，可以优先考虑用于制作果酱等衍生产品。\n当您发现未熟绿色桃子的颜色和质地都达到了理想状态时，就可以准备采摘了。"
        },
        {
            "category": "半熟桃子",
            "bbox": [
                416.0,
                278.0,
                167.0,
                149.0
            ],
            "caption": "如果未熟绿色桃子的颜色尚未达到理想状态，请耐心等待几天再做决定。\n在采摘未熟绿色桃子时，请确保所有采摘下的果实都放置在阴凉处。\n对于那些颜色和质地都表现出成熟特征的未熟绿色桃子，可以优先考虑用于制作果酱等衍生产品。\n当您发现未熟绿色桃子的颜色和质地都达到了理想状态时，就可以准备采摘了。"
        },
        {
            "category": "半熟桃子",
            "bbox": [
                525.0,
                161.99999999999997,
                100.0,
                114.99999999999997
            ],
            "caption": "如果未熟绿色桃子的颜色尚未达到理想状态，请耐心等待几天再做决定。\n在采摘未熟绿色桃子时，请确保所有采摘下的果实都放置在阴凉处。\n对于那些颜色和质地都表现出成熟特征的未熟绿色桃子，可以优先考虑用于制作果酱等衍生产品。\n当您发现未熟绿色桃子的颜色和质地都达到了理想状态时，就可以准备采摘了。"
        },
        {
            "category": "半熟桃子",
            "bbox": [
                550.0,
                228.0,
                51.0,
                65.0
            ],
            "caption": "如果未熟绿色桃子的颜色尚未达到理想状态，请耐心等待几天再做决定。\n在采摘未熟绿色桃子时，请确保所有采摘下的果实都放置在阴凉处。\n对于那些颜色和质地都表现出成熟特征的未熟绿色桃子，可以优先考虑用于制作果酱等衍生产品。\n当您发现未熟绿色桃子的颜色和质地都达到了理想状态时，就可以准备采摘了。"
        }
    ]
}