{
    "image_id": "05_0501_155400.jpg",
    "annotations": [
        {
            "category": "半熟桃子",
            "bbox": [
                234.0,
                179.99999999999997,
                270.0,
                201.99999999999997
            ],
            "caption": "对于那些色泽饱满、大小适中且成熟的未熟绿色桃子，可以优先考虑采摘；而忽略那些未完全成熟的小个或颜色浅的未熟绿色桃子。\n在采摘未熟绿色桃子时，请确保每棵植株都能得到适当的照顾。"
        },
        {
            "category": "半熟桃子",
            "bbox": [
                407.0,
                314.0,
                172.0,
                216.9999999999999
            ],
            "caption": "对于那些色泽饱满、大小适中且成熟的未熟绿色桃子，可以优先考虑采摘；而忽略那些未完全成熟的小个或颜色浅的未熟绿色桃子。\n在采摘未熟绿色桃子时，请确保每棵植株都能得到适当的照顾。"
        }
    ]
}