{
    "image_id": "05_0525_152031.jpg",
    "annotations": [
        {
            "category": "青柿子",
            "bbox": [
                456.0,
                296.99999999999994,
                382.0,
                376.99999999999994
            ],
            "caption": "如果发现全熟桃子周围有鸟类活动，请及时采取措施防止它们啄食。\n对于那些颜色和质地都表现出成熟特征的半熟桃子，可以优先考虑用于制作果汁。"
        },
        {
            "category": "全熟桃子",
            "bbox": [
                18.0,
                621.0,
                234.0,
                145.0
            ],
            "caption": "如果发现全熟桃子周围有鸟类活动，请及时采取措施防止它们啄食。\n对于那些颜色和质地都表现出成熟特征的半熟桃子，可以优先考虑用于制作果汁。"
        }
    ]
}