{
    "image_id": "05_0501_155222.jpg",
    "annotations": [
        {
            "category": "全熟桃子",
            "bbox": [
                585.0,
                214.99999999999997,
                397.0,
                360.9999999999999
            ],
            "caption": "对于那些颜色和质地都表现出良好特征的半熟桃子，可以优先考虑用于展示。\n对于那些色泽饱满、大小适中且成熟的未熟绿色桃子，可以优先考虑采摘；而忽略那些未完全成熟的小个或颜色浅的未熟绿色桃子。\n对于那些颜色和质地都表现出成熟特征的未熟绿色桃子，可以优先考虑用于制作果冻。"
        },
        {
            "category": "半熟桃子",
            "bbox": [
                307.0,
                405.99999999999994,
                153.0,
                107.00000000000006
            ],
            "caption": "对于那些颜色和质地都表现出良好特征的半熟桃子，可以优先考虑用于展示。\n对于那些色泽饱满、大小适中且成熟的未熟绿色桃子，可以优先考虑采摘；而忽略那些未完全成熟的小个或颜色浅的未熟绿色桃子。\n对于那些颜色和质地都表现出成熟特征的未熟绿色桃子，可以优先考虑用于制作果冻。"
        },
        {
            "category": "半熟桃子",
            "bbox": [
                235.0,
                453.99999999999994,
                216.0,
                170.00000000000006
            ],
            "caption": "对于那些颜色和质地都表现出良好特征的半熟桃子，可以优先考虑用于展示。\n对于那些色泽饱满、大小适中且成熟的未熟绿色桃子，可以优先考虑采摘；而忽略那些未完全成熟的小个或颜色浅的未熟绿色桃子。\n对于那些颜色和质地都表现出成熟特征的未熟绿色桃子，可以优先考虑用于制作果冻。"
        }
    ]
}