{
    "image_id": "06_0503_155244.jpg",
    "annotations": [
        {
            "category": "全熟桃子",
            "bbox": [
                342.0,
                365.99999999999994,
                219.0,
                220.99999999999994
            ],
            "caption": "当您发现半熟桃子的颜色和质地都达到了理想状态时，就可以准备采摘了。\n在采摘过程中，始终佩戴手套，以保护双手并维持未熟绿色桃子表面的洁净。\n摘取未熟绿色桃子时，避免用力过猛以免对果实造成不必要的伤害。\n在处理那些靠近地面或容易受到病虫害影响的未熟绿色桃子时，要格外小心，优先选择健康无损的未熟绿色桃子进行采摘。"
        },
        {
            "category": "半熟桃子",
            "bbox": [
                680.0,
                327.0,
                201.0,
                217.0
            ],
            "caption": "当您发现半熟桃子的颜色和质地都达到了理想状态时，就可以准备采摘了。\n在采摘过程中，始终佩戴手套，以保护双手并维持未熟绿色桃子表面的洁净。\n摘取未熟绿色桃子时，避免用力过猛以免对果实造成不必要的伤害。\n在处理那些靠近地面或容易受到病虫害影响的未熟绿色桃子时，要格外小心，优先选择健康无损的未熟绿色桃子进行采摘。"
        },
        {
            "category": "半熟桃子",
            "bbox": [
                862.0,
                393.0,
                98.0,
                93.99999999999994
            ],
            "caption": "当您发现半熟桃子的颜色和质地都达到了理想状态时，就可以准备采摘了。\n在采摘过程中，始终佩戴手套，以保护双手并维持未熟绿色桃子表面的洁净。\n摘取未熟绿色桃子时，避免用力过猛以免对果实造成不必要的伤害。\n在处理那些靠近地面或容易受到病虫害影响的未熟绿色桃子时，要格外小心，优先选择健康无损的未熟绿色桃子进行采摘。"
        },
        {
            "category": "半熟桃子",
            "bbox": [
                705.0,
                323.0,
                96.0,
                71.0
            ],
            "caption": "当您发现半熟桃子的颜色和质地都达到了理想状态时，就可以准备采摘了。\n在采摘过程中，始终佩戴手套，以保护双手并维持未熟绿色桃子表面的洁净。\n摘取未熟绿色桃子时，避免用力过猛以免对果实造成不必要的伤害。\n在处理那些靠近地面或容易受到病虫害影响的未熟绿色桃子时，要格外小心，优先选择健康无损的未熟绿色桃子进行采摘。"
        }
    ]
}