{
    "image_id": "06_0503_155317.jpg",
    "annotations": [
        {
            "category": "半熟桃子",
            "bbox": [
                624.0,
                276.0,
                190.0,
                195.0
            ],
            "caption": "选择清晨或傍晚时段采摘未熟绿色桃子，以保证果实的新鲜度和口感。\n根据实际情况灵活调整采摘策略，有时候提前采摘一些接近成熟的未熟绿色桃子反而能获得更好的保存效果。"
        },
        {
            "category": "半熟桃子",
            "bbox": [
                504.0,
                408.99999999999994,
                146.0,
                243.00000000000006
            ],
            "caption": "选择清晨或傍晚时段采摘未熟绿色桃子，以保证果实的新鲜度和口感。\n根据实际情况灵活调整采摘策略，有时候提前采摘一些接近成熟的未熟绿色桃子反而能获得更好的保存效果。"
        }
    ]
}