{
    "image_id": "06_0503_154802.jpg",
    "annotations": [
        {
            "category": "全熟桃子",
            "bbox": [
                542.0,
                324.0,
                172.0,
                150.0
            ],
            "caption": "如果发现采摘下来的半熟桃子中有特别适合加工的个体，可以考虑开发相关的衍生产品。\n在采摘未熟绿色桃子时，请确保所有工具都是干净无菌的，以避免交叉感染。"
        },
        {
            "category": "半熟桃子",
            "bbox": [
                391.0,
                396.99999999999994,
                189.0,
                150.00000000000006
            ],
            "caption": "如果发现采摘下来的半熟桃子中有特别适合加工的个体，可以考虑开发相关的衍生产品。\n在采摘未熟绿色桃子时，请确保所有工具都是干净无菌的，以避免交叉感染。"
        }
    ]
}