{
    "image_id": "06_0503_155303.jpg",
    "annotations": [
        {
            "category": "半熟桃子",
            "bbox": [
                626.0,
                195.0,
                195.0,
                249.99999999999994
            ],
            "caption": "每天早晨是采摘未熟绿色桃子的最佳时间，此时温度较低，有利于保持果实的新鲜度。\n摘取时要轻拿轻放，特别是对于那些皮薄易损的未熟绿色桃子。"
        },
        {
            "category": "半熟桃子",
            "bbox": [
                443.0,
                255.0,
                189.0,
                251.0
            ],
            "caption": "每天早晨是采摘未熟绿色桃子的最佳时间，此时温度较低，有利于保持果实的新鲜度。\n摘取时要轻拿轻放，特别是对于那些皮薄易损的未熟绿色桃子。"
        }
    ]
}