{
    "image_id": "06_0503_154924.jpg",
    "annotations": [
        {
            "category": "全熟桃子",
            "bbox": [
                696.0,
                83.99999999999997,
                242.0,
                298.0
            ],
            "caption": "当您发现半熟桃子的颜色和质地都达到了理想状态时，就可以准备采摘了。\n对于那些颜色和质地都表现出成熟特征的半熟桃子，可以优先考虑用于制作果酱等衍生产品。\n在采摘未熟绿色桃子时，请确保所有采摘下的果实都没有受到任何损害。\n在采摘前，先了解当天的天气预报，选择适宜的时间进行作业。"
        },
        {
            "category": "全熟桃子",
            "bbox": [
                388.0,
                271.0,
                302.0,
                319.0
            ],
            "caption": "当您发现半熟桃子的颜色和质地都达到了理想状态时，就可以准备采摘了。\n对于那些颜色和质地都表现出成熟特征的半熟桃子，可以优先考虑用于制作果酱等衍生产品。\n在采摘未熟绿色桃子时，请确保所有采摘下的果实都没有受到任何损害。\n在采摘前，先了解当天的天气预报，选择适宜的时间进行作业。"
        },
        {
            "category": "半熟桃子",
            "bbox": [
                520.0,
                184.99999999999997,
                157.0,
                102.00000000000003
            ],
            "caption": "当您发现半熟桃子的颜色和质地都达到了理想状态时，就可以准备采摘了。\n对于那些颜色和质地都表现出成熟特征的半熟桃子，可以优先考虑用于制作果酱等衍生产品。\n在采摘未熟绿色桃子时，请确保所有采摘下的果实都没有受到任何损害。\n在采摘前，先了解当天的天气预报，选择适宜的时间进行作业。"
        },
        {
            "category": "半熟桃子",
            "bbox": [
                623.0,
                169.0,
                88.0,
                100.99999999999994
            ],
            "caption": "当您发现半熟桃子的颜色和质地都达到了理想状态时，就可以准备采摘了。\n对于那些颜色和质地都表现出成熟特征的半熟桃子，可以优先考虑用于制作果酱等衍生产品。\n在采摘未熟绿色桃子时，请确保所有采摘下的果实都没有受到任何损害。\n在采摘前，先了解当天的天气预报，选择适宜的时间进行作业。"
        }
    ]
}