{
    "image_id": "06_0503_155420.jpg",
    "annotations": [
        {
            "category": "半熟桃子",
            "bbox": [
                243.0,
                300.0,
                349.0,
                376.0
            ],
            "caption": "选择清晨或傍晚时段采摘未熟绿色桃子，以保证果实的新鲜度和口感。\n定期休息一下不仅可以恢复体力，也有助于更好地评估哪些未熟绿色桃子已经成熟可以采摘。"
        },
        {
            "category": "半熟桃子",
            "bbox": [
                824.0,
                57.0,
                74.0,
                205.0
            ],
            "caption": "选择清晨或傍晚时段采摘未熟绿色桃子，以保证果实的新鲜度和口感。\n定期休息一下不仅可以恢复体力，也有助于更好地评估哪些未熟绿色桃子已经成熟可以采摘。"
        }
    ]
}