{
    "image_id": "07_0621_164739.jpg",
    "annotations": [
        {
            "category": "半熟桃子",
            "bbox": [
                612.0,
                317.0,
                154.0,
                164.0
            ],
            "caption": "在采摘未熟绿色桃子时，请确保每棵植株都能得到适当的照顾。\n在采摘半熟桃子时，确保所有采摘下来的果实都被妥善处理和储存。"
        },
        {
            "category": "全熟桃子",
            "bbox": [
                81.0,
                434.0,
                70.0,
                45.0
            ],
            "caption": "在采摘未熟绿色桃子时，请确保每棵植株都能得到适当的照顾。\n在采摘半熟桃子时，确保所有采摘下来的果实都被妥善处理和储存。"
        }
    ]
}