{
    "image_id": "07_0530_161246.jpg",
    "annotations": [
        {
            "category": "半熟桃子",
            "bbox": [
                736.0,
                84.0,
                264.0,
                210.0
            ],
            "caption": "对于那些颜色和质地都表现出成熟特征的未熟绿色桃子，可以优先考虑用于出口。\n对于那些颜色和质地都表现出良好特征的未熟绿色桃子，可以优先考虑用于展示。"
        },
        {
            "category": "半熟桃子",
            "bbox": [
                648.0,
                405.0,
                211.0,
                220.9999999999999
            ],
            "caption": "对于那些颜色和质地都表现出成熟特征的未熟绿色桃子，可以优先考虑用于出口。\n对于那些颜色和质地都表现出良好特征的未熟绿色桃子，可以优先考虑用于展示。"
        }
    ]
}