{
    "image_id": "07_0605_165153.jpg",
    "annotations": [
        {
            "category": "半熟桃子",
            "bbox": [
                351.0,
                0.0,
                248.0,
                213.0
            ],
            "caption": "在采摘未熟绿色桃子之前，确保所有必要的工具都已经准备好并且处于良好状态。\n当发现有部分未熟绿色桃子已经开始泛出诱人的光泽，并且质地变得柔软时，可以立即进行采摘，以保证其新鲜度和口感。\n当您发现未熟绿色桃子的颜色和质地都符合预期标准时，就可以准备采摘了。\n在采摘前，先了解当天的天气预报，选择适宜的时间进行作业。"
        },
        {
            "category": "半熟桃子",
            "bbox": [
                552.0,
                365.0,
                283.0,
                293.0
            ],
            "caption": "在采摘未熟绿色桃子之前，确保所有必要的工具都已经准备好并且处于良好状态。\n当发现有部分未熟绿色桃子已经开始泛出诱人的光泽，并且质地变得柔软时，可以立即进行采摘，以保证其新鲜度和口感。\n当您发现未熟绿色桃子的颜色和质地都符合预期标准时，就可以准备采摘了。\n在采摘前，先了解当天的天气预报，选择适宜的时间进行作业。"
        },
        {
            "category": "半熟桃子",
            "bbox": [
                300.0,
                72.0,
                315.0,
                420.99999999999994
            ],
            "caption": "在采摘未熟绿色桃子之前，确保所有必要的工具都已经准备好并且处于良好状态。\n当发现有部分未熟绿色桃子已经开始泛出诱人的光泽，并且质地变得柔软时，可以立即进行采摘，以保证其新鲜度和口感。\n当您发现未熟绿色桃子的颜色和质地都符合预期标准时，就可以准备采摘了。\n在采摘前，先了解当天的天气预报，选择适宜的时间进行作业。"
        },
        {
            "category": "半熟桃子",
            "bbox": [
                610.0,
                232.99999999999997,
                110.0,
                144.00000000000003
            ],
            "caption": "在采摘未熟绿色桃子之前，确保所有必要的工具都已经准备好并且处于良好状态。\n当发现有部分未熟绿色桃子已经开始泛出诱人的光泽，并且质地变得柔软时，可以立即进行采摘，以保证其新鲜度和口感。\n当您发现未熟绿色桃子的颜色和质地都符合预期标准时，就可以准备采摘了。\n在采摘前，先了解当天的天气预报，选择适宜的时间进行作业。"
        }
    ]
}