{
    "image_id": "07_0621_165746.jpg",
    "annotations": [
        {
            "category": "半熟桃子",
            "bbox": [
                585.0,
                279.99999999999994,
                224.0,
                219.0
            ],
            "caption": "当未熟绿色桃子的颜色变化均匀一致时，意味着它已经达到了理想的成熟度。\n如果未熟绿色桃子的颜色和质地都表现出良好的成熟特征，那么就该行动了。"
        },
        {
            "category": "半熟桃子",
            "bbox": [
                559.0,
                157.0,
                156.0,
                142.99999999999994
            ],
            "caption": "当未熟绿色桃子的颜色变化均匀一致时，意味着它已经达到了理想的成熟度。\n如果未熟绿色桃子的颜色和质地都表现出良好的成熟特征，那么就该行动了。"
        }
    ]
}