{
    "image_id": "07_0605_165900.jpg",
    "annotations": [
        {
            "category": "半熟桃子",
            "bbox": [
                7.0,
                514.0,
                283.0,
                210.0
            ],
            "caption": "如果发现采摘下来的未熟绿色桃子中有特别受欢迎的品种，可以加大种植面积或改进栽培技术。\n当您发现未熟绿色桃子的颜色变得非常鲜艳时，说明它已经到了最佳采摘期。\n在采摘未熟绿色桃子时，尽量选择那些没有受到风雨侵袭的健康植株。\n在采摘过程中，保持果园清洁，及时清理掉落在地上的腐烂未熟绿色桃子。\n如果发现某些未熟绿色桃子的颜色特别鲜艳，可能是由于光照充足，这类果实往往口感更好。\n当您发现未熟绿色桃子的颜色和质地都达到了理想状态时，就可以准备采摘了。"
        },
        {
            "category": "半熟桃子",
            "bbox": [
                594.0,
                486.0,
                257.0,
                258.0
            ],
            "caption": "如果发现采摘下来的未熟绿色桃子中有特别受欢迎的品种，可以加大种植面积或改进栽培技术。\n当您发现未熟绿色桃子的颜色变得非常鲜艳时，说明它已经到了最佳采摘期。\n在采摘未熟绿色桃子时，尽量选择那些没有受到风雨侵袭的健康植株。\n在采摘过程中，保持果园清洁，及时清理掉落在地上的腐烂未熟绿色桃子。\n如果发现某些未熟绿色桃子的颜色特别鲜艳，可能是由于光照充足，这类果实往往口感更好。\n当您发现未熟绿色桃子的颜色和质地都达到了理想状态时，就可以准备采摘了。"
        },
        {
            "category": "半熟桃子",
            "bbox": [
                443.0,
                125.99999999999997,
                322.0,
                328.0
            ],
            "caption": "如果发现采摘下来的未熟绿色桃子中有特别受欢迎的品种，可以加大种植面积或改进栽培技术。\n当您发现未熟绿色桃子的颜色变得非常鲜艳时，说明它已经到了最佳采摘期。\n在采摘未熟绿色桃子时，尽量选择那些没有受到风雨侵袭的健康植株。\n在采摘过程中，保持果园清洁，及时清理掉落在地上的腐烂未熟绿色桃子。\n如果发现某些未熟绿色桃子的颜色特别鲜艳，可能是由于光照充足，这类果实往往口感更好。\n当您发现未熟绿色桃子的颜色和质地都达到了理想状态时，就可以准备采摘了。"
        },
        {
            "category": "半熟桃子",
            "bbox": [
                145.0,
                278.0,
                132.0,
                165.0
            ],
            "caption": "如果发现采摘下来的未熟绿色桃子中有特别受欢迎的品种，可以加大种植面积或改进栽培技术。\n当您发现未熟绿色桃子的颜色变得非常鲜艳时，说明它已经到了最佳采摘期。\n在采摘未熟绿色桃子时，尽量选择那些没有受到风雨侵袭的健康植株。\n在采摘过程中，保持果园清洁，及时清理掉落在地上的腐烂未熟绿色桃子。\n如果发现某些未熟绿色桃子的颜色特别鲜艳，可能是由于光照充足，这类果实往往口感更好。\n当您发现未熟绿色桃子的颜色和质地都达到了理想状态时，就可以准备采摘了。"
        },
        {
            "category": "半熟桃子",
            "bbox": [
                278.0,
                542.0,
                122.0,
                132.9999999999999
            ],
            "caption": "如果发现采摘下来的未熟绿色桃子中有特别受欢迎的品种，可以加大种植面积或改进栽培技术。\n当您发现未熟绿色桃子的颜色变得非常鲜艳时，说明它已经到了最佳采摘期。\n在采摘未熟绿色桃子时，尽量选择那些没有受到风雨侵袭的健康植株。\n在采摘过程中，保持果园清洁，及时清理掉落在地上的腐烂未熟绿色桃子。\n如果发现某些未熟绿色桃子的颜色特别鲜艳，可能是由于光照充足，这类果实往往口感更好。\n当您发现未熟绿色桃子的颜色和质地都达到了理想状态时，就可以准备采摘了。"
        },
        {
            "category": "半熟桃子",
            "bbox": [
                273.0,
                671.9999999999999,
                69.0,
                77.00000000000011
            ],
            "caption": "如果发现采摘下来的未熟绿色桃子中有特别受欢迎的品种，可以加大种植面积或改进栽培技术。\n当您发现未熟绿色桃子的颜色变得非常鲜艳时，说明它已经到了最佳采摘期。\n在采摘未熟绿色桃子时，尽量选择那些没有受到风雨侵袭的健康植株。\n在采摘过程中，保持果园清洁，及时清理掉落在地上的腐烂未熟绿色桃子。\n如果发现某些未熟绿色桃子的颜色特别鲜艳，可能是由于光照充足，这类果实往往口感更好。\n当您发现未熟绿色桃子的颜色和质地都达到了理想状态时，就可以准备采摘了。"
        }
    ]
}