{
    "image_id": "07_0611_162034.jpg",
    "annotations": [
        {
            "category": "半熟桃子",
            "bbox": [
                345.0,
                283.0,
                179.0,
                197.0
            ],
            "caption": "请确保所有采摘未熟绿色桃子的人员都经过了专业培训。\n在采摘未熟绿色桃子时，请确保所有采摘工具都已消毒。"
        },
        {
            "category": "半熟桃子",
            "bbox": [
                753.0,
                192.0,
                268.0,
                237.0
            ],
            "caption": "请确保所有采摘未熟绿色桃子的人员都经过了专业培训。\n在采摘未熟绿色桃子时，请确保所有采摘工具都已消毒。"
        }
    ]
}