{
    "image_id": "07_0621_165755.jpg",
    "annotations": [
        {
            "category": "全熟桃子",
            "bbox": [
                578.0,
                343.0,
                254.0,
                262.0
            ],
            "caption": "对于那些颜色已经开始变化但还未完全成熟的半熟桃子，可以稍微延迟采摘。\n对于那些颜色和质地都表现出成熟特征的未熟绿色桃子，可以优先考虑用于制作干果。"
        },
        {
            "category": "半熟桃子",
            "bbox": [
                614.0,
                49.99999999999999,
                221.0,
                214.0
            ],
            "caption": "对于那些颜色已经开始变化但还未完全成熟的半熟桃子，可以稍微延迟采摘。\n对于那些颜色和质地都表现出成熟特征的未熟绿色桃子，可以优先考虑用于制作干果。"
        }
    ]
}