{
    "image_id": "07_0503_144106.jpg",
    "annotations": [
        {
            "category": "全熟桃子",
            "bbox": [
                655.0,
                232.0,
                286.0,
                254.99999999999994
            ],
            "caption": "注意观察半熟桃子的大小，过小的果实可能需要更多时间来成长。\n当您发现未熟绿色桃子的颜色和质地都符合预期标准时，就可以准备采摘了。\n如果发现采摘下来的未熟绿色桃子中有特别适合加工的个体，可以考虑开发相关的衍生产品。\n在采摘未熟绿色桃子时，尽量避开中午阳光最强烈的时候，以减少热损伤。"
        },
        {
            "category": "半熟桃子",
            "bbox": [
                434.0,
                239.0,
                234.0,
                199.99999999999994
            ],
            "caption": "注意观察半熟桃子的大小，过小的果实可能需要更多时间来成长。\n当您发现未熟绿色桃子的颜色和质地都符合预期标准时，就可以准备采摘了。\n如果发现采摘下来的未熟绿色桃子中有特别适合加工的个体，可以考虑开发相关的衍生产品。\n在采摘未熟绿色桃子时，尽量避开中午阳光最强烈的时候，以减少热损伤。"
        },
        {
            "category": "半熟桃子",
            "bbox": [
                582.0,
                516.0,
                176.0,
                204.0
            ],
            "caption": "注意观察半熟桃子的大小，过小的果实可能需要更多时间来成长。\n当您发现未熟绿色桃子的颜色和质地都符合预期标准时，就可以准备采摘了。\n如果发现采摘下来的未熟绿色桃子中有特别适合加工的个体，可以考虑开发相关的衍生产品。\n在采摘未熟绿色桃子时，尽量避开中午阳光最强烈的时候，以减少热损伤。"
        },
        {
            "category": "半熟桃子",
            "bbox": [
                915.0,
                205.0,
                107.0,
                82.0
            ],
            "caption": "注意观察半熟桃子的大小，过小的果实可能需要更多时间来成长。\n当您发现未熟绿色桃子的颜色和质地都符合预期标准时，就可以准备采摘了。\n如果发现采摘下来的未熟绿色桃子中有特别适合加工的个体，可以考虑开发相关的衍生产品。\n在采摘未熟绿色桃子时，尽量避开中午阳光最强烈的时候，以减少热损伤。"
        }
    ]
}