{
    "image_id": "07_0530_155722.jpg",
    "annotations": [
        {
            "category": "半熟桃子",
            "bbox": [
                646.0,
                303.0,
                174.0,
                156.99999999999994
            ],
            "caption": "如果未熟绿色桃子的颜色尚未达到理想状态，请耐心等待几天再做决定。\n对于那些颜色和质地都表现出成熟特征的未熟绿色桃子，可以优先考虑用于高端市场。\n如果发现有新的栽培技术或管理经验，可以尝试应用到实际工作中，提高未熟绿色桃子的产量和质量。\n选择在清晨露水干后开始采摘未熟绿色桃子，此时果实最为新鲜。"
        },
        {
            "category": "半熟桃子",
            "bbox": [
                677.0,
                219.0,
                152.0,
                131.0
            ],
            "caption": "如果未熟绿色桃子的颜色尚未达到理想状态，请耐心等待几天再做决定。\n对于那些颜色和质地都表现出成熟特征的未熟绿色桃子，可以优先考虑用于高端市场。\n如果发现有新的栽培技术或管理经验，可以尝试应用到实际工作中，提高未熟绿色桃子的产量和质量。\n选择在清晨露水干后开始采摘未熟绿色桃子，此时果实最为新鲜。"
        },
        {
            "category": "半熟桃子",
            "bbox": [
                325.0,
                281.0,
                48.0,
                93.0
            ],
            "caption": "如果未熟绿色桃子的颜色尚未达到理想状态，请耐心等待几天再做决定。\n对于那些颜色和质地都表现出成熟特征的未熟绿色桃子，可以优先考虑用于高端市场。\n如果发现有新的栽培技术或管理经验，可以尝试应用到实际工作中，提高未熟绿色桃子的产量和质量。\n选择在清晨露水干后开始采摘未熟绿色桃子，此时果实最为新鲜。"
        },
        {
            "category": "半熟桃子",
            "bbox": [
                375.0,
                256.0,
                32.0,
                66.0
            ],
            "caption": "如果未熟绿色桃子的颜色尚未达到理想状态，请耐心等待几天再做决定。\n对于那些颜色和质地都表现出成熟特征的未熟绿色桃子，可以优先考虑用于高端市场。\n如果发现有新的栽培技术或管理经验，可以尝试应用到实际工作中，提高未熟绿色桃子的产量和质量。\n选择在清晨露水干后开始采摘未熟绿色桃子，此时果实最为新鲜。"
        }
    ]
}