{
    "image_id": "07_0530_160000.jpg",
    "annotations": [
        {
            "category": "半熟桃子",
            "bbox": [
                474.0,
                246.0,
                192.0,
                201.0
            ],
            "caption": "使用剪刀或专用工具来摘取未熟绿色桃子，以减少对树枝和其他未成熟果实的潜在损害。\n对于那些颜色和质地都表现出良好特征的未熟绿色桃子，可以优先考虑用于特殊用途。\n在采摘未熟绿色桃子时，请确保每次采摘的数量适中，不要一次性摘得太多。"
        },
        {
            "category": "半熟桃子",
            "bbox": [
                464.0,
                346.0,
                80.0,
                101.0
            ],
            "caption": "使用剪刀或专用工具来摘取未熟绿色桃子，以减少对树枝和其他未成熟果实的潜在损害。\n对于那些颜色和质地都表现出良好特征的未熟绿色桃子，可以优先考虑用于特殊用途。\n在采摘未熟绿色桃子时，请确保每次采摘的数量适中，不要一次性摘得太多。"
        },
        {
            "category": "半熟桃子",
            "bbox": [
                417.0,
                507.99999999999994,
                107.0,
                111.00000000000006
            ],
            "caption": "使用剪刀或专用工具来摘取未熟绿色桃子，以减少对树枝和其他未成熟果实的潜在损害。\n对于那些颜色和质地都表现出良好特征的未熟绿色桃子，可以优先考虑用于特殊用途。\n在采摘未熟绿色桃子时，请确保每次采摘的数量适中，不要一次性摘得太多。"
        }
    ]
}