{
    "image_id": "07_0530_161111.jpg",
    "annotations": [
        {
            "category": "半熟桃子",
            "bbox": [
                527.0,
                233.0,
                243.0,
                274.99999999999994
            ],
            "caption": "在采摘未熟绿色桃子时，尽量避免过度劳累，以保持高效的工作状态。\n尽量保持工作节奏稳定，避免因过度劳累而影响采摘质量和效率。\n对于那些颜色鲜艳且表皮光滑无瑕疵的未熟绿色桃子，可以优先考虑用于高端市场。"
        },
        {
            "category": "半熟桃子",
            "bbox": [
                904.0,
                568.0,
                119.0,
                81.0
            ],
            "caption": "在采摘未熟绿色桃子时，尽量避免过度劳累，以保持高效的工作状态。\n尽量保持工作节奏稳定，避免因过度劳累而影响采摘质量和效率。\n对于那些颜色鲜艳且表皮光滑无瑕疵的未熟绿色桃子，可以优先考虑用于高端市场。"
        },
        {
            "category": "半熟桃子",
            "bbox": [
                738.0,
                306.0,
                78.0,
                159.0
            ],
            "caption": "在采摘未熟绿色桃子时，尽量避免过度劳累，以保持高效的工作状态。\n尽量保持工作节奏稳定，避免因过度劳累而影响采摘质量和效率。\n对于那些颜色鲜艳且表皮光滑无瑕疵的未熟绿色桃子，可以优先考虑用于高端市场。"
        }
    ]
}