{
    "image_id": "07_0611_161841.jpg",
    "annotations": [
        {
            "category": "半熟桃子",
            "bbox": [
                420.0,
                161.99999999999997,
                257.0,
                352.0
            ],
            "caption": "如果发现未熟绿色桃子周围有鸟类活动，请及时采取措施防止它们啄食。\n对于那些颜色和质地都表现出成熟特征的未熟绿色桃子，可以优先考虑用于制作干果。"
        },
        {
            "category": "半熟桃子",
            "bbox": [
                669.0,
                339.99999999999994,
                89.0,
                120.0
            ],
            "caption": "如果发现未熟绿色桃子周围有鸟类活动，请及时采取措施防止它们啄食。\n对于那些颜色和质地都表现出成熟特征的未熟绿色桃子，可以优先考虑用于制作干果。"
        }
    ]
}