{
    "image_id": "07_0503_142949.jpg",
    "annotations": [
        {
            "category": "全熟桃子",
            "bbox": [
                282.0,
                24.0,
                306.0,
                317.0
            ],
            "caption": "对于那些颜色和质地都表现出良好特征的半熟桃子，可以优先考虑用于加工。\n如果发现未熟绿色桃子周围有鸟类活动，请及时采取措施防止它们啄食。"
        },
        {
            "category": "半熟桃子",
            "bbox": [
                302.0,
                286.0,
                235.0,
                163.0
            ],
            "caption": "对于那些颜色和质地都表现出良好特征的半熟桃子，可以优先考虑用于加工。\n如果发现未熟绿色桃子周围有鸟类活动，请及时采取措施防止它们啄食。"
        }
    ]
}