{
    "image_id": "07_0605_164115.jpg",
    "annotations": [
        {
            "category": "半熟桃子",
            "bbox": [
                541.0,
                229.00000000000003,
                297.0,
                355.0
            ],
            "caption": "在采摘未熟绿色桃子时，请确保所有采摘下的果实都放置在阴凉处。\n当您发现未熟绿色桃子的颜色和质地都符合预期时，就可以准备采摘了。\n检查每个未熟绿色桃子的颜色、质地和气味，这些都是判断其是否成熟的良好指标；对于那些不确定的未熟绿色桃子，可以稍后再做决定。"
        },
        {
            "category": "半熟桃子",
            "bbox": [
                780.0,
                80.99999999999999,
                98.0,
                173.0
            ],
            "caption": "在采摘未熟绿色桃子时，请确保所有采摘下的果实都放置在阴凉处。\n当您发现未熟绿色桃子的颜色和质地都符合预期时，就可以准备采摘了。\n检查每个未熟绿色桃子的颜色、质地和气味，这些都是判断其是否成熟的良好指标；对于那些不确定的未熟绿色桃子，可以稍后再做决定。"
        },
        {
            "category": "半熟桃子",
            "bbox": [
                922.0,
                646.0,
                101.0,
                120.0
            ],
            "caption": "在采摘未熟绿色桃子时，请确保所有采摘下的果实都放置在阴凉处。\n当您发现未熟绿色桃子的颜色和质地都符合预期时，就可以准备采摘了。\n检查每个未熟绿色桃子的颜色、质地和气味，这些都是判断其是否成熟的良好指标；对于那些不确定的未熟绿色桃子，可以稍后再做决定。"
        }
    ]
}