{
    "image_id": "07_0530_161216.jpg",
    "annotations": [
        {
            "category": "半熟桃子",
            "bbox": [
                499.0,
                171.0,
                207.0,
                192.0
            ],
            "caption": "对于那些颜色和质地都表现出成熟特征的未熟绿色桃子，可以优先考虑用于礼品包装。\n当未熟绿色桃子的颜色由最初的绿色逐渐转变为诱人的颜色，并且质地也开始变得柔软，那么就是采摘的最佳时机了。\n对于那些颜色特别鲜艳的未熟绿色桃子，可以考虑用作展示品或礼品包装。"
        },
        {
            "category": "半熟桃子",
            "bbox": [
                535.0,
                387.0,
                192.0,
                186.0
            ],
            "caption": "对于那些颜色和质地都表现出成熟特征的未熟绿色桃子，可以优先考虑用于礼品包装。\n当未熟绿色桃子的颜色由最初的绿色逐渐转变为诱人的颜色，并且质地也开始变得柔软，那么就是采摘的最佳时机了。\n对于那些颜色特别鲜艳的未熟绿色桃子，可以考虑用作展示品或礼品包装。"
        },
        {
            "category": "半熟桃子",
            "bbox": [
                679.0,
                542.0,
                146.0,
                114.99999999999989
            ],
            "caption": "对于那些颜色和质地都表现出成熟特征的未熟绿色桃子，可以优先考虑用于礼品包装。\n当未熟绿色桃子的颜色由最初的绿色逐渐转变为诱人的颜色，并且质地也开始变得柔软，那么就是采摘的最佳时机了。\n对于那些颜色特别鲜艳的未熟绿色桃子，可以考虑用作展示品或礼品包装。"
        }
    ]
}