{
    "image_id": "07_0605_164821.jpg",
    "annotations": [
        {
            "category": "全熟桃子",
            "bbox": [
                536.0,
                266.0,
                211.0,
                252.9999999999999
            ],
            "caption": "确保采摘的半熟桃子没有病虫害迹象，保持健康状态。\n尝试用手指轻轻按压半熟桃子，感受其硬度，以此判断是否达到最佳采摘时机。\n对于那些颜色已经开始转变的半熟桃子，可以在早晨或傍晚时段进行采摘。\n在采摘半熟桃子时，确保所有采摘下来的果实都被妥善处理和储存。\n当您发现半熟桃子的颜色和质地都符合预期时，就可以准备采摘了。"
        },
        {
            "category": "全熟桃子",
            "bbox": [
                605.0,
                95.0,
                175.0,
                149.99999999999997
            ],
            "caption": "确保采摘的半熟桃子没有病虫害迹象，保持健康状态。\n尝试用手指轻轻按压半熟桃子，感受其硬度，以此判断是否达到最佳采摘时机。\n对于那些颜色已经开始转变的半熟桃子，可以在早晨或傍晚时段进行采摘。\n在采摘半熟桃子时，确保所有采摘下来的果实都被妥善处理和储存。\n当您发现半熟桃子的颜色和质地都符合预期时，就可以准备采摘了。"
        },
        {
            "category": "全熟桃子",
            "bbox": [
                835.0,
                408.99999999999994,
                57.0,
                50.00000000000006
            ],
            "caption": "确保采摘的半熟桃子没有病虫害迹象，保持健康状态。\n尝试用手指轻轻按压半熟桃子，感受其硬度，以此判断是否达到最佳采摘时机。\n对于那些颜色已经开始转变的半熟桃子，可以在早晨或傍晚时段进行采摘。\n在采摘半熟桃子时，确保所有采摘下来的果实都被妥善处理和储存。\n当您发现半熟桃子的颜色和质地都符合预期时，就可以准备采摘了。"
        },
        {
            "category": "全熟桃子",
            "bbox": [
                441.0,
                204.0,
                114.0,
                111.99999999999994
            ],
            "caption": "确保采摘的半熟桃子没有病虫害迹象，保持健康状态。\n尝试用手指轻轻按压半熟桃子，感受其硬度，以此判断是否达到最佳采摘时机。\n对于那些颜色已经开始转变的半熟桃子，可以在早晨或傍晚时段进行采摘。\n在采摘半熟桃子时，确保所有采摘下来的果实都被妥善处理和储存。\n当您发现半熟桃子的颜色和质地都符合预期时，就可以准备采摘了。"
        },
        {
            "category": "全熟桃子",
            "bbox": [
                832.0,
                4.999999999999993,
                104.0,
                111.0
            ],
            "caption": "确保采摘的半熟桃子没有病虫害迹象，保持健康状态。\n尝试用手指轻轻按压半熟桃子，感受其硬度，以此判断是否达到最佳采摘时机。\n对于那些颜色已经开始转变的半熟桃子，可以在早晨或傍晚时段进行采摘。\n在采摘半熟桃子时，确保所有采摘下来的果实都被妥善处理和储存。\n当您发现半熟桃子的颜色和质地都符合预期时，就可以准备采摘了。"
        }
    ]
}