{
    "image_id": "07_0621_164645.jpg",
    "annotations": [
        {
            "category": "半熟桃子",
            "bbox": [
                318.0,
                185.99999999999997,
                263.0,
                310.0
            ],
            "caption": "定期休息一下不仅可以恢复体力，也有助于更好地评估哪些未熟绿色桃子已经成熟可以采摘。\n在采摘未熟绿色桃子时，请确保所有采摘下的果实都放置在阴凉处。\n在采摘未熟绿色桃子时，请使用专用的手套以保护果实表皮不受损伤。"
        },
        {
            "category": "半熟桃子",
            "bbox": [
                554.0,
                294.99999999999994,
                258.0,
                300.00000000000006
            ],
            "caption": "定期休息一下不仅可以恢复体力，也有助于更好地评估哪些未熟绿色桃子已经成熟可以采摘。\n在采摘未熟绿色桃子时，请确保所有采摘下的果实都放置在阴凉处。\n在采摘未熟绿色桃子时，请使用专用的手套以保护果实表皮不受损伤。"
        },
        {
            "category": "半熟桃子",
            "bbox": [
                943.0,
                390.99999999999994,
                80.0,
                66.0
            ],
            "caption": "定期休息一下不仅可以恢复体力，也有助于更好地评估哪些未熟绿色桃子已经成熟可以采摘。\n在采摘未熟绿色桃子时，请确保所有采摘下的果实都放置在阴凉处。\n在采摘未熟绿色桃子时，请使用专用的手套以保护果实表皮不受损伤。"
        }
    ]
}