{
    "image_id": "07_0605_165428.jpg",
    "annotations": [
        {
            "category": "半熟桃子",
            "bbox": [
                486.0,
                287.0,
                246.0,
                327.0
            ],
            "caption": "对于那些颜色和质地都表现出成熟特征的未熟绿色桃子，可以优先考虑用于销售。\n尽量保持工作节奏稳定，避免因过度劳累而影响采摘质量和效率。"
        },
        {
            "category": "半熟桃子",
            "bbox": [
                8.0,
                689.0,
                107.0,
                77.0
            ],
            "caption": "对于那些颜色和质地都表现出成熟特征的未熟绿色桃子，可以优先考虑用于销售。\n尽量保持工作节奏稳定，避免因过度劳累而影响采摘质量和效率。"
        }
    ]
}