{
    "image_id": "07_0605_164219.jpg",
    "annotations": [
        {
            "category": "全熟桃子",
            "bbox": [
                584.0,
                309.0,
                190.0,
                219.0
            ],
            "caption": "在采摘时，尽量保持双手干净，避免将污垢或细菌带到半熟桃子上；这对于维持采摘后的保鲜非常重要。\n当您发现半熟桃子的颜色和质地都符合预期标准时，就可以准备采摘了。\n对于那些颜色鲜艳且表皮光滑无瑕疵的半熟桃子，可以优先考虑用于高端市场。"
        },
        {
            "category": "全熟桃子",
            "bbox": [
                339.0,
                317.99999999999994,
                252.0,
                232.99999999999994
            ],
            "caption": "在采摘时，尽量保持双手干净，避免将污垢或细菌带到半熟桃子上；这对于维持采摘后的保鲜非常重要。\n当您发现半熟桃子的颜色和质地都符合预期标准时，就可以准备采摘了。\n对于那些颜色鲜艳且表皮光滑无瑕疵的半熟桃子，可以优先考虑用于高端市场。"
        },
        {
            "category": "全熟桃子",
            "bbox": [
                613.0,
                59.999999999999986,
                216.0,
                182.0
            ],
            "caption": "在采摘时，尽量保持双手干净，避免将污垢或细菌带到半熟桃子上；这对于维持采摘后的保鲜非常重要。\n当您发现半熟桃子的颜色和质地都符合预期标准时，就可以准备采摘了。\n对于那些颜色鲜艳且表皮光滑无瑕疵的半熟桃子，可以优先考虑用于高端市场。"
        }
    ]
}