{
    "image_id": "07_0611_160655.jpg",
    "annotations": [
        {
            "category": "半熟桃子",
            "bbox": [
                401.0,
                376.0,
                228.0,
                214.0
            ],
            "caption": "在采摘未熟绿色桃子时，记得标记好每一批次的采摘日期，方便后续追踪。\n在采摘未熟绿色桃子时，尽量避免直接暴露在强烈的阳光下，以保护您的皮肤。\n如果未熟绿色桃子的颜色已经达到了理想的状态，但质地还不够软，可以多等几天。\n当您发现未熟绿色桃子的颜色和质地都达到了理想状态时，就可以准备采摘了。\n当您发现未熟绿色桃子的颜色和质地都达到了理想状态时，就可以准备采摘了。\n如果您发现未熟绿色桃子周围有鸟类活动，请设置防护网保护未成熟的作物。\n在采摘未熟绿色桃子时，尽量避免直接暴露在强烈的阳光下，以保护您的皮肤。\n选择在清晨露水干后开始采摘未熟绿色桃子，此时果实最为新鲜。"
        },
        {
            "category": "半熟桃子",
            "bbox": [
                220.0,
                726.0,
                144.0,
                40.0
            ],
            "caption": "在采摘未熟绿色桃子时，记得标记好每一批次的采摘日期，方便后续追踪。\n在采摘未熟绿色桃子时，尽量避免直接暴露在强烈的阳光下，以保护您的皮肤。\n如果未熟绿色桃子的颜色已经达到了理想的状态，但质地还不够软，可以多等几天。\n当您发现未熟绿色桃子的颜色和质地都达到了理想状态时，就可以准备采摘了。\n当您发现未熟绿色桃子的颜色和质地都达到了理想状态时，就可以准备采摘了。\n如果您发现未熟绿色桃子周围有鸟类活动，请设置防护网保护未成熟的作物。\n在采摘未熟绿色桃子时，尽量避免直接暴露在强烈的阳光下，以保护您的皮肤。\n选择在清晨露水干后开始采摘未熟绿色桃子，此时果实最为新鲜。"
        },
        {
            "category": "半熟桃子",
            "bbox": [
                727.0,
                598.0,
                145.0,
                121.0
            ],
            "caption": "在采摘未熟绿色桃子时，记得标记好每一批次的采摘日期，方便后续追踪。\n在采摘未熟绿色桃子时，尽量避免直接暴露在强烈的阳光下，以保护您的皮肤。\n如果未熟绿色桃子的颜色已经达到了理想的状态，但质地还不够软，可以多等几天。\n当您发现未熟绿色桃子的颜色和质地都达到了理想状态时，就可以准备采摘了。\n当您发现未熟绿色桃子的颜色和质地都达到了理想状态时，就可以准备采摘了。\n如果您发现未熟绿色桃子周围有鸟类活动，请设置防护网保护未成熟的作物。\n在采摘未熟绿色桃子时，尽量避免直接暴露在强烈的阳光下，以保护您的皮肤。\n选择在清晨露水干后开始采摘未熟绿色桃子，此时果实最为新鲜。"
        },
        {
            "category": "半熟桃子",
            "bbox": [
                0.0,
                389.0,
                112.0,
                156.9999999999999
            ],
            "caption": "在采摘未熟绿色桃子时，记得标记好每一批次的采摘日期，方便后续追踪。\n在采摘未熟绿色桃子时，尽量避免直接暴露在强烈的阳光下，以保护您的皮肤。\n如果未熟绿色桃子的颜色已经达到了理想的状态，但质地还不够软，可以多等几天。\n当您发现未熟绿色桃子的颜色和质地都达到了理想状态时，就可以准备采摘了。\n当您发现未熟绿色桃子的颜色和质地都达到了理想状态时，就可以准备采摘了。\n如果您发现未熟绿色桃子周围有鸟类活动，请设置防护网保护未成熟的作物。\n在采摘未熟绿色桃子时，尽量避免直接暴露在强烈的阳光下，以保护您的皮肤。\n选择在清晨露水干后开始采摘未熟绿色桃子，此时果实最为新鲜。"
        },
        {
            "category": "半熟桃子",
            "bbox": [
                0.0,
                712.0,
                77.0,
                54.0
            ],
            "caption": "在采摘未熟绿色桃子时，记得标记好每一批次的采摘日期，方便后续追踪。\n在采摘未熟绿色桃子时，尽量避免直接暴露在强烈的阳光下，以保护您的皮肤。\n如果未熟绿色桃子的颜色已经达到了理想的状态，但质地还不够软，可以多等几天。\n当您发现未熟绿色桃子的颜色和质地都达到了理想状态时，就可以准备采摘了。\n当您发现未熟绿色桃子的颜色和质地都达到了理想状态时，就可以准备采摘了。\n如果您发现未熟绿色桃子周围有鸟类活动，请设置防护网保护未成熟的作物。\n在采摘未熟绿色桃子时，尽量避免直接暴露在强烈的阳光下，以保护您的皮肤。\n选择在清晨露水干后开始采摘未熟绿色桃子，此时果实最为新鲜。"
        },
        {
            "category": "半熟桃子",
            "bbox": [
                612.0,
                306.0,
                164.0,
                177.0
            ],
            "caption": "在采摘未熟绿色桃子时，记得标记好每一批次的采摘日期，方便后续追踪。\n在采摘未熟绿色桃子时，尽量避免直接暴露在强烈的阳光下，以保护您的皮肤。\n如果未熟绿色桃子的颜色已经达到了理想的状态，但质地还不够软，可以多等几天。\n当您发现未熟绿色桃子的颜色和质地都达到了理想状态时，就可以准备采摘了。\n当您发现未熟绿色桃子的颜色和质地都达到了理想状态时，就可以准备采摘了。\n如果您发现未熟绿色桃子周围有鸟类活动，请设置防护网保护未成熟的作物。\n在采摘未熟绿色桃子时，尽量避免直接暴露在强烈的阳光下，以保护您的皮肤。\n选择在清晨露水干后开始采摘未熟绿色桃子，此时果实最为新鲜。"
        },
        {
            "category": "半熟桃子",
            "bbox": [
                88.0,
                473.0,
                108.0,
                83.0
            ],
            "caption": "在采摘未熟绿色桃子时，记得标记好每一批次的采摘日期，方便后续追踪。\n在采摘未熟绿色桃子时，尽量避免直接暴露在强烈的阳光下，以保护您的皮肤。\n如果未熟绿色桃子的颜色已经达到了理想的状态，但质地还不够软，可以多等几天。\n当您发现未熟绿色桃子的颜色和质地都达到了理想状态时，就可以准备采摘了。\n当您发现未熟绿色桃子的颜色和质地都达到了理想状态时，就可以准备采摘了。\n如果您发现未熟绿色桃子周围有鸟类活动，请设置防护网保护未成熟的作物。\n在采摘未熟绿色桃子时，尽量避免直接暴露在强烈的阳光下，以保护您的皮肤。\n选择在清晨露水干后开始采摘未熟绿色桃子，此时果实最为新鲜。"
        },
        {
            "category": "半熟桃子",
            "bbox": [
                765.0,
                563.0,
                75.0,
                66.99999999999989
            ],
            "caption": "在采摘未熟绿色桃子时，记得标记好每一批次的采摘日期，方便后续追踪。\n在采摘未熟绿色桃子时，尽量避免直接暴露在强烈的阳光下，以保护您的皮肤。\n如果未熟绿色桃子的颜色已经达到了理想的状态，但质地还不够软，可以多等几天。\n当您发现未熟绿色桃子的颜色和质地都达到了理想状态时，就可以准备采摘了。\n当您发现未熟绿色桃子的颜色和质地都达到了理想状态时，就可以准备采摘了。\n如果您发现未熟绿色桃子周围有鸟类活动，请设置防护网保护未成熟的作物。\n在采摘未熟绿色桃子时，尽量避免直接暴露在强烈的阳光下，以保护您的皮肤。\n选择在清晨露水干后开始采摘未熟绿色桃子，此时果实最为新鲜。"
        }
    ]
}