{
    "image_id": "07_0611_161557.jpg",
    "annotations": [
        {
            "category": "全熟桃子",
            "bbox": [
                622.0,
                457.0,
                258.0,
                271.0
            ],
            "caption": "注意观察半熟桃子的大小，过小的果实可能需要更多时间来成长。\n对于那些颜色和质地都表现出成熟特征的半熟桃子，可以优先考虑用于制作果酱等衍生产品。"
        },
        {
            "category": "全熟桃子",
            "bbox": [
                465.0,
                261.0,
                176.0,
                201.0
            ],
            "caption": "注意观察半熟桃子的大小，过小的果实可能需要更多时间来成长。\n对于那些颜色和质地都表现出成熟特征的半熟桃子，可以优先考虑用于制作果酱等衍生产品。"
        }
    ]
}