{
    "image_id": "07_0605_164516.jpg",
    "annotations": [
        {
            "category": "半熟桃子",
            "bbox": [
                584.0,
                327.99999999999994,
                301.0,
                252.00000000000006
            ],
            "caption": "对于那些颜色变化不均的未熟绿色桃子，可以选择性地只采摘那些最成熟的部分。\n采摘后，立即将未熟绿色桃子放入冷藏设备中保存，以延长保鲜期。\n采摘过程中，请小心处理每一个未熟绿色桃子，以避免任何可能造成的损伤。"
        },
        {
            "category": "半熟桃子",
            "bbox": [
                329.0,
                207.0,
                249.0,
                236.0
            ],
            "caption": "对于那些颜色变化不均的未熟绿色桃子，可以选择性地只采摘那些最成熟的部分。\n采摘后，立即将未熟绿色桃子放入冷藏设备中保存，以延长保鲜期。\n采摘过程中，请小心处理每一个未熟绿色桃子，以避免任何可能造成的损伤。"
        },
        {
            "category": "半熟桃子",
            "bbox": [
                863.0,
                8.000000000000004,
                160.0,
                143.0
            ],
            "caption": "对于那些颜色变化不均的未熟绿色桃子，可以选择性地只采摘那些最成熟的部分。\n采摘后，立即将未熟绿色桃子放入冷藏设备中保存，以延长保鲜期。\n采摘过程中，请小心处理每一个未熟绿色桃子，以避免任何可能造成的损伤。"
        }
    ]
}