{
    "image_id": "07_0530_160436.jpg",
    "annotations": [
        {
            "category": "半熟桃子",
            "bbox": [
                883.0,
                5.0000000000000036,
                115.0,
                134.0
            ],
            "caption": "在采摘未熟绿色桃子时，记得标记好每一批次的采摘日期，方便后续追踪。\n对于那些颜色和质地都表现出成熟特征的半熟桃子，可以优先考虑用于参加农业展览。\n在采摘未熟绿色桃子时，请确保所有采摘下的果实都放置在阴凉处。"
        },
        {
            "category": "全熟桃子",
            "bbox": [
                435.0,
                559.0,
                127.0,
                182.0
            ],
            "caption": "在采摘未熟绿色桃子时，记得标记好每一批次的采摘日期，方便后续追踪。\n对于那些颜色和质地都表现出成熟特征的半熟桃子，可以优先考虑用于参加农业展览。\n在采摘未熟绿色桃子时，请确保所有采摘下的果实都放置在阴凉处。"
        },
        {
            "category": "半熟桃子",
            "bbox": [
                444.0,
                419.9999999999999,
                55.0,
                104.00000000000011
            ],
            "caption": "在采摘未熟绿色桃子时，记得标记好每一批次的采摘日期，方便后续追踪。\n对于那些颜色和质地都表现出成熟特征的半熟桃子，可以优先考虑用于参加农业展览。\n在采摘未熟绿色桃子时，请确保所有采摘下的果实都放置在阴凉处。"
        }
    ]
}