{
    "image_id": "07_0611_160625.jpg",
    "annotations": [
        {
            "category": "半熟桃子",
            "bbox": [
                422.0,
                335.0,
                166.0,
                173.0
            ],
            "caption": "在采摘时，尽量保持双手干净，避免将污垢或细菌带到未熟绿色桃子上；这对于维持采摘后的保鲜非常重要。\n在采摘未熟绿色桃子时，请注意观察是否有病虫害迹象，并及时处理。"
        },
        {
            "category": "半熟桃子",
            "bbox": [
                608.0,
                338.0,
                178.0,
                132.9999999999999
            ],
            "caption": "在采摘时，尽量保持双手干净，避免将污垢或细菌带到未熟绿色桃子上；这对于维持采摘后的保鲜非常重要。\n在采摘未熟绿色桃子时，请注意观察是否有病虫害迹象，并及时处理。"
        }
    ]
}