{
    "image_id": "07_0621_164626.jpg",
    "annotations": [
        {
            "category": "半熟桃子",
            "bbox": [
                623.0,
                262.0,
                178.0,
                194.99999999999994
            ],
            "caption": "在采摘未熟绿色桃子时，请确保每个工人负责的区域清晰明确。\n对于那些生长在陡峭山坡上的未熟绿色桃子，建议使用梯子辅助采摘。"
        },
        {
            "category": "半熟桃子",
            "bbox": [
                251.0,
                289.0,
                163.0,
                164.99999999999994
            ],
            "caption": "在采摘未熟绿色桃子时，请确保每个工人负责的区域清晰明确。\n对于那些生长在陡峭山坡上的未熟绿色桃子，建议使用梯子辅助采摘。"
        }
    ]
}