{
    "image_id": "07_0605_164911.jpg",
    "annotations": [
        {
            "category": "半熟桃子",
            "bbox": [
                380.0,
                181.0,
                261.0,
                293.99999999999994
            ],
            "caption": "尽量采用科学的方法，如通过检测仪器确定未熟绿色桃子的成熟度，提高采摘精度。\n在采摘半熟桃子时，确保所有采摘下来的果实都被妥善处理和储存。\n分批采摘，先摘那些最成熟的半熟桃子，给其他时间让它们继续发育。\n在采摘未熟绿色桃子时，请注意观察是否有病虫害迹象，并及时处理。\n如果发现某些未熟绿色桃子的颜色特别鲜艳，可能是由于光照充足，这类果实往往口感更好。"
        },
        {
            "category": "全熟桃子",
            "bbox": [
                419.0,
                441.0,
                225.0,
                255.0
            ],
            "caption": "尽量采用科学的方法，如通过检测仪器确定未熟绿色桃子的成熟度，提高采摘精度。\n在采摘半熟桃子时，确保所有采摘下来的果实都被妥善处理和储存。\n分批采摘，先摘那些最成熟的半熟桃子，给其他时间让它们继续发育。\n在采摘未熟绿色桃子时，请注意观察是否有病虫害迹象，并及时处理。\n如果发现某些未熟绿色桃子的颜色特别鲜艳，可能是由于光照充足，这类果实往往口感更好。"
        },
        {
            "category": "全熟桃子",
            "bbox": [
                213.0,
                90.99999999999999,
                86.0,
                78.00000000000001
            ],
            "caption": "尽量采用科学的方法，如通过检测仪器确定未熟绿色桃子的成熟度，提高采摘精度。\n在采摘半熟桃子时，确保所有采摘下来的果实都被妥善处理和储存。\n分批采摘，先摘那些最成熟的半熟桃子，给其他时间让它们继续发育。\n在采摘未熟绿色桃子时，请注意观察是否有病虫害迹象，并及时处理。\n如果发现某些未熟绿色桃子的颜色特别鲜艳，可能是由于光照充足，这类果实往往口感更好。"
        },
        {
            "category": "半熟桃子",
            "bbox": [
                604.0,
                348.0,
                81.0,
                129.99999999999994
            ],
            "caption": "尽量采用科学的方法，如通过检测仪器确定未熟绿色桃子的成熟度，提高采摘精度。\n在采摘半熟桃子时，确保所有采摘下来的果实都被妥善处理和储存。\n分批采摘，先摘那些最成熟的半熟桃子，给其他时间让它们继续发育。\n在采摘未熟绿色桃子时，请注意观察是否有病虫害迹象，并及时处理。\n如果发现某些未熟绿色桃子的颜色特别鲜艳，可能是由于光照充足，这类果实往往口感更好。"
        },
        {
            "category": "半熟桃子",
            "bbox": [
                122.0,
                202.0,
                62.0,
                100.99999999999994
            ],
            "caption": "尽量采用科学的方法，如通过检测仪器确定未熟绿色桃子的成熟度，提高采摘精度。\n在采摘半熟桃子时，确保所有采摘下来的果实都被妥善处理和储存。\n分批采摘，先摘那些最成熟的半熟桃子，给其他时间让它们继续发育。\n在采摘未熟绿色桃子时，请注意观察是否有病虫害迹象，并及时处理。\n如果发现某些未熟绿色桃子的颜色特别鲜艳，可能是由于光照充足，这类果实往往口感更好。"
        }
    ]
}