{
    "image_id": "07_0530_161229.jpg",
    "annotations": [
        {
            "category": "半熟桃子",
            "bbox": [
                446.0,
                186.0,
                151.0,
                152.0
            ],
            "caption": "尽量保持工作节奏稳定，避免因过度劳累而影响采摘质量和效率。\n当您发现未熟绿色桃子的颜色和形状都非常完美时，这通常是采摘的最佳时机。\n在采摘未熟绿色桃子时，请确保每棵植株都能得到适当的照顾。\n对于生长在树冠下层的未熟绿色桃子，建议使用长臂工具进行安全采摘。\n在采摘未熟绿色桃子时，确保所有采摘下来的果实都被妥善处理和储存。\n当您发现未熟绿色桃子的颜色和质地都达到了理想状态时，就可以准备采摘了。\n对于那些颜色和质地都表现出成熟特征的未熟绿色桃子，可以优先考虑用于出口。"
        },
        {
            "category": "半熟桃子",
            "bbox": [
                366.0,
                699.0,
                158.0,
                67.0
            ],
            "caption": "尽量保持工作节奏稳定，避免因过度劳累而影响采摘质量和效率。\n当您发现未熟绿色桃子的颜色和形状都非常完美时，这通常是采摘的最佳时机。\n在采摘未熟绿色桃子时，请确保每棵植株都能得到适当的照顾。\n对于生长在树冠下层的未熟绿色桃子，建议使用长臂工具进行安全采摘。\n在采摘未熟绿色桃子时，确保所有采摘下来的果实都被妥善处理和储存。\n当您发现未熟绿色桃子的颜色和质地都达到了理想状态时，就可以准备采摘了。\n对于那些颜色和质地都表现出成熟特征的未熟绿色桃子，可以优先考虑用于出口。"
        },
        {
            "category": "半熟桃子",
            "bbox": [
                478.0,
                483.99999999999994,
                184.0,
                209.00000000000006
            ],
            "caption": "尽量保持工作节奏稳定，避免因过度劳累而影响采摘质量和效率。\n当您发现未熟绿色桃子的颜色和形状都非常完美时，这通常是采摘的最佳时机。\n在采摘未熟绿色桃子时，请确保每棵植株都能得到适当的照顾。\n对于生长在树冠下层的未熟绿色桃子，建议使用长臂工具进行安全采摘。\n在采摘未熟绿色桃子时，确保所有采摘下来的果实都被妥善处理和储存。\n当您发现未熟绿色桃子的颜色和质地都达到了理想状态时，就可以准备采摘了。\n对于那些颜色和质地都表现出成熟特征的未熟绿色桃子，可以优先考虑用于出口。"
        },
        {
            "category": "半熟桃子",
            "bbox": [
                639.0,
                521.0,
                115.0,
                153.9999999999999
            ],
            "caption": "尽量保持工作节奏稳定，避免因过度劳累而影响采摘质量和效率。\n当您发现未熟绿色桃子的颜色和形状都非常完美时，这通常是采摘的最佳时机。\n在采摘未熟绿色桃子时，请确保每棵植株都能得到适当的照顾。\n对于生长在树冠下层的未熟绿色桃子，建议使用长臂工具进行安全采摘。\n在采摘未熟绿色桃子时，确保所有采摘下来的果实都被妥善处理和储存。\n当您发现未熟绿色桃子的颜色和质地都达到了理想状态时，就可以准备采摘了。\n对于那些颜色和质地都表现出成熟特征的未熟绿色桃子，可以优先考虑用于出口。"
        },
        {
            "category": "半熟桃子",
            "bbox": [
                671.0,
                32.999999999999986,
                179.0,
                176.0
            ],
            "caption": "尽量保持工作节奏稳定，避免因过度劳累而影响采摘质量和效率。\n当您发现未熟绿色桃子的颜色和形状都非常完美时，这通常是采摘的最佳时机。\n在采摘未熟绿色桃子时，请确保每棵植株都能得到适当的照顾。\n对于生长在树冠下层的未熟绿色桃子，建议使用长臂工具进行安全采摘。\n在采摘未熟绿色桃子时，确保所有采摘下来的果实都被妥善处理和储存。\n当您发现未熟绿色桃子的颜色和质地都达到了理想状态时，就可以准备采摘了。\n对于那些颜色和质地都表现出成熟特征的未熟绿色桃子，可以优先考虑用于出口。"
        },
        {
            "category": "半熟桃子",
            "bbox": [
                583.0,
                0.0,
                139.0,
                114.99999999999999
            ],
            "caption": "尽量保持工作节奏稳定，避免因过度劳累而影响采摘质量和效率。\n当您发现未熟绿色桃子的颜色和形状都非常完美时，这通常是采摘的最佳时机。\n在采摘未熟绿色桃子时，请确保每棵植株都能得到适当的照顾。\n对于生长在树冠下层的未熟绿色桃子，建议使用长臂工具进行安全采摘。\n在采摘未熟绿色桃子时，确保所有采摘下来的果实都被妥善处理和储存。\n当您发现未熟绿色桃子的颜色和质地都达到了理想状态时，就可以准备采摘了。\n对于那些颜色和质地都表现出成熟特征的未熟绿色桃子，可以优先考虑用于出口。"
        },
        {
            "category": "半熟桃子",
            "bbox": [
                465.0,
                357.0,
                131.0,
                135.0
            ],
            "caption": "尽量保持工作节奏稳定，避免因过度劳累而影响采摘质量和效率。\n当您发现未熟绿色桃子的颜色和形状都非常完美时，这通常是采摘的最佳时机。\n在采摘未熟绿色桃子时，请确保每棵植株都能得到适当的照顾。\n对于生长在树冠下层的未熟绿色桃子，建议使用长臂工具进行安全采摘。\n在采摘未熟绿色桃子时，确保所有采摘下来的果实都被妥善处理和储存。\n当您发现未熟绿色桃子的颜色和质地都达到了理想状态时，就可以准备采摘了。\n对于那些颜色和质地都表现出成熟特征的未熟绿色桃子，可以优先考虑用于出口。"
        }
    ]
}