{
    "image_id": "07_0605_164608.jpg",
    "annotations": [
        {
            "category": "半熟桃子",
            "bbox": [
                483.0,
                355.0,
                274.0,
                322.0
            ],
            "caption": "如果发现采摘下来的未熟绿色桃子中有特别大的个体，可以作为展示或宣传用途，提升农场的形象。\n在采摘未熟绿色桃子时，请小心不要折断树枝，以免影响未来的生长。\n对于那些颜色变化不均的未熟绿色桃子，可以选择性地只采摘那些最成熟的部分。\n在采摘未熟绿色桃子时，请注意观察是否有病虫害迹象，并及时处理。"
        },
        {
            "category": "半熟桃子",
            "bbox": [
                380.0,
                69.99999999999999,
                328.0,
                285.0
            ],
            "caption": "如果发现采摘下来的未熟绿色桃子中有特别大的个体，可以作为展示或宣传用途，提升农场的形象。\n在采摘未熟绿色桃子时，请小心不要折断树枝，以免影响未来的生长。\n对于那些颜色变化不均的未熟绿色桃子，可以选择性地只采摘那些最成熟的部分。\n在采摘未熟绿色桃子时，请注意观察是否有病虫害迹象，并及时处理。"
        },
        {
            "category": "半熟桃子",
            "bbox": [
                305.0,
                229.99999999999997,
                230.0,
                196.00000000000003
            ],
            "caption": "如果发现采摘下来的未熟绿色桃子中有特别大的个体，可以作为展示或宣传用途，提升农场的形象。\n在采摘未熟绿色桃子时，请小心不要折断树枝，以免影响未来的生长。\n对于那些颜色变化不均的未熟绿色桃子，可以选择性地只采摘那些最成熟的部分。\n在采摘未熟绿色桃子时，请注意观察是否有病虫害迹象，并及时处理。"
        },
        {
            "category": "半熟桃子",
            "bbox": [
                332.0,
                539.9999999999999,
                158.0,
                167.0000000000001
            ],
            "caption": "如果发现采摘下来的未熟绿色桃子中有特别大的个体，可以作为展示或宣传用途，提升农场的形象。\n在采摘未熟绿色桃子时，请小心不要折断树枝，以免影响未来的生长。\n对于那些颜色变化不均的未熟绿色桃子，可以选择性地只采摘那些最成熟的部分。\n在采摘未熟绿色桃子时，请注意观察是否有病虫害迹象，并及时处理。"
        }
    ]
}