{
    "image_id": "07_0530_160109.jpg",
    "annotations": [
        {
            "category": "半熟桃子",
            "bbox": [
                708.0,
                281.0,
                211.0,
                217.99999999999994
            ],
            "caption": "请记住，在采摘时不仅要关注眼前的未熟绿色桃子，还要考虑整个植株的健康状况，避免过度采摘影响后续生长。\n当您发现未熟绿色桃子的颜色和质地都达到了理想状态时，就可以准备采摘了。"
        },
        {
            "category": "半熟桃子",
            "bbox": [
                438.0,
                266.0,
                249.0,
                229.0
            ],
            "caption": "请记住，在采摘时不仅要关注眼前的未熟绿色桃子，还要考虑整个植株的健康状况，避免过度采摘影响后续生长。\n当您发现未熟绿色桃子的颜色和质地都达到了理想状态时，就可以准备采摘了。"
        }
    ]
}