{
    "image_id": "07_0611_161244.jpg",
    "annotations": [
        {
            "category": "半熟桃子",
            "bbox": [
                609.0,
                265.0,
                171.0,
                173.99999999999994
            ],
            "caption": "在处理那些靠近地面或容易受到病虫害影响的未熟绿色桃子时，要格外小心，优先选择健康无损的未熟绿色桃子进行采摘。\n在采摘过程中，保持果园清洁，及时清理掉落在地上的腐烂未熟绿色桃子。"
        },
        {
            "category": "半熟桃子",
            "bbox": [
                476.0,
                422.9999999999999,
                159.0,
                170.0000000000001
            ],
            "caption": "在处理那些靠近地面或容易受到病虫害影响的未熟绿色桃子时，要格外小心，优先选择健康无损的未熟绿色桃子进行采摘。\n在采摘过程中，保持果园清洁，及时清理掉落在地上的腐烂未熟绿色桃子。"
        }
    ]
}