{
    "image_id": "07_0621_164845.jpg",
    "annotations": [
        {
            "category": "半熟桃子",
            "bbox": [
                394.0,
                201.0,
                291.0,
                249.0
            ],
            "caption": "对于那些颜色和质地都表现出成熟特征的未熟绿色桃子，可以优先考虑用于参加农业展览。\n对于那些颜色已经开始变化但还未完全成熟的未熟绿色桃子，可以稍微延迟采摘。\n如果您发现未熟绿色桃子周围有鸟类活动，请设置防护网保护未成熟的作物。"
        },
        {
            "category": "半熟桃子",
            "bbox": [
                560.0,
                405.99999999999994,
                291.0,
                336.00000000000006
            ],
            "caption": "对于那些颜色和质地都表现出成熟特征的未熟绿色桃子，可以优先考虑用于参加农业展览。\n对于那些颜色已经开始变化但还未完全成熟的未熟绿色桃子，可以稍微延迟采摘。\n如果您发现未熟绿色桃子周围有鸟类活动，请设置防护网保护未成熟的作物。"
        },
        {
            "category": "半熟桃子",
            "bbox": [
                353.0,
                431.0,
                218.0,
                264.9999999999999
            ],
            "caption": "对于那些颜色和质地都表现出成熟特征的未熟绿色桃子，可以优先考虑用于参加农业展览。\n对于那些颜色已经开始变化但还未完全成熟的未熟绿色桃子，可以稍微延迟采摘。\n如果您发现未熟绿色桃子周围有鸟类活动，请设置防护网保护未成熟的作物。"
        }
    ]
}