{
    "image_id": "07_0503_144316.jpg",
    "annotations": [
        {
            "category": "全熟桃子",
            "bbox": [
                496.0,
                326.0,
                222.0,
                276.0
            ],
            "caption": "在采摘半熟桃子时，尽量选择那些没有受到风雨侵袭的健康植株。\n对于那些颜色特别鲜艳的半熟桃子，可以考虑用作展示品或礼品包装。"
        },
        {
            "category": "全熟桃子",
            "bbox": [
                597.0,
                117.0,
                271.0,
                431.0
            ],
            "caption": "在采摘半熟桃子时，尽量选择那些没有受到风雨侵袭的健康植株。\n对于那些颜色特别鲜艳的半熟桃子，可以考虑用作展示品或礼品包装。"
        }
    ]
}