{
    "image_id": "07_0621_165140.jpg",
    "annotations": [
        {
            "category": "全熟桃子",
            "bbox": [
                382.0,
                246.0,
                238.0,
                231.0
            ],
            "caption": "对于那些颜色已经开始转变但还未完全成熟的半熟桃子，可以在几天后再次检查。\n当您发现半熟桃子的颜色和质地都达到了理想状态时，就可以准备采摘了。\n当未熟绿色桃子的颜色变化均匀一致时，意味着它已经达到了理想的成熟度。\n当您发现未熟绿色桃子的颜色和质地都达到了理想状态时，就可以准备采摘了。\n对于那些长势较好的植株，可以适当多采摘一些成熟的未熟绿色桃子；而对于长势较差的，则要谨慎行事，给予更多的恢复时间。\n在采摘未熟绿色桃子时，请确保工作环境整洁，避免对作物造成不必要的污染。"
        },
        {
            "category": "全熟桃子",
            "bbox": [
                608.0,
                234.0,
                258.0,
                213.0
            ],
            "caption": "对于那些颜色已经开始转变但还未完全成熟的半熟桃子，可以在几天后再次检查。\n当您发现半熟桃子的颜色和质地都达到了理想状态时，就可以准备采摘了。\n当未熟绿色桃子的颜色变化均匀一致时，意味着它已经达到了理想的成熟度。\n当您发现未熟绿色桃子的颜色和质地都达到了理想状态时，就可以准备采摘了。\n对于那些长势较好的植株，可以适当多采摘一些成熟的未熟绿色桃子；而对于长势较差的，则要谨慎行事，给予更多的恢复时间。\n在采摘未熟绿色桃子时，请确保工作环境整洁，避免对作物造成不必要的污染。"
        },
        {
            "category": "半熟桃子",
            "bbox": [
                661.0,
                0.0,
                69.0,
                131.0
            ],
            "caption": "对于那些颜色已经开始转变但还未完全成熟的半熟桃子，可以在几天后再次检查。\n当您发现半熟桃子的颜色和质地都达到了理想状态时，就可以准备采摘了。\n当未熟绿色桃子的颜色变化均匀一致时，意味着它已经达到了理想的成熟度。\n当您发现未熟绿色桃子的颜色和质地都达到了理想状态时，就可以准备采摘了。\n对于那些长势较好的植株，可以适当多采摘一些成熟的未熟绿色桃子；而对于长势较差的，则要谨慎行事，给予更多的恢复时间。\n在采摘未熟绿色桃子时，请确保工作环境整洁，避免对作物造成不必要的污染。"
        },
        {
            "category": "半熟桃子",
            "bbox": [
                292.0,
                119.0,
                47.0,
                86.99999999999997
            ],
            "caption": "对于那些颜色已经开始转变但还未完全成熟的半熟桃子，可以在几天后再次检查。\n当您发现半熟桃子的颜色和质地都达到了理想状态时，就可以准备采摘了。\n当未熟绿色桃子的颜色变化均匀一致时，意味着它已经达到了理想的成熟度。\n当您发现未熟绿色桃子的颜色和质地都达到了理想状态时，就可以准备采摘了。\n对于那些长势较好的植株，可以适当多采摘一些成熟的未熟绿色桃子；而对于长势较差的，则要谨慎行事，给予更多的恢复时间。\n在采摘未熟绿色桃子时，请确保工作环境整洁，避免对作物造成不必要的污染。"
        },
        {
            "category": "半熟桃子",
            "bbox": [
                259.0,
                253.99999999999997,
                76.0,
                51.00000000000003
            ],
            "caption": "对于那些颜色已经开始转变但还未完全成熟的半熟桃子，可以在几天后再次检查。\n当您发现半熟桃子的颜色和质地都达到了理想状态时，就可以准备采摘了。\n当未熟绿色桃子的颜色变化均匀一致时，意味着它已经达到了理想的成熟度。\n当您发现未熟绿色桃子的颜色和质地都达到了理想状态时，就可以准备采摘了。\n对于那些长势较好的植株，可以适当多采摘一些成熟的未熟绿色桃子；而对于长势较差的，则要谨慎行事，给予更多的恢复时间。\n在采摘未熟绿色桃子时，请确保工作环境整洁，避免对作物造成不必要的污染。"
        },
        {
            "category": "半熟桃子",
            "bbox": [
                676.0,
                483.0,
                92.0,
                88.0
            ],
            "caption": "对于那些颜色已经开始转变但还未完全成熟的半熟桃子，可以在几天后再次检查。\n当您发现半熟桃子的颜色和质地都达到了理想状态时，就可以准备采摘了。\n当未熟绿色桃子的颜色变化均匀一致时，意味着它已经达到了理想的成熟度。\n当您发现未熟绿色桃子的颜色和质地都达到了理想状态时，就可以准备采摘了。\n对于那些长势较好的植株，可以适当多采摘一些成熟的未熟绿色桃子；而对于长势较差的，则要谨慎行事，给予更多的恢复时间。\n在采摘未熟绿色桃子时，请确保工作环境整洁，避免对作物造成不必要的污染。"
        }
    ]
}