{
    "image_id": "07_0605_165108.jpg",
    "annotations": [
        {
            "category": "半熟桃子",
            "bbox": [
                383.0,
                236.0,
                303.0,
                311.0
            ],
            "caption": "对于那些颜色已经开始转变但还未完全成熟的未熟绿色桃子，可以在几天后再次检查。\n尽量保持工作节奏稳定，避免因过度劳累而影响采摘质量和效率。"
        },
        {
            "category": "半熟桃子",
            "bbox": [
                587.0,
                149.0,
                245.0,
                262.99999999999994
            ],
            "caption": "对于那些颜色已经开始转变但还未完全成熟的未熟绿色桃子，可以在几天后再次检查。\n尽量保持工作节奏稳定，避免因过度劳累而影响采摘质量和效率。"
        }
    ]
}