{
    "image_id": "07_0530_155943.jpg",
    "annotations": [
        {
            "category": "半熟桃子",
            "bbox": [
                358.0,
                339.0,
                191.0,
                190.0
            ],
            "caption": "当您发现未熟绿色桃子的颜色和质地都表现出良好的成熟特征时，就可以准备采摘了。\n如果有多个工人一起工作，可以分配不同的区域，确保每个角落的未熟绿色桃子都能得到适当的照顾。\n当您发现未熟绿色桃子的颜色和质地都符合预期标准时，就可以准备采摘了。\n当您发现未熟绿色桃子的颜色和质地都达到了理想状态时，就可以准备采摘了。\n在采摘未熟绿色桃子时，请确保所有采摘下的果实都得到了适当的保护。"
        },
        {
            "category": "半熟桃子",
            "bbox": [
                557.0,
                179.0,
                217.0,
                205.99999999999994
            ],
            "caption": "当您发现未熟绿色桃子的颜色和质地都表现出良好的成熟特征时，就可以准备采摘了。\n如果有多个工人一起工作，可以分配不同的区域，确保每个角落的未熟绿色桃子都能得到适当的照顾。\n当您发现未熟绿色桃子的颜色和质地都符合预期标准时，就可以准备采摘了。\n当您发现未熟绿色桃子的颜色和质地都达到了理想状态时，就可以准备采摘了。\n在采摘未熟绿色桃子时，请确保所有采摘下的果实都得到了适当的保护。"
        },
        {
            "category": "半熟桃子",
            "bbox": [
                778.0,
                423.99999999999994,
                157.0,
                150.00000000000006
            ],
            "caption": "当您发现未熟绿色桃子的颜色和质地都表现出良好的成熟特征时，就可以准备采摘了。\n如果有多个工人一起工作，可以分配不同的区域，确保每个角落的未熟绿色桃子都能得到适当的照顾。\n当您发现未熟绿色桃子的颜色和质地都符合预期标准时，就可以准备采摘了。\n当您发现未熟绿色桃子的颜色和质地都达到了理想状态时，就可以准备采摘了。\n在采摘未熟绿色桃子时，请确保所有采摘下的果实都得到了适当的保护。"
        },
        {
            "category": "半熟桃子",
            "bbox": [
                750.0,
                626.0,
                114.0,
                140.0
            ],
            "caption": "当您发现未熟绿色桃子的颜色和质地都表现出良好的成熟特征时，就可以准备采摘了。\n如果有多个工人一起工作，可以分配不同的区域，确保每个角落的未熟绿色桃子都能得到适当的照顾。\n当您发现未熟绿色桃子的颜色和质地都符合预期标准时，就可以准备采摘了。\n当您发现未熟绿色桃子的颜色和质地都达到了理想状态时，就可以准备采摘了。\n在采摘未熟绿色桃子时，请确保所有采摘下的果实都得到了适当的保护。"
        },
        {
            "category": "半熟桃子",
            "bbox": [
                74.0,
                0.0,
                72.0,
                57.0
            ],
            "caption": "当您发现未熟绿色桃子的颜色和质地都表现出良好的成熟特征时，就可以准备采摘了。\n如果有多个工人一起工作，可以分配不同的区域，确保每个角落的未熟绿色桃子都能得到适当的照顾。\n当您发现未熟绿色桃子的颜色和质地都符合预期标准时，就可以准备采摘了。\n当您发现未熟绿色桃子的颜色和质地都达到了理想状态时，就可以准备采摘了。\n在采摘未熟绿色桃子时，请确保所有采摘下的果实都得到了适当的保护。"
        }
    ]
}