{
    "image_id": "07_0503_143756.jpg",
    "annotations": [
        {
            "category": "半熟桃子",
            "bbox": [
                317.0,
                140.99999999999997,
                228.0,
                234.99999999999997
            ],
            "caption": "当您发现未熟绿色桃子的颜色从青转为成熟的颜色时，请立即进行采摘。\n如果未熟绿色桃子的颜色开始变深，这意味着它们已经接近完全成熟。"
        },
        {
            "category": "半熟桃子",
            "bbox": [
                473.0,
                439.0,
                175.0,
                178.0
            ],
            "caption": "当您发现未熟绿色桃子的颜色从青转为成熟的颜色时，请立即进行采摘。\n如果未熟绿色桃子的颜色开始变深，这意味着它们已经接近完全成熟。"
        }
    ]
}