{
    "image_id": "07_0530_160830.jpg",
    "annotations": [
        {
            "category": "半熟桃子",
            "bbox": [
                537.0,
                291.0,
                291.0,
                360.0
            ],
            "caption": "对于那些颜色鲜艳且表皮光滑无瑕疵的未熟绿色桃子，可以优先考虑用于高端市场。\n在采摘过程中，始终佩戴手套，以保护双手并维持未熟绿色桃子表面的洁净。\n对于那些颜色和质地都表现出成熟特征的未熟绿色桃子，可以优先考虑用于销售。\n在采摘未熟绿色桃子时，请注意观察是否有病虫害迹象，并及时处理。"
        },
        {
            "category": "半熟桃子",
            "bbox": [
                265.0,
                216.0,
                201.0,
                231.99999999999994
            ],
            "caption": "对于那些颜色鲜艳且表皮光滑无瑕疵的未熟绿色桃子，可以优先考虑用于高端市场。\n在采摘过程中，始终佩戴手套，以保护双手并维持未熟绿色桃子表面的洁净。\n对于那些颜色和质地都表现出成熟特征的未熟绿色桃子，可以优先考虑用于销售。\n在采摘未熟绿色桃子时，请注意观察是否有病虫害迹象，并及时处理。"
        },
        {
            "category": "半熟桃子",
            "bbox": [
                809.0,
                377.99999999999994,
                82.0,
                71.00000000000006
            ],
            "caption": "对于那些颜色鲜艳且表皮光滑无瑕疵的未熟绿色桃子，可以优先考虑用于高端市场。\n在采摘过程中，始终佩戴手套，以保护双手并维持未熟绿色桃子表面的洁净。\n对于那些颜色和质地都表现出成熟特征的未熟绿色桃子，可以优先考虑用于销售。\n在采摘未熟绿色桃子时，请注意观察是否有病虫害迹象，并及时处理。"
        },
        {
            "category": "半熟桃子",
            "bbox": [
                931.0,
                554.9999999999999,
                47.0,
                86.00000000000011
            ],
            "caption": "对于那些颜色鲜艳且表皮光滑无瑕疵的未熟绿色桃子，可以优先考虑用于高端市场。\n在采摘过程中，始终佩戴手套，以保护双手并维持未熟绿色桃子表面的洁净。\n对于那些颜色和质地都表现出成熟特征的未熟绿色桃子，可以优先考虑用于销售。\n在采摘未熟绿色桃子时，请注意观察是否有病虫害迹象，并及时处理。"
        }
    ]
}