{
    "image_id": "07_0611_161124.jpg",
    "annotations": [
        {
            "category": "半熟桃子",
            "bbox": [
                556.0,
                7.000000000000007,
                215.0,
                236.0
            ],
            "caption": "在采摘未熟绿色桃子时，确保每次采摘的数量适中，不要一次性摘得太多。\n在采摘未熟绿色桃子时，请小心不要折断树枝，以免影响未来的生长。\n请记住，在采摘时不仅要关注眼前的未熟绿色桃子，还要考虑整个植株的健康状况，避免过度采摘影响后续生长。\n在采摘时，尽量采用环保的方式，减少对自然资源的消耗，例如使用可降解材料制作的采摘袋。\n尽量保持对细节的关注，即使是微小的变化也可能影响到最终的采摘效果。"
        },
        {
            "category": "半熟桃子",
            "bbox": [
                414.0,
                144.0,
                159.0,
                186.0
            ],
            "caption": "在采摘未熟绿色桃子时，确保每次采摘的数量适中，不要一次性摘得太多。\n在采摘未熟绿色桃子时，请小心不要折断树枝，以免影响未来的生长。\n请记住，在采摘时不仅要关注眼前的未熟绿色桃子，还要考虑整个植株的健康状况，避免过度采摘影响后续生长。\n在采摘时，尽量采用环保的方式，减少对自然资源的消耗，例如使用可降解材料制作的采摘袋。\n尽量保持对细节的关注，即使是微小的变化也可能影响到最终的采摘效果。"
        },
        {
            "category": "半熟桃子",
            "bbox": [
                324.0,
                584.0,
                190.0,
                182.0
            ],
            "caption": "在采摘未熟绿色桃子时，确保每次采摘的数量适中，不要一次性摘得太多。\n在采摘未熟绿色桃子时，请小心不要折断树枝，以免影响未来的生长。\n请记住，在采摘时不仅要关注眼前的未熟绿色桃子，还要考虑整个植株的健康状况，避免过度采摘影响后续生长。\n在采摘时，尽量采用环保的方式，减少对自然资源的消耗，例如使用可降解材料制作的采摘袋。\n尽量保持对细节的关注，即使是微小的变化也可能影响到最终的采摘效果。"
        },
        {
            "category": "半熟桃子",
            "bbox": [
                410.0,
                379.0,
                143.0,
                181.0
            ],
            "caption": "在采摘未熟绿色桃子时，确保每次采摘的数量适中，不要一次性摘得太多。\n在采摘未熟绿色桃子时，请小心不要折断树枝，以免影响未来的生长。\n请记住，在采摘时不仅要关注眼前的未熟绿色桃子，还要考虑整个植株的健康状况，避免过度采摘影响后续生长。\n在采摘时，尽量采用环保的方式，减少对自然资源的消耗，例如使用可降解材料制作的采摘袋。\n尽量保持对细节的关注，即使是微小的变化也可能影响到最终的采摘效果。"
        },
        {
            "category": "半熟桃子",
            "bbox": [
                550.0,
                0.0,
                157.0,
                52.99999999999999
            ],
            "caption": "在采摘未熟绿色桃子时，确保每次采摘的数量适中，不要一次性摘得太多。\n在采摘未熟绿色桃子时，请小心不要折断树枝，以免影响未来的生长。\n请记住，在采摘时不仅要关注眼前的未熟绿色桃子，还要考虑整个植株的健康状况，避免过度采摘影响后续生长。\n在采摘时，尽量采用环保的方式，减少对自然资源的消耗，例如使用可降解材料制作的采摘袋。\n尽量保持对细节的关注，即使是微小的变化也可能影响到最终的采摘效果。"
        }
    ]
}