{
    "image_id": "07_0621_165511.jpg",
    "annotations": [
        {
            "category": "半熟桃子",
            "bbox": [
                376.0,
                507.0,
                266.0,
                259.0
            ],
            "caption": "在采摘时，尽量采用环保的方式，减少对自然资源的消耗，例如使用可降解材料制作的采摘袋。\n摘取那些挂在枝头、颜色达到巅峰且稍微柔软的未熟绿色桃子串，确保每颗都是最佳品质。\n对于那些颜色和质地都表现出成熟特征的未熟绿色桃子，可以优先考虑用于加工产品。"
        },
        {
            "category": "半熟桃子",
            "bbox": [
                637.0,
                236.0,
                236.0,
                235.99999999999994
            ],
            "caption": "在采摘时，尽量采用环保的方式，减少对自然资源的消耗，例如使用可降解材料制作的采摘袋。\n摘取那些挂在枝头、颜色达到巅峰且稍微柔软的未熟绿色桃子串，确保每颗都是最佳品质。\n对于那些颜色和质地都表现出成熟特征的未熟绿色桃子，可以优先考虑用于加工产品。"
        },
        {
            "category": "半熟桃子",
            "bbox": [
                279.0,
                137.0,
                287.0,
                286.99999999999994
            ],
            "caption": "在采摘时，尽量采用环保的方式，减少对自然资源的消耗，例如使用可降解材料制作的采摘袋。\n摘取那些挂在枝头、颜色达到巅峰且稍微柔软的未熟绿色桃子串，确保每颗都是最佳品质。\n对于那些颜色和质地都表现出成熟特征的未熟绿色桃子，可以优先考虑用于加工产品。"
        }
    ]
}