{
    "image_id": "07_0611_161256.jpg",
    "annotations": [
        {
            "category": "半熟桃子",
            "bbox": [
                362.0,
                43.99999999999997,
                325.0,
                321.0
            ],
            "caption": "当您发现未熟绿色桃子的颜色和质地都达到了理想状态时，就可以准备采摘了。\n对于那些颜色和质地都表现出成熟特征的未熟绿色桃子，可以优先考虑用于出口。\n在采摘未熟绿色桃子时，请确保每个工人负责的区域清晰明确。"
        },
        {
            "category": "半熟桃子",
            "bbox": [
                440.0,
                389.0,
                297.0,
                294.0
            ],
            "caption": "当您发现未熟绿色桃子的颜色和质地都达到了理想状态时，就可以准备采摘了。\n对于那些颜色和质地都表现出成熟特征的未熟绿色桃子，可以优先考虑用于出口。\n在采摘未熟绿色桃子时，请确保每个工人负责的区域清晰明确。"
        },
        {
            "category": "半熟桃子",
            "bbox": [
                660.0,
                589.0,
                202.0,
                164.0
            ],
            "caption": "当您发现未熟绿色桃子的颜色和质地都达到了理想状态时，就可以准备采摘了。\n对于那些颜色和质地都表现出成熟特征的未熟绿色桃子，可以优先考虑用于出口。\n在采摘未熟绿色桃子时，请确保每个工人负责的区域清晰明确。"
        }
    ]
}