{
    "image_id": "07_0611_161541.jpg",
    "annotations": [
        {
            "category": "全熟桃子",
            "bbox": [
                649.0,
                141.0,
                217.0,
                227.0
            ],
            "caption": "对于那些生长在复杂地形或特殊位置的半熟桃子，可能需要额外的帮助或工具才能顺利采摘。\n如果有多个工人一起工作，可以分配不同的区域，确保每个角落的半熟桃子都能得到适当的照顾。\n避免在强风或雨天采摘半熟桃子，以免影响果实品质。\n在采摘未熟绿色桃子时，请确保所有采摘下的果实都没有受到任何损害。\n当您发现未熟绿色桃子的颜色和质地都符合预期时，就可以准备采摘了。\n尽量保持对细节的关注，即使是微小的变化也可能影响到最终的采摘效果。\n对于那些颜色和质地都表现出成熟特征的未熟绿色桃子，可以优先考虑用于制作果酱等衍生产品。"
        },
        {
            "category": "全熟桃子",
            "bbox": [
                445.0,
                318.0,
                227.0,
                225.0
            ],
            "caption": "对于那些生长在复杂地形或特殊位置的半熟桃子，可能需要额外的帮助或工具才能顺利采摘。\n如果有多个工人一起工作，可以分配不同的区域，确保每个角落的半熟桃子都能得到适当的照顾。\n避免在强风或雨天采摘半熟桃子，以免影响果实品质。\n在采摘未熟绿色桃子时，请确保所有采摘下的果实都没有受到任何损害。\n当您发现未熟绿色桃子的颜色和质地都符合预期时，就可以准备采摘了。\n尽量保持对细节的关注，即使是微小的变化也可能影响到最终的采摘效果。\n对于那些颜色和质地都表现出成熟特征的未熟绿色桃子，可以优先考虑用于制作果酱等衍生产品。"
        },
        {
            "category": "全熟桃子",
            "bbox": [
                609.0,
                465.99999999999994,
                215.0,
                219.00000000000006
            ],
            "caption": "对于那些生长在复杂地形或特殊位置的半熟桃子，可能需要额外的帮助或工具才能顺利采摘。\n如果有多个工人一起工作，可以分配不同的区域，确保每个角落的半熟桃子都能得到适当的照顾。\n避免在强风或雨天采摘半熟桃子，以免影响果实品质。\n在采摘未熟绿色桃子时，请确保所有采摘下的果实都没有受到任何损害。\n当您发现未熟绿色桃子的颜色和质地都符合预期时，就可以准备采摘了。\n尽量保持对细节的关注，即使是微小的变化也可能影响到最终的采摘效果。\n对于那些颜色和质地都表现出成熟特征的未熟绿色桃子，可以优先考虑用于制作果酱等衍生产品。"
        },
        {
            "category": "半熟桃子",
            "bbox": [
                653.0,
                322.0,
                126.0,
                152.0
            ],
            "caption": "对于那些生长在复杂地形或特殊位置的半熟桃子，可能需要额外的帮助或工具才能顺利采摘。\n如果有多个工人一起工作，可以分配不同的区域，确保每个角落的半熟桃子都能得到适当的照顾。\n避免在强风或雨天采摘半熟桃子，以免影响果实品质。\n在采摘未熟绿色桃子时，请确保所有采摘下的果实都没有受到任何损害。\n当您发现未熟绿色桃子的颜色和质地都符合预期时，就可以准备采摘了。\n尽量保持对细节的关注，即使是微小的变化也可能影响到最终的采摘效果。\n对于那些颜色和质地都表现出成熟特征的未熟绿色桃子，可以优先考虑用于制作果酱等衍生产品。"
        },
        {
            "category": "半熟桃子",
            "bbox": [
                462.0,
                527.0,
                161.0,
                168.0
            ],
            "caption": "对于那些生长在复杂地形或特殊位置的半熟桃子，可能需要额外的帮助或工具才能顺利采摘。\n如果有多个工人一起工作，可以分配不同的区域，确保每个角落的半熟桃子都能得到适当的照顾。\n避免在强风或雨天采摘半熟桃子，以免影响果实品质。\n在采摘未熟绿色桃子时，请确保所有采摘下的果实都没有受到任何损害。\n当您发现未熟绿色桃子的颜色和质地都符合预期时，就可以准备采摘了。\n尽量保持对细节的关注，即使是微小的变化也可能影响到最终的采摘效果。\n对于那些颜色和质地都表现出成熟特征的未熟绿色桃子，可以优先考虑用于制作果酱等衍生产品。"
        },
        {
            "category": "半熟桃子",
            "bbox": [
                1004.0,
                89.99999999999999,
                19.0,
                91.99999999999999
            ],
            "caption": "对于那些生长在复杂地形或特殊位置的半熟桃子，可能需要额外的帮助或工具才能顺利采摘。\n如果有多个工人一起工作，可以分配不同的区域，确保每个角落的半熟桃子都能得到适当的照顾。\n避免在强风或雨天采摘半熟桃子，以免影响果实品质。\n在采摘未熟绿色桃子时，请确保所有采摘下的果实都没有受到任何损害。\n当您发现未熟绿色桃子的颜色和质地都符合预期时，就可以准备采摘了。\n尽量保持对细节的关注，即使是微小的变化也可能影响到最终的采摘效果。\n对于那些颜色和质地都表现出成熟特征的未熟绿色桃子，可以优先考虑用于制作果酱等衍生产品。"
        },
        {
            "category": "半熟桃子",
            "bbox": [
                856.0,
                165.0,
                34.0,
                33.0
            ],
            "caption": "对于那些生长在复杂地形或特殊位置的半熟桃子，可能需要额外的帮助或工具才能顺利采摘。\n如果有多个工人一起工作，可以分配不同的区域，确保每个角落的半熟桃子都能得到适当的照顾。\n避免在强风或雨天采摘半熟桃子，以免影响果实品质。\n在采摘未熟绿色桃子时，请确保所有采摘下的果实都没有受到任何损害。\n当您发现未熟绿色桃子的颜色和质地都符合预期时，就可以准备采摘了。\n尽量保持对细节的关注，即使是微小的变化也可能影响到最终的采摘效果。\n对于那些颜色和质地都表现出成熟特征的未熟绿色桃子，可以优先考虑用于制作果酱等衍生产品。"
        }
    ]
}