{
    "image_id": "07_0530_160851.jpg",
    "annotations": [
        {
            "category": "半熟桃子",
            "bbox": [
                493.0,
                285.0,
                196.0,
                183.0
            ],
            "caption": "如果未熟绿色桃子的颜色和质地都表明它已经成熟，那么就可以放心地采摘了。\n在处理那些靠近地面或容易受到病虫害影响的未熟绿色桃子时，要格外小心，优先选择健康无损的未熟绿色桃子进行采摘。\n当您发现未熟绿色桃子的颜色和质地都达到了理想状态时，就可以准备采摘了。"
        },
        {
            "category": "半熟桃子",
            "bbox": [
                0.0,
                465.0,
                189.0,
                276.0
            ],
            "caption": "如果未熟绿色桃子的颜色和质地都表明它已经成熟，那么就可以放心地采摘了。\n在处理那些靠近地面或容易受到病虫害影响的未熟绿色桃子时，要格外小心，优先选择健康无损的未熟绿色桃子进行采摘。\n当您发现未熟绿色桃子的颜色和质地都达到了理想状态时，就可以准备采摘了。"
        },
        {
            "category": "半熟桃子",
            "bbox": [
                799.0,
                704.0,
                62.0,
                62.0
            ],
            "caption": "如果未熟绿色桃子的颜色和质地都表明它已经成熟，那么就可以放心地采摘了。\n在处理那些靠近地面或容易受到病虫害影响的未熟绿色桃子时，要格外小心，优先选择健康无损的未熟绿色桃子进行采摘。\n当您发现未熟绿色桃子的颜色和质地都达到了理想状态时，就可以准备采摘了。"
        }
    ]
}