{
    "image_id": "07_0530_160358.jpg",
    "annotations": [
        {
            "category": "半熟桃子",
            "bbox": [
                324.0,
                398.0,
                276.0,
                264.0
            ],
            "caption": "每天早晨是采摘未熟绿色桃子的最佳时间，此时温度较低，有利于保持果实的新鲜度。\n如果发现未熟绿色桃子上有害虫迹象，请及时采取措施，如隔离或使用生物防治。\n当未熟绿色桃子的颜色和香气都达到顶峰时，就是采摘的最佳时刻。\n在采摘未熟绿色桃子时，请确保每个工人负责的区域清晰明确。\n当您发现未熟绿色桃子的颜色和质地都表现出良好的成熟特征时，就可以准备采摘了。"
        },
        {
            "category": "半熟桃子",
            "bbox": [
                794.0,
                160.0,
                170.0,
                232.0
            ],
            "caption": "每天早晨是采摘未熟绿色桃子的最佳时间，此时温度较低，有利于保持果实的新鲜度。\n如果发现未熟绿色桃子上有害虫迹象，请及时采取措施，如隔离或使用生物防治。\n当未熟绿色桃子的颜色和香气都达到顶峰时，就是采摘的最佳时刻。\n在采摘未熟绿色桃子时，请确保每个工人负责的区域清晰明确。\n当您发现未熟绿色桃子的颜色和质地都表现出良好的成熟特征时，就可以准备采摘了。"
        },
        {
            "category": "半熟桃子",
            "bbox": [
                597.0,
                369.0,
                163.0,
                199.0
            ],
            "caption": "每天早晨是采摘未熟绿色桃子的最佳时间，此时温度较低，有利于保持果实的新鲜度。\n如果发现未熟绿色桃子上有害虫迹象，请及时采取措施，如隔离或使用生物防治。\n当未熟绿色桃子的颜色和香气都达到顶峰时，就是采摘的最佳时刻。\n在采摘未熟绿色桃子时，请确保每个工人负责的区域清晰明确。\n当您发现未熟绿色桃子的颜色和质地都表现出良好的成熟特征时，就可以准备采摘了。"
        },
        {
            "category": "半熟桃子",
            "bbox": [
                783.0,
                0.0,
                108.0,
                136.0
            ],
            "caption": "每天早晨是采摘未熟绿色桃子的最佳时间，此时温度较低，有利于保持果实的新鲜度。\n如果发现未熟绿色桃子上有害虫迹象，请及时采取措施，如隔离或使用生物防治。\n当未熟绿色桃子的颜色和香气都达到顶峰时，就是采摘的最佳时刻。\n在采摘未熟绿色桃子时，请确保每个工人负责的区域清晰明确。\n当您发现未熟绿色桃子的颜色和质地都表现出良好的成熟特征时，就可以准备采摘了。"
        },
        {
            "category": "半熟桃子",
            "bbox": [
                774.0,
                84.0,
                99.0,
                87.0
            ],
            "caption": "每天早晨是采摘未熟绿色桃子的最佳时间，此时温度较低，有利于保持果实的新鲜度。\n如果发现未熟绿色桃子上有害虫迹象，请及时采取措施，如隔离或使用生物防治。\n当未熟绿色桃子的颜色和香气都达到顶峰时，就是采摘的最佳时刻。\n在采摘未熟绿色桃子时，请确保每个工人负责的区域清晰明确。\n当您发现未熟绿色桃子的颜色和质地都表现出良好的成熟特征时，就可以准备采摘了。"
        }
    ]
}